ISO-10303-21;
HEADER;
/* Generated by software containing ST-Developer
 * from STEP Tools, Inc. (www.steptools.com) 
 */

FILE_DESCRIPTION(
/* description */ (''),
/* implementation_level */ '2;1');

FILE_NAME(
/* name */ 'RefFeeder_8mm_0.35mm_6X.step',
/* time_stamp */ '2026-07-29T16:41:30-06:00',
/* author */ (''),
/* organization */ (''),
/* preprocessor_version */ 'ST-DEVELOPER v20.1',
/* originating_system */ 'Autodesk Translation Framework v15.8.0.0',
/* authorisation */ '');

FILE_SCHEMA (('AUTOMOTIVE_DESIGN { 1 0 10303 214 3 1 1 }'));
ENDSEC;

DATA;
#10=MECHANICAL_DESIGN_GEOMETRIC_PRESENTATION_REPRESENTATION('',(#13),#8908);
#11=SHAPE_REPRESENTATION_RELATIONSHIP('SRR','None',#8915,#12);
#12=ADVANCED_BREP_SHAPE_REPRESENTATION('',(#14),#8907);
#13=STYLED_ITEM('',(#8924),#14);
#14=MANIFOLD_SOLID_BREP('RefFeeder_8mm_0.35mm_6X',#5588);
#15=ELLIPSE('',#5609,5.99999973867814,3.);
#16=ELLIPSE('',#5631,5.99999973867814,3.);
#17=ELLIPSE('',#5649,5.99999973867814,3.);
#18=ELLIPSE('',#5660,5.99999973867814,3.);
#19=ELLIPSE('',#5670,5.99999973867814,3.);
#20=ELLIPSE('',#5681,5.99999973867814,3.);
#21=ELLIPSE('',#5691,5.99999973867814,3.);
#22=ELLIPSE('',#5702,5.99999973867814,3.);
#23=ELLIPSE('',#5712,5.99999973867814,3.);
#24=ELLIPSE('',#5723,5.99999973867814,3.);
#25=ELLIPSE('',#5733,5.99999973867814,3.);
#26=ELLIPSE('',#5744,5.99999973867814,3.);
#27=ELLIPSE('',#5754,5.99999973867814,3.);
#28=ELLIPSE('',#5766,5.99999973867814,3.);
#29=CYLINDRICAL_SURFACE('',#5608,3.);
#30=CYLINDRICAL_SURFACE('',#5619,1.8);
#31=CYLINDRICAL_SURFACE('',#5630,3.);
#32=CYLINDRICAL_SURFACE('',#5641,1.8);
#33=CYLINDRICAL_SURFACE('',#5648,3.);
#34=CYLINDRICAL_SURFACE('',#5651,1.8);
#35=CYLINDRICAL_SURFACE('',#5659,3.);
#36=CYLINDRICAL_SURFACE('',#5662,1.8);
#37=CYLINDRICAL_SURFACE('',#5669,3.);
#38=CYLINDRICAL_SURFACE('',#5672,1.8);
#39=CYLINDRICAL_SURFACE('',#5680,3.);
#40=CYLINDRICAL_SURFACE('',#5683,1.8);
#41=CYLINDRICAL_SURFACE('',#5690,3.);
#42=CYLINDRICAL_SURFACE('',#5693,1.8);
#43=CYLINDRICAL_SURFACE('',#5701,3.);
#44=CYLINDRICAL_SURFACE('',#5704,1.8);
#45=CYLINDRICAL_SURFACE('',#5711,3.);
#46=CYLINDRICAL_SURFACE('',#5714,1.8);
#47=CYLINDRICAL_SURFACE('',#5722,3.);
#48=CYLINDRICAL_SURFACE('',#5725,1.8);
#49=CYLINDRICAL_SURFACE('',#5732,3.);
#50=CYLINDRICAL_SURFACE('',#5735,1.8);
#51=CYLINDRICAL_SURFACE('',#5743,3.);
#52=CYLINDRICAL_SURFACE('',#5746,1.8);
#53=CYLINDRICAL_SURFACE('',#5753,3.);
#54=CYLINDRICAL_SURFACE('',#5757,1.8);
#55=CYLINDRICAL_SURFACE('',#5765,3.);
#56=CYLINDRICAL_SURFACE('',#5769,1.8);
#57=FACE_BOUND('',#397,.T.);
#58=FACE_BOUND('',#406,.T.);
#59=FACE_BOUND('',#420,.T.);
#60=FACE_BOUND('',#427,.T.);
#61=FACE_BOUND('',#437,.T.);
#62=FACE_BOUND('',#444,.T.);
#63=FACE_BOUND('',#454,.T.);
#64=FACE_BOUND('',#461,.T.);
#65=FACE_BOUND('',#471,.T.);
#66=FACE_BOUND('',#478,.T.);
#67=FACE_BOUND('',#488,.T.);
#68=FACE_BOUND('',#495,.T.);
#69=FACE_BOUND('',#505,.T.);
#70=FACE_BOUND('',#513,.T.);
#71=FACE_BOUND('',#675,.T.);
#72=FACE_BOUND('',#676,.T.);
#73=FACE_BOUND('',#677,.T.);
#74=FACE_BOUND('',#678,.T.);
#75=FACE_BOUND('',#679,.T.);
#76=FACE_BOUND('',#680,.T.);
#77=FACE_BOUND('',#681,.T.);
#78=FACE_BOUND('',#682,.T.);
#79=FACE_BOUND('',#683,.T.);
#80=FACE_BOUND('',#684,.T.);
#81=FACE_BOUND('',#685,.T.);
#82=FACE_BOUND('',#686,.T.);
#83=FACE_BOUND('',#687,.T.);
#84=FACE_BOUND('',#688,.T.);
#85=CIRCLE('',#5605,1.8);
#86=CIRCLE('',#5610,3.);
#87=CIRCLE('',#5612,3.);
#88=CIRCLE('',#5613,3.);
#89=CIRCLE('',#5614,3.);
#90=CIRCLE('',#5615,3.);
#91=CIRCLE('',#5616,3.);
#92=CIRCLE('',#5617,3.);
#93=CIRCLE('',#5620,1.8);
#94=CIRCLE('',#5623,1.8);
#95=CIRCLE('',#5632,3.);
#96=CIRCLE('',#5634,3.);
#97=CIRCLE('',#5635,3.);
#98=CIRCLE('',#5636,3.);
#99=CIRCLE('',#5637,3.);
#100=CIRCLE('',#5638,3.);
#101=CIRCLE('',#5639,3.);
#102=CIRCLE('',#5642,1.8);
#103=CIRCLE('',#5646,1.8);
#104=CIRCLE('',#5652,1.8);
#105=CIRCLE('',#5655,1.8);
#106=CIRCLE('',#5663,1.8);
#107=CIRCLE('',#5667,1.8);
#108=CIRCLE('',#5673,1.8);
#109=CIRCLE('',#5676,1.8);
#110=CIRCLE('',#5684,1.8);
#111=CIRCLE('',#5688,1.8);
#112=CIRCLE('',#5694,1.8);
#113=CIRCLE('',#5697,1.8);
#114=CIRCLE('',#5705,1.8);
#115=CIRCLE('',#5709,1.8);
#116=CIRCLE('',#5715,1.8);
#117=CIRCLE('',#5718,1.8);
#118=CIRCLE('',#5726,1.8);
#119=CIRCLE('',#5730,1.8);
#120=CIRCLE('',#5736,1.8);
#121=CIRCLE('',#5739,1.8);
#122=CIRCLE('',#5747,1.8);
#123=CIRCLE('',#5751,1.8);
#124=CIRCLE('',#5758,1.8);
#125=CIRCLE('',#5761,1.8);
#126=CIRCLE('',#5770,1.8);
#127=FACE_OUTER_BOUND('',#394,.T.);
#128=FACE_OUTER_BOUND('',#395,.T.);
#129=FACE_OUTER_BOUND('',#396,.T.);
#130=FACE_OUTER_BOUND('',#398,.T.);
#131=FACE_OUTER_BOUND('',#399,.T.);
#132=FACE_OUTER_BOUND('',#400,.T.);
#133=FACE_OUTER_BOUND('',#401,.T.);
#134=FACE_OUTER_BOUND('',#402,.T.);
#135=FACE_OUTER_BOUND('',#403,.T.);
#136=FACE_OUTER_BOUND('',#404,.T.);
#137=FACE_OUTER_BOUND('',#405,.T.);
#138=FACE_OUTER_BOUND('',#407,.T.);
#139=FACE_OUTER_BOUND('',#408,.T.);
#140=FACE_OUTER_BOUND('',#409,.T.);
#141=FACE_OUTER_BOUND('',#410,.T.);
#142=FACE_OUTER_BOUND('',#411,.T.);
#143=FACE_OUTER_BOUND('',#412,.T.);
#144=FACE_OUTER_BOUND('',#413,.T.);
#145=FACE_OUTER_BOUND('',#414,.T.);
#146=FACE_OUTER_BOUND('',#415,.T.);
#147=FACE_OUTER_BOUND('',#416,.T.);
#148=FACE_OUTER_BOUND('',#417,.T.);
#149=FACE_OUTER_BOUND('',#418,.T.);
#150=FACE_OUTER_BOUND('',#419,.T.);
#151=FACE_OUTER_BOUND('',#421,.T.);
#152=FACE_OUTER_BOUND('',#422,.T.);
#153=FACE_OUTER_BOUND('',#423,.T.);
#154=FACE_OUTER_BOUND('',#424,.T.);
#155=FACE_OUTER_BOUND('',#425,.T.);
#156=FACE_OUTER_BOUND('',#426,.T.);
#157=FACE_OUTER_BOUND('',#428,.T.);
#158=FACE_OUTER_BOUND('',#429,.T.);
#159=FACE_OUTER_BOUND('',#430,.T.);
#160=FACE_OUTER_BOUND('',#431,.T.);
#161=FACE_OUTER_BOUND('',#432,.T.);
#162=FACE_OUTER_BOUND('',#433,.T.);
#163=FACE_OUTER_BOUND('',#434,.T.);
#164=FACE_OUTER_BOUND('',#435,.T.);
#165=FACE_OUTER_BOUND('',#436,.T.);
#166=FACE_OUTER_BOUND('',#438,.T.);
#167=FACE_OUTER_BOUND('',#439,.T.);
#168=FACE_OUTER_BOUND('',#440,.T.);
#169=FACE_OUTER_BOUND('',#441,.T.);
#170=FACE_OUTER_BOUND('',#442,.T.);
#171=FACE_OUTER_BOUND('',#443,.T.);
#172=FACE_OUTER_BOUND('',#445,.T.);
#173=FACE_OUTER_BOUND('',#446,.T.);
#174=FACE_OUTER_BOUND('',#447,.T.);
#175=FACE_OUTER_BOUND('',#448,.T.);
#176=FACE_OUTER_BOUND('',#449,.T.);
#177=FACE_OUTER_BOUND('',#450,.T.);
#178=FACE_OUTER_BOUND('',#451,.T.);
#179=FACE_OUTER_BOUND('',#452,.T.);
#180=FACE_OUTER_BOUND('',#453,.T.);
#181=FACE_OUTER_BOUND('',#455,.T.);
#182=FACE_OUTER_BOUND('',#456,.T.);
#183=FACE_OUTER_BOUND('',#457,.T.);
#184=FACE_OUTER_BOUND('',#458,.T.);
#185=FACE_OUTER_BOUND('',#459,.T.);
#186=FACE_OUTER_BOUND('',#460,.T.);
#187=FACE_OUTER_BOUND('',#462,.T.);
#188=FACE_OUTER_BOUND('',#463,.T.);
#189=FACE_OUTER_BOUND('',#464,.T.);
#190=FACE_OUTER_BOUND('',#465,.T.);
#191=FACE_OUTER_BOUND('',#466,.T.);
#192=FACE_OUTER_BOUND('',#467,.T.);
#193=FACE_OUTER_BOUND('',#468,.T.);
#194=FACE_OUTER_BOUND('',#469,.T.);
#195=FACE_OUTER_BOUND('',#470,.T.);
#196=FACE_OUTER_BOUND('',#472,.T.);
#197=FACE_OUTER_BOUND('',#473,.T.);
#198=FACE_OUTER_BOUND('',#474,.T.);
#199=FACE_OUTER_BOUND('',#475,.T.);
#200=FACE_OUTER_BOUND('',#476,.T.);
#201=FACE_OUTER_BOUND('',#477,.T.);
#202=FACE_OUTER_BOUND('',#479,.T.);
#203=FACE_OUTER_BOUND('',#480,.T.);
#204=FACE_OUTER_BOUND('',#481,.T.);
#205=FACE_OUTER_BOUND('',#482,.T.);
#206=FACE_OUTER_BOUND('',#483,.T.);
#207=FACE_OUTER_BOUND('',#484,.T.);
#208=FACE_OUTER_BOUND('',#485,.T.);
#209=FACE_OUTER_BOUND('',#486,.T.);
#210=FACE_OUTER_BOUND('',#487,.T.);
#211=FACE_OUTER_BOUND('',#489,.T.);
#212=FACE_OUTER_BOUND('',#490,.T.);
#213=FACE_OUTER_BOUND('',#491,.T.);
#214=FACE_OUTER_BOUND('',#492,.T.);
#215=FACE_OUTER_BOUND('',#493,.T.);
#216=FACE_OUTER_BOUND('',#494,.T.);
#217=FACE_OUTER_BOUND('',#496,.T.);
#218=FACE_OUTER_BOUND('',#497,.T.);
#219=FACE_OUTER_BOUND('',#498,.T.);
#220=FACE_OUTER_BOUND('',#499,.T.);
#221=FACE_OUTER_BOUND('',#500,.T.);
#222=FACE_OUTER_BOUND('',#501,.T.);
#223=FACE_OUTER_BOUND('',#502,.T.);
#224=FACE_OUTER_BOUND('',#503,.T.);
#225=FACE_OUTER_BOUND('',#504,.T.);
#226=FACE_OUTER_BOUND('',#506,.T.);
#227=FACE_OUTER_BOUND('',#507,.T.);
#228=FACE_OUTER_BOUND('',#508,.T.);
#229=FACE_OUTER_BOUND('',#509,.T.);
#230=FACE_OUTER_BOUND('',#510,.T.);
#231=FACE_OUTER_BOUND('',#511,.T.);
#232=FACE_OUTER_BOUND('',#512,.T.);
#233=FACE_OUTER_BOUND('',#514,.T.);
#234=FACE_OUTER_BOUND('',#515,.T.);
#235=FACE_OUTER_BOUND('',#516,.T.);
#236=FACE_OUTER_BOUND('',#517,.T.);
#237=FACE_OUTER_BOUND('',#518,.T.);
#238=FACE_OUTER_BOUND('',#519,.T.);
#239=FACE_OUTER_BOUND('',#520,.T.);
#240=FACE_OUTER_BOUND('',#521,.T.);
#241=FACE_OUTER_BOUND('',#522,.T.);
#242=FACE_OUTER_BOUND('',#523,.T.);
#243=FACE_OUTER_BOUND('',#524,.T.);
#244=FACE_OUTER_BOUND('',#525,.T.);
#245=FACE_OUTER_BOUND('',#526,.T.);
#246=FACE_OUTER_BOUND('',#527,.T.);
#247=FACE_OUTER_BOUND('',#528,.T.);
#248=FACE_OUTER_BOUND('',#529,.T.);
#249=FACE_OUTER_BOUND('',#530,.T.);
#250=FACE_OUTER_BOUND('',#531,.T.);
#251=FACE_OUTER_BOUND('',#532,.T.);
#252=FACE_OUTER_BOUND('',#533,.T.);
#253=FACE_OUTER_BOUND('',#534,.T.);
#254=FACE_OUTER_BOUND('',#535,.T.);
#255=FACE_OUTER_BOUND('',#536,.T.);
#256=FACE_OUTER_BOUND('',#537,.T.);
#257=FACE_OUTER_BOUND('',#538,.T.);
#258=FACE_OUTER_BOUND('',#539,.T.);
#259=FACE_OUTER_BOUND('',#540,.T.);
#260=FACE_OUTER_BOUND('',#541,.T.);
#261=FACE_OUTER_BOUND('',#542,.T.);
#262=FACE_OUTER_BOUND('',#543,.T.);
#263=FACE_OUTER_BOUND('',#544,.T.);
#264=FACE_OUTER_BOUND('',#545,.T.);
#265=FACE_OUTER_BOUND('',#546,.T.);
#266=FACE_OUTER_BOUND('',#547,.T.);
#267=FACE_OUTER_BOUND('',#548,.T.);
#268=FACE_OUTER_BOUND('',#549,.T.);
#269=FACE_OUTER_BOUND('',#550,.T.);
#270=FACE_OUTER_BOUND('',#551,.T.);
#271=FACE_OUTER_BOUND('',#552,.T.);
#272=FACE_OUTER_BOUND('',#553,.T.);
#273=FACE_OUTER_BOUND('',#554,.T.);
#274=FACE_OUTER_BOUND('',#555,.T.);
#275=FACE_OUTER_BOUND('',#556,.T.);
#276=FACE_OUTER_BOUND('',#557,.T.);
#277=FACE_OUTER_BOUND('',#558,.T.);
#278=FACE_OUTER_BOUND('',#559,.T.);
#279=FACE_OUTER_BOUND('',#560,.T.);
#280=FACE_OUTER_BOUND('',#561,.T.);
#281=FACE_OUTER_BOUND('',#562,.T.);
#282=FACE_OUTER_BOUND('',#563,.T.);
#283=FACE_OUTER_BOUND('',#564,.T.);
#284=FACE_OUTER_BOUND('',#565,.T.);
#285=FACE_OUTER_BOUND('',#566,.T.);
#286=FACE_OUTER_BOUND('',#567,.T.);
#287=FACE_OUTER_BOUND('',#568,.T.);
#288=FACE_OUTER_BOUND('',#569,.T.);
#289=FACE_OUTER_BOUND('',#570,.T.);
#290=FACE_OUTER_BOUND('',#571,.T.);
#291=FACE_OUTER_BOUND('',#572,.T.);
#292=FACE_OUTER_BOUND('',#573,.T.);
#293=FACE_OUTER_BOUND('',#574,.T.);
#294=FACE_OUTER_BOUND('',#575,.T.);
#295=FACE_OUTER_BOUND('',#576,.T.);
#296=FACE_OUTER_BOUND('',#577,.T.);
#297=FACE_OUTER_BOUND('',#578,.T.);
#298=FACE_OUTER_BOUND('',#579,.T.);
#299=FACE_OUTER_BOUND('',#580,.T.);
#300=FACE_OUTER_BOUND('',#581,.T.);
#301=FACE_OUTER_BOUND('',#582,.T.);
#302=FACE_OUTER_BOUND('',#583,.T.);
#303=FACE_OUTER_BOUND('',#584,.T.);
#304=FACE_OUTER_BOUND('',#585,.T.);
#305=FACE_OUTER_BOUND('',#586,.T.);
#306=FACE_OUTER_BOUND('',#587,.T.);
#307=FACE_OUTER_BOUND('',#588,.T.);
#308=FACE_OUTER_BOUND('',#589,.T.);
#309=FACE_OUTER_BOUND('',#590,.T.);
#310=FACE_OUTER_BOUND('',#591,.T.);
#311=FACE_OUTER_BOUND('',#592,.T.);
#312=FACE_OUTER_BOUND('',#593,.T.);
#313=FACE_OUTER_BOUND('',#594,.T.);
#314=FACE_OUTER_BOUND('',#595,.T.);
#315=FACE_OUTER_BOUND('',#596,.T.);
#316=FACE_OUTER_BOUND('',#597,.T.);
#317=FACE_OUTER_BOUND('',#598,.T.);
#318=FACE_OUTER_BOUND('',#599,.T.);
#319=FACE_OUTER_BOUND('',#600,.T.);
#320=FACE_OUTER_BOUND('',#601,.T.);
#321=FACE_OUTER_BOUND('',#602,.T.);
#322=FACE_OUTER_BOUND('',#603,.T.);
#323=FACE_OUTER_BOUND('',#604,.T.);
#324=FACE_OUTER_BOUND('',#605,.T.);
#325=FACE_OUTER_BOUND('',#606,.T.);
#326=FACE_OUTER_BOUND('',#607,.T.);
#327=FACE_OUTER_BOUND('',#608,.T.);
#328=FACE_OUTER_BOUND('',#609,.T.);
#329=FACE_OUTER_BOUND('',#610,.T.);
#330=FACE_OUTER_BOUND('',#611,.T.);
#331=FACE_OUTER_BOUND('',#612,.T.);
#332=FACE_OUTER_BOUND('',#613,.T.);
#333=FACE_OUTER_BOUND('',#614,.T.);
#334=FACE_OUTER_BOUND('',#615,.T.);
#335=FACE_OUTER_BOUND('',#616,.T.);
#336=FACE_OUTER_BOUND('',#617,.T.);
#337=FACE_OUTER_BOUND('',#618,.T.);
#338=FACE_OUTER_BOUND('',#619,.T.);
#339=FACE_OUTER_BOUND('',#620,.T.);
#340=FACE_OUTER_BOUND('',#621,.T.);
#341=FACE_OUTER_BOUND('',#622,.T.);
#342=FACE_OUTER_BOUND('',#623,.T.);
#343=FACE_OUTER_BOUND('',#624,.T.);
#344=FACE_OUTER_BOUND('',#625,.T.);
#345=FACE_OUTER_BOUND('',#626,.T.);
#346=FACE_OUTER_BOUND('',#627,.T.);
#347=FACE_OUTER_BOUND('',#628,.T.);
#348=FACE_OUTER_BOUND('',#629,.T.);
#349=FACE_OUTER_BOUND('',#630,.T.);
#350=FACE_OUTER_BOUND('',#631,.T.);
#351=FACE_OUTER_BOUND('',#632,.T.);
#352=FACE_OUTER_BOUND('',#633,.T.);
#353=FACE_OUTER_BOUND('',#634,.T.);
#354=FACE_OUTER_BOUND('',#635,.T.);
#355=FACE_OUTER_BOUND('',#636,.T.);
#356=FACE_OUTER_BOUND('',#637,.T.);
#357=FACE_OUTER_BOUND('',#638,.T.);
#358=FACE_OUTER_BOUND('',#639,.T.);
#359=FACE_OUTER_BOUND('',#640,.T.);
#360=FACE_OUTER_BOUND('',#641,.T.);
#361=FACE_OUTER_BOUND('',#642,.T.);
#362=FACE_OUTER_BOUND('',#643,.T.);
#363=FACE_OUTER_BOUND('',#644,.T.);
#364=FACE_OUTER_BOUND('',#645,.T.);
#365=FACE_OUTER_BOUND('',#646,.T.);
#366=FACE_OUTER_BOUND('',#647,.T.);
#367=FACE_OUTER_BOUND('',#648,.T.);
#368=FACE_OUTER_BOUND('',#649,.T.);
#369=FACE_OUTER_BOUND('',#650,.T.);
#370=FACE_OUTER_BOUND('',#651,.T.);
#371=FACE_OUTER_BOUND('',#652,.T.);
#372=FACE_OUTER_BOUND('',#653,.T.);
#373=FACE_OUTER_BOUND('',#654,.T.);
#374=FACE_OUTER_BOUND('',#655,.T.);
#375=FACE_OUTER_BOUND('',#656,.T.);
#376=FACE_OUTER_BOUND('',#657,.T.);
#377=FACE_OUTER_BOUND('',#658,.T.);
#378=FACE_OUTER_BOUND('',#659,.T.);
#379=FACE_OUTER_BOUND('',#660,.T.);
#380=FACE_OUTER_BOUND('',#661,.T.);
#381=FACE_OUTER_BOUND('',#662,.T.);
#382=FACE_OUTER_BOUND('',#663,.T.);
#383=FACE_OUTER_BOUND('',#664,.T.);
#384=FACE_OUTER_BOUND('',#665,.T.);
#385=FACE_OUTER_BOUND('',#666,.T.);
#386=FACE_OUTER_BOUND('',#667,.T.);
#387=FACE_OUTER_BOUND('',#668,.T.);
#388=FACE_OUTER_BOUND('',#669,.T.);
#389=FACE_OUTER_BOUND('',#670,.T.);
#390=FACE_OUTER_BOUND('',#671,.T.);
#391=FACE_OUTER_BOUND('',#672,.T.);
#392=FACE_OUTER_BOUND('',#673,.T.);
#393=FACE_OUTER_BOUND('',#674,.T.);
#394=EDGE_LOOP('',(#3492,#3493,#3494,#3495));
#395=EDGE_LOOP('',(#3496,#3497,#3498,#3499));
#396=EDGE_LOOP('',(#3500,#3501,#3502,#3503));
#397=EDGE_LOOP('',(#3504));
#398=EDGE_LOOP('',(#3505,#3506,#3507,#3508,#3509,#3510,#3511,#3512,#3513,
#3514,#3515,#3516,#3517,#3518,#3519,#3520,#3521,#3522,#3523,#3524,#3525,
#3526,#3527,#3528,#3529,#3530,#3531,#3532,#3533,#3534,#3535,#3536));
#399=EDGE_LOOP('',(#3537,#3538,#3539,#3540));
#400=EDGE_LOOP('',(#3541,#3542,#3543,#3544));
#401=EDGE_LOOP('',(#3545,#3546,#3547,#3548,#3549,#3550,#3551,#3552,#3553,
#3554,#3555,#3556,#3557,#3558,#3559,#3560,#3561,#3562));
#402=EDGE_LOOP('',(#3563,#3564,#3565,#3566));
#403=EDGE_LOOP('',(#3567,#3568,#3569,#3570));
#404=EDGE_LOOP('',(#3571,#3572,#3573,#3574,#3575));
#405=EDGE_LOOP('',(#3576,#3577,#3578,#3579));
#406=EDGE_LOOP('',(#3580));
#407=EDGE_LOOP('',(#3581,#3582,#3583,#3584,#3585));
#408=EDGE_LOOP('',(#3586,#3587,#3588,#3589));
#409=EDGE_LOOP('',(#3590,#3591,#3592,#3593));
#410=EDGE_LOOP('',(#3594,#3595,#3596,#3597,#3598,#3599,#3600,#3601,#3602,
#3603,#3604,#3605,#3606,#3607,#3608,#3609,#3610,#3611,#3612,#3613,#3614,
#3615,#3616,#3617,#3618,#3619,#3620,#3621,#3622,#3623,#3624,#3625));
#411=EDGE_LOOP('',(#3626,#3627,#3628,#3629));
#412=EDGE_LOOP('',(#3630,#3631,#3632,#3633));
#413=EDGE_LOOP('',(#3634,#3635,#3636,#3637));
#414=EDGE_LOOP('',(#3638,#3639,#3640,#3641,#3642,#3643,#3644,#3645,#3646,
#3647,#3648,#3649,#3650,#3651,#3652,#3653,#3654,#3655));
#415=EDGE_LOOP('',(#3656,#3657,#3658,#3659));
#416=EDGE_LOOP('',(#3660,#3661,#3662,#3663));
#417=EDGE_LOOP('',(#3664,#3665,#3666,#3667));
#418=EDGE_LOOP('',(#3668,#3669,#3670,#3671));
#419=EDGE_LOOP('',(#3672,#3673,#3674,#3675));
#420=EDGE_LOOP('',(#3676));
#421=EDGE_LOOP('',(#3677,#3678,#3679,#3680));
#422=EDGE_LOOP('',(#3681,#3682,#3683,#3684));
#423=EDGE_LOOP('',(#3685,#3686,#3687,#3688));
#424=EDGE_LOOP('',(#3689,#3690,#3691,#3692));
#425=EDGE_LOOP('',(#3693,#3694,#3695,#3696,#3697));
#426=EDGE_LOOP('',(#3698,#3699,#3700,#3701));
#427=EDGE_LOOP('',(#3702));
#428=EDGE_LOOP('',(#3703,#3704,#3705,#3706,#3707));
#429=EDGE_LOOP('',(#3708,#3709,#3710,#3711));
#430=EDGE_LOOP('',(#3712,#3713,#3714,#3715));
#431=EDGE_LOOP('',(#3716,#3717,#3718,#3719));
#432=EDGE_LOOP('',(#3720,#3721,#3722,#3723));
#433=EDGE_LOOP('',(#3724,#3725,#3726,#3727));
#434=EDGE_LOOP('',(#3728,#3729,#3730,#3731));
#435=EDGE_LOOP('',(#3732,#3733,#3734,#3735));
#436=EDGE_LOOP('',(#3736,#3737,#3738,#3739));
#437=EDGE_LOOP('',(#3740));
#438=EDGE_LOOP('',(#3741,#3742,#3743,#3744));
#439=EDGE_LOOP('',(#3745,#3746,#3747,#3748));
#440=EDGE_LOOP('',(#3749,#3750,#3751,#3752));
#441=EDGE_LOOP('',(#3753,#3754,#3755,#3756));
#442=EDGE_LOOP('',(#3757,#3758,#3759,#3760,#3761));
#443=EDGE_LOOP('',(#3762,#3763,#3764,#3765));
#444=EDGE_LOOP('',(#3766));
#445=EDGE_LOOP('',(#3767,#3768,#3769,#3770,#3771));
#446=EDGE_LOOP('',(#3772,#3773,#3774,#3775));
#447=EDGE_LOOP('',(#3776,#3777,#3778,#3779));
#448=EDGE_LOOP('',(#3780,#3781,#3782,#3783));
#449=EDGE_LOOP('',(#3784,#3785,#3786,#3787));
#450=EDGE_LOOP('',(#3788,#3789,#3790,#3791));
#451=EDGE_LOOP('',(#3792,#3793,#3794,#3795));
#452=EDGE_LOOP('',(#3796,#3797,#3798,#3799));
#453=EDGE_LOOP('',(#3800,#3801,#3802,#3803));
#454=EDGE_LOOP('',(#3804));
#455=EDGE_LOOP('',(#3805,#3806,#3807,#3808));
#456=EDGE_LOOP('',(#3809,#3810,#3811,#3812));
#457=EDGE_LOOP('',(#3813,#3814,#3815,#3816));
#458=EDGE_LOOP('',(#3817,#3818,#3819,#3820));
#459=EDGE_LOOP('',(#3821,#3822,#3823,#3824,#3825));
#460=EDGE_LOOP('',(#3826,#3827,#3828,#3829));
#461=EDGE_LOOP('',(#3830));
#462=EDGE_LOOP('',(#3831,#3832,#3833,#3834,#3835));
#463=EDGE_LOOP('',(#3836,#3837,#3838,#3839));
#464=EDGE_LOOP('',(#3840,#3841,#3842,#3843));
#465=EDGE_LOOP('',(#3844,#3845,#3846,#3847));
#466=EDGE_LOOP('',(#3848,#3849,#3850,#3851));
#467=EDGE_LOOP('',(#3852,#3853,#3854,#3855));
#468=EDGE_LOOP('',(#3856,#3857,#3858,#3859));
#469=EDGE_LOOP('',(#3860,#3861,#3862,#3863));
#470=EDGE_LOOP('',(#3864,#3865,#3866,#3867));
#471=EDGE_LOOP('',(#3868));
#472=EDGE_LOOP('',(#3869,#3870,#3871,#3872));
#473=EDGE_LOOP('',(#3873,#3874,#3875,#3876));
#474=EDGE_LOOP('',(#3877,#3878,#3879,#3880));
#475=EDGE_LOOP('',(#3881,#3882,#3883,#3884));
#476=EDGE_LOOP('',(#3885,#3886,#3887,#3888,#3889));
#477=EDGE_LOOP('',(#3890,#3891,#3892,#3893));
#478=EDGE_LOOP('',(#3894));
#479=EDGE_LOOP('',(#3895,#3896,#3897,#3898,#3899));
#480=EDGE_LOOP('',(#3900,#3901,#3902,#3903));
#481=EDGE_LOOP('',(#3904,#3905,#3906,#3907));
#482=EDGE_LOOP('',(#3908,#3909,#3910,#3911));
#483=EDGE_LOOP('',(#3912,#3913,#3914,#3915));
#484=EDGE_LOOP('',(#3916,#3917,#3918,#3919));
#485=EDGE_LOOP('',(#3920,#3921,#3922,#3923));
#486=EDGE_LOOP('',(#3924,#3925,#3926,#3927));
#487=EDGE_LOOP('',(#3928,#3929,#3930,#3931));
#488=EDGE_LOOP('',(#3932));
#489=EDGE_LOOP('',(#3933,#3934,#3935,#3936));
#490=EDGE_LOOP('',(#3937,#3938,#3939,#3940));
#491=EDGE_LOOP('',(#3941,#3942,#3943,#3944));
#492=EDGE_LOOP('',(#3945,#3946,#3947,#3948));
#493=EDGE_LOOP('',(#3949,#3950,#3951,#3952,#3953));
#494=EDGE_LOOP('',(#3954,#3955,#3956,#3957));
#495=EDGE_LOOP('',(#3958));
#496=EDGE_LOOP('',(#3959,#3960,#3961,#3962,#3963));
#497=EDGE_LOOP('',(#3964,#3965,#3966,#3967));
#498=EDGE_LOOP('',(#3968,#3969,#3970,#3971));
#499=EDGE_LOOP('',(#3972,#3973,#3974,#3975));
#500=EDGE_LOOP('',(#3976,#3977,#3978,#3979));
#501=EDGE_LOOP('',(#3980,#3981,#3982,#3983));
#502=EDGE_LOOP('',(#3984,#3985,#3986,#3987));
#503=EDGE_LOOP('',(#3988,#3989,#3990,#3991));
#504=EDGE_LOOP('',(#3992,#3993,#3994,#3995));
#505=EDGE_LOOP('',(#3996));
#506=EDGE_LOOP('',(#3997,#3998,#3999,#4000));
#507=EDGE_LOOP('',(#4001,#4002,#4003,#4004));
#508=EDGE_LOOP('',(#4005,#4006,#4007,#4008,#4009,#4010,#4011,#4012,#4013,
#4014,#4015,#4016,#4017,#4018,#4019,#4020,#4021,#4022));
#509=EDGE_LOOP('',(#4023,#4024,#4025,#4026,#4027));
#510=EDGE_LOOP('',(#4028,#4029,#4030,#4031));
#511=EDGE_LOOP('',(#4032,#4033,#4034,#4035,#4036));
#512=EDGE_LOOP('',(#4037,#4038,#4039,#4040));
#513=EDGE_LOOP('',(#4041));
#514=EDGE_LOOP('',(#4042,#4043,#4044,#4045,#4046));
#515=EDGE_LOOP('',(#4047,#4048,#4049,#4050));
#516=EDGE_LOOP('',(#4051,#4052,#4053,#4054));
#517=EDGE_LOOP('',(#4055,#4056,#4057,#4058));
#518=EDGE_LOOP('',(#4059,#4060,#4061,#4062,#4063,#4064,#4065,#4066,#4067,
#4068,#4069,#4070,#4071,#4072,#4073,#4074,#4075,#4076));
#519=EDGE_LOOP('',(#4077,#4078,#4079,#4080,#4081));
#520=EDGE_LOOP('',(#4082,#4083,#4084,#4085));
#521=EDGE_LOOP('',(#4086,#4087,#4088,#4089));
#522=EDGE_LOOP('',(#4090,#4091,#4092,#4093));
#523=EDGE_LOOP('',(#4094,#4095,#4096,#4097));
#524=EDGE_LOOP('',(#4098,#4099,#4100,#4101));
#525=EDGE_LOOP('',(#4102,#4103,#4104,#4105));
#526=EDGE_LOOP('',(#4106,#4107,#4108,#4109));
#527=EDGE_LOOP('',(#4110,#4111,#4112,#4113));
#528=EDGE_LOOP('',(#4114,#4115,#4116,#4117));
#529=EDGE_LOOP('',(#4118,#4119,#4120,#4121));
#530=EDGE_LOOP('',(#4122,#4123,#4124,#4125));
#531=EDGE_LOOP('',(#4126,#4127,#4128,#4129));
#532=EDGE_LOOP('',(#4130,#4131,#4132,#4133));
#533=EDGE_LOOP('',(#4134,#4135,#4136,#4137));
#534=EDGE_LOOP('',(#4138,#4139,#4140,#4141));
#535=EDGE_LOOP('',(#4142,#4143,#4144,#4145));
#536=EDGE_LOOP('',(#4146,#4147,#4148,#4149));
#537=EDGE_LOOP('',(#4150,#4151,#4152,#4153,#4154,#4155,#4156,#4157,#4158,
#4159,#4160,#4161,#4162,#4163,#4164,#4165,#4166,#4167,#4168,#4169,#4170,
#4171,#4172,#4173,#4174,#4175,#4176,#4177,#4178,#4179,#4180,#4181));
#538=EDGE_LOOP('',(#4182,#4183,#4184,#4185));
#539=EDGE_LOOP('',(#4186,#4187,#4188,#4189,#4190,#4191,#4192,#4193,#4194,
#4195,#4196,#4197,#4198,#4199,#4200,#4201,#4202,#4203,#4204,#4205,#4206,
#4207,#4208,#4209,#4210,#4211,#4212,#4213,#4214,#4215,#4216,#4217,#4218,
#4219,#4220,#4221,#4222,#4223,#4224,#4225,#4226,#4227,#4228,#4229,#4230,
#4231,#4232,#4233,#4234,#4235,#4236,#4237,#4238,#4239,#4240,#4241,#4242,
#4243,#4244,#4245,#4246,#4247,#4248,#4249,#4250,#4251,#4252,#4253,#4254,
#4255,#4256,#4257,#4258,#4259,#4260,#4261,#4262,#4263,#4264,#4265,#4266,
#4267,#4268,#4269,#4270,#4271,#4272,#4273,#4274,#4275,#4276,#4277,#4278,
#4279,#4280,#4281,#4282,#4283,#4284,#4285,#4286,#4287,#4288,#4289,#4290,
#4291,#4292,#4293,#4294,#4295,#4296,#4297));
#540=EDGE_LOOP('',(#4298,#4299,#4300,#4301));
#541=EDGE_LOOP('',(#4302,#4303,#4304,#4305));
#542=EDGE_LOOP('',(#4306,#4307,#4308,#4309,#4310,#4311,#4312,#4313,#4314,
#4315,#4316,#4317,#4318,#4319,#4320,#4321,#4322,#4323,#4324,#4325,#4326,
#4327,#4328,#4329,#4330,#4331,#4332,#4333,#4334,#4335,#4336,#4337,#4338,
#4339,#4340,#4341,#4342,#4343,#4344,#4345,#4346,#4347,#4348,#4349,#4350,
#4351,#4352,#4353,#4354,#4355,#4356,#4357,#4358,#4359,#4360,#4361,#4362,
#4363,#4364,#4365,#4366,#4367,#4368,#4369,#4370,#4371,#4372,#4373,#4374,
#4375,#4376,#4377,#4378,#4379,#4380,#4381,#4382,#4383,#4384,#4385,#4386,
#4387,#4388,#4389,#4390,#4391,#4392,#4393,#4394,#4395,#4396,#4397,#4398,
#4399,#4400,#4401,#4402,#4403,#4404,#4405,#4406,#4407,#4408,#4409,#4410,
#4411,#4412,#4413,#4414,#4415,#4416,#4417));
#543=EDGE_LOOP('',(#4418,#4419,#4420,#4421));
#544=EDGE_LOOP('',(#4422,#4423,#4424,#4425));
#545=EDGE_LOOP('',(#4426,#4427,#4428,#4429));
#546=EDGE_LOOP('',(#4430,#4431,#4432,#4433));
#547=EDGE_LOOP('',(#4434,#4435,#4436,#4437));
#548=EDGE_LOOP('',(#4438,#4439,#4440,#4441,#4442,#4443));
#549=EDGE_LOOP('',(#4444,#4445,#4446,#4447));
#550=EDGE_LOOP('',(#4448,#4449,#4450,#4451));
#551=EDGE_LOOP('',(#4452,#4453,#4454,#4455));
#552=EDGE_LOOP('',(#4456,#4457,#4458,#4459));
#553=EDGE_LOOP('',(#4460,#4461,#4462,#4463));
#554=EDGE_LOOP('',(#4464,#4465,#4466,#4467));
#555=EDGE_LOOP('',(#4468,#4469,#4470,#4471,#4472,#4473));
#556=EDGE_LOOP('',(#4474,#4475,#4476,#4477));
#557=EDGE_LOOP('',(#4478,#4479,#4480,#4481,#4482,#4483));
#558=EDGE_LOOP('',(#4484,#4485,#4486,#4487));
#559=EDGE_LOOP('',(#4488,#4489,#4490,#4491));
#560=EDGE_LOOP('',(#4492,#4493,#4494,#4495));
#561=EDGE_LOOP('',(#4496,#4497,#4498,#4499));
#562=EDGE_LOOP('',(#4500,#4501,#4502,#4503,#4504,#4505));
#563=EDGE_LOOP('',(#4506,#4507,#4508,#4509));
#564=EDGE_LOOP('',(#4510,#4511,#4512,#4513));
#565=EDGE_LOOP('',(#4514,#4515,#4516,#4517));
#566=EDGE_LOOP('',(#4518,#4519,#4520,#4521,#4522,#4523));
#567=EDGE_LOOP('',(#4524,#4525,#4526,#4527));
#568=EDGE_LOOP('',(#4528,#4529,#4530,#4531));
#569=EDGE_LOOP('',(#4532,#4533,#4534,#4535));
#570=EDGE_LOOP('',(#4536,#4537,#4538,#4539,#4540,#4541));
#571=EDGE_LOOP('',(#4542,#4543,#4544,#4545));
#572=EDGE_LOOP('',(#4546,#4547,#4548,#4549));
#573=EDGE_LOOP('',(#4550,#4551,#4552,#4553));
#574=EDGE_LOOP('',(#4554,#4555,#4556,#4557,#4558,#4559));
#575=EDGE_LOOP('',(#4560,#4561,#4562,#4563));
#576=EDGE_LOOP('',(#4564,#4565,#4566,#4567));
#577=EDGE_LOOP('',(#4568,#4569,#4570,#4571));
#578=EDGE_LOOP('',(#4572,#4573,#4574,#4575,#4576,#4577));
#579=EDGE_LOOP('',(#4578,#4579,#4580,#4581));
#580=EDGE_LOOP('',(#4582,#4583,#4584,#4585));
#581=EDGE_LOOP('',(#4586,#4587,#4588,#4589));
#582=EDGE_LOOP('',(#4590,#4591,#4592,#4593,#4594,#4595));
#583=EDGE_LOOP('',(#4596,#4597,#4598,#4599));
#584=EDGE_LOOP('',(#4600,#4601,#4602,#4603));
#585=EDGE_LOOP('',(#4604,#4605,#4606,#4607));
#586=EDGE_LOOP('',(#4608,#4609,#4610,#4611,#4612,#4613));
#587=EDGE_LOOP('',(#4614,#4615,#4616,#4617));
#588=EDGE_LOOP('',(#4618,#4619,#4620,#4621));
#589=EDGE_LOOP('',(#4622,#4623,#4624,#4625));
#590=EDGE_LOOP('',(#4626,#4627,#4628,#4629));
#591=EDGE_LOOP('',(#4630,#4631,#4632,#4633));
#592=EDGE_LOOP('',(#4634,#4635,#4636,#4637));
#593=EDGE_LOOP('',(#4638,#4639,#4640,#4641,#4642,#4643));
#594=EDGE_LOOP('',(#4644,#4645,#4646,#4647));
#595=EDGE_LOOP('',(#4648,#4649,#4650,#4651));
#596=EDGE_LOOP('',(#4652,#4653,#4654,#4655));
#597=EDGE_LOOP('',(#4656,#4657,#4658,#4659,#4660,#4661));
#598=EDGE_LOOP('',(#4662,#4663,#4664,#4665));
#599=EDGE_LOOP('',(#4666,#4667,#4668,#4669));
#600=EDGE_LOOP('',(#4670,#4671,#4672,#4673));
#601=EDGE_LOOP('',(#4674,#4675,#4676,#4677,#4678,#4679));
#602=EDGE_LOOP('',(#4680,#4681,#4682,#4683));
#603=EDGE_LOOP('',(#4684,#4685,#4686,#4687));
#604=EDGE_LOOP('',(#4688,#4689,#4690,#4691));
#605=EDGE_LOOP('',(#4692,#4693,#4694,#4695,#4696,#4697));
#606=EDGE_LOOP('',(#4698,#4699,#4700,#4701));
#607=EDGE_LOOP('',(#4702,#4703,#4704,#4705));
#608=EDGE_LOOP('',(#4706,#4707,#4708,#4709));
#609=EDGE_LOOP('',(#4710,#4711,#4712,#4713,#4714,#4715));
#610=EDGE_LOOP('',(#4716,#4717,#4718,#4719));
#611=EDGE_LOOP('',(#4720,#4721,#4722,#4723));
#612=EDGE_LOOP('',(#4724,#4725,#4726,#4727));
#613=EDGE_LOOP('',(#4728,#4729,#4730,#4731,#4732,#4733));
#614=EDGE_LOOP('',(#4734,#4735,#4736,#4737));
#615=EDGE_LOOP('',(#4738,#4739,#4740,#4741));
#616=EDGE_LOOP('',(#4742,#4743,#4744,#4745));
#617=EDGE_LOOP('',(#4746,#4747,#4748,#4749,#4750,#4751));
#618=EDGE_LOOP('',(#4752,#4753,#4754,#4755));
#619=EDGE_LOOP('',(#4756,#4757,#4758,#4759,#4760,#4761));
#620=EDGE_LOOP('',(#4762,#4763,#4764,#4765));
#621=EDGE_LOOP('',(#4766,#4767,#4768,#4769));
#622=EDGE_LOOP('',(#4770,#4771,#4772,#4773));
#623=EDGE_LOOP('',(#4774,#4775,#4776,#4777));
#624=EDGE_LOOP('',(#4778,#4779,#4780,#4781));
#625=EDGE_LOOP('',(#4782,#4783,#4784,#4785,#4786));
#626=EDGE_LOOP('',(#4787,#4788,#4789,#4790));
#627=EDGE_LOOP('',(#4791,#4792,#4793,#4794));
#628=EDGE_LOOP('',(#4795,#4796,#4797,#4798));
#629=EDGE_LOOP('',(#4799,#4800,#4801,#4802));
#630=EDGE_LOOP('',(#4803,#4804,#4805,#4806));
#631=EDGE_LOOP('',(#4807,#4808,#4809,#4810));
#632=EDGE_LOOP('',(#4811,#4812,#4813,#4814,#4815,#4816));
#633=EDGE_LOOP('',(#4817,#4818,#4819,#4820));
#634=EDGE_LOOP('',(#4821,#4822,#4823,#4824));
#635=EDGE_LOOP('',(#4825,#4826,#4827,#4828,#4829,#4830,#4831,#4832));
#636=EDGE_LOOP('',(#4833,#4834,#4835,#4836,#4837,#4838,#4839,#4840));
#637=EDGE_LOOP('',(#4841,#4842,#4843,#4844,#4845,#4846,#4847,#4848));
#638=EDGE_LOOP('',(#4849,#4850,#4851,#4852,#4853,#4854,#4855,#4856));
#639=EDGE_LOOP('',(#4857,#4858,#4859,#4860,#4861,#4862,#4863,#4864));
#640=EDGE_LOOP('',(#4865,#4866,#4867,#4868,#4869,#4870,#4871,#4872));
#641=EDGE_LOOP('',(#4873,#4874,#4875,#4876,#4877,#4878,#4879,#4880));
#642=EDGE_LOOP('',(#4881,#4882,#4883,#4884,#4885,#4886,#4887,#4888));
#643=EDGE_LOOP('',(#4889,#4890,#4891,#4892,#4893,#4894,#4895,#4896));
#644=EDGE_LOOP('',(#4897,#4898,#4899,#4900,#4901,#4902,#4903,#4904));
#645=EDGE_LOOP('',(#4905,#4906,#4907,#4908,#4909,#4910,#4911,#4912));
#646=EDGE_LOOP('',(#4913,#4914,#4915,#4916,#4917,#4918,#4919,#4920));
#647=EDGE_LOOP('',(#4921,#4922,#4923,#4924,#4925));
#648=EDGE_LOOP('',(#4926,#4927,#4928,#4929));
#649=EDGE_LOOP('',(#4930,#4931,#4932,#4933,#4934,#4935,#4936,#4937,#4938,
#4939,#4940,#4941,#4942,#4943,#4944,#4945,#4946,#4947,#4948,#4949,#4950,
#4951,#4952,#4953,#4954,#4955,#4956,#4957,#4958,#4959,#4960,#4961));
#650=EDGE_LOOP('',(#4962,#4963,#4964,#4965));
#651=EDGE_LOOP('',(#4966,#4967,#4968,#4969));
#652=EDGE_LOOP('',(#4970,#4971,#4972,#4973));
#653=EDGE_LOOP('',(#4974,#4975,#4976,#4977));
#654=EDGE_LOOP('',(#4978,#4979,#4980,#4981));
#655=EDGE_LOOP('',(#4982,#4983,#4984,#4985));
#656=EDGE_LOOP('',(#4986,#4987,#4988,#4989,#4990,#4991));
#657=EDGE_LOOP('',(#4992,#4993,#4994,#4995));
#658=EDGE_LOOP('',(#4996,#4997,#4998,#4999));
#659=EDGE_LOOP('',(#5000,#5001,#5002,#5003,#5004,#5005));
#660=EDGE_LOOP('',(#5006,#5007,#5008,#5009));
#661=EDGE_LOOP('',(#5010,#5011,#5012,#5013,#5014,#5015));
#662=EDGE_LOOP('',(#5016,#5017,#5018,#5019));
#663=EDGE_LOOP('',(#5020,#5021,#5022,#5023));
#664=EDGE_LOOP('',(#5024,#5025,#5026,#5027));
#665=EDGE_LOOP('',(#5028,#5029,#5030,#5031));
#666=EDGE_LOOP('',(#5032,#5033,#5034,#5035));
#667=EDGE_LOOP('',(#5036,#5037,#5038,#5039));
#668=EDGE_LOOP('',(#5040,#5041,#5042,#5043));
#669=EDGE_LOOP('',(#5044,#5045,#5046,#5047));
#670=EDGE_LOOP('',(#5048,#5049,#5050,#5051));
#671=EDGE_LOOP('',(#5052,#5053,#5054,#5055));
#672=EDGE_LOOP('',(#5056,#5057,#5058,#5059));
#673=EDGE_LOOP('',(#5060,#5061,#5062,#5063));
#674=EDGE_LOOP('',(#5064,#5065,#5066,#5067));
#675=EDGE_LOOP('',(#5068));
#676=EDGE_LOOP('',(#5069));
#677=EDGE_LOOP('',(#5070));
#678=EDGE_LOOP('',(#5071));
#679=EDGE_LOOP('',(#5072));
#680=EDGE_LOOP('',(#5073));
#681=EDGE_LOOP('',(#5074));
#682=EDGE_LOOP('',(#5075));
#683=EDGE_LOOP('',(#5076));
#684=EDGE_LOOP('',(#5077));
#685=EDGE_LOOP('',(#5078));
#686=EDGE_LOOP('',(#5079));
#687=EDGE_LOOP('',(#5080));
#688=EDGE_LOOP('',(#5081));
#689=LINE('',#7316,#1428);
#690=LINE('',#7318,#1429);
#691=LINE('',#7320,#1430);
#692=LINE('',#7321,#1431);
#693=LINE('',#7325,#1432);
#694=LINE('',#7327,#1433);
#695=LINE('',#7329,#1434);
#696=LINE('',#7330,#1435);
#697=LINE('',#7332,#1436);
#698=LINE('',#7333,#1437);
#699=LINE('',#7338,#1438);
#700=LINE('',#7340,#1439);
#701=LINE('',#7342,#1440);
#702=LINE('',#7344,#1441);
#703=LINE('',#7346,#1442);
#704=LINE('',#7348,#1443);
#705=LINE('',#7350,#1444);
#706=LINE('',#7352,#1445);
#707=LINE('',#7354,#1446);
#708=LINE('',#7356,#1447);
#709=LINE('',#7358,#1448);
#710=LINE('',#7360,#1449);
#711=LINE('',#7362,#1450);
#712=LINE('',#7364,#1451);
#713=LINE('',#7366,#1452);
#714=LINE('',#7368,#1453);
#715=LINE('',#7370,#1454);
#716=LINE('',#7372,#1455);
#717=LINE('',#7374,#1456);
#718=LINE('',#7376,#1457);
#719=LINE('',#7378,#1458);
#720=LINE('',#7380,#1459);
#721=LINE('',#7382,#1460);
#722=LINE('',#7384,#1461);
#723=LINE('',#7386,#1462);
#724=LINE('',#7388,#1463);
#725=LINE('',#7390,#1464);
#726=LINE('',#7392,#1465);
#727=LINE('',#7393,#1466);
#728=LINE('',#7396,#1467);
#729=LINE('',#7397,#1468);
#730=LINE('',#7403,#1469);
#731=LINE('',#7406,#1470);
#732=LINE('',#7409,#1471);
#733=LINE('',#7413,#1472);
#734=LINE('',#7417,#1473);
#735=LINE('',#7421,#1474);
#736=LINE('',#7425,#1475);
#737=LINE('',#7429,#1476);
#738=LINE('',#7433,#1477);
#739=LINE('',#7435,#1478);
#740=LINE('',#7437,#1479);
#741=LINE('',#7439,#1480);
#742=LINE('',#7440,#1481);
#743=LINE('',#7443,#1482);
#744=LINE('',#7444,#1483);
#745=LINE('',#7448,#1484);
#746=LINE('',#7452,#1485);
#747=LINE('',#7454,#1486);
#748=LINE('',#7456,#1487);
#749=LINE('',#7458,#1488);
#750=LINE('',#7459,#1489);
#751=LINE('',#7462,#1490);
#752=LINE('',#7464,#1491);
#753=LINE('',#7465,#1492);
#754=LINE('',#7470,#1493);
#755=LINE('',#7472,#1494);
#756=LINE('',#7474,#1495);
#757=LINE('',#7475,#1496);
#758=LINE('',#7478,#1497);
#759=LINE('',#7480,#1498);
#760=LINE('',#7481,#1499);
#761=LINE('',#7484,#1500);
#762=LINE('',#7486,#1501);
#763=LINE('',#7487,#1502);
#764=LINE('',#7490,#1503);
#765=LINE('',#7492,#1504);
#766=LINE('',#7494,#1505);
#767=LINE('',#7496,#1506);
#768=LINE('',#7498,#1507);
#769=LINE('',#7500,#1508);
#770=LINE('',#7502,#1509);
#771=LINE('',#7504,#1510);
#772=LINE('',#7506,#1511);
#773=LINE('',#7508,#1512);
#774=LINE('',#7510,#1513);
#775=LINE('',#7512,#1514);
#776=LINE('',#7514,#1515);
#777=LINE('',#7516,#1516);
#778=LINE('',#7518,#1517);
#779=LINE('',#7520,#1518);
#780=LINE('',#7522,#1519);
#781=LINE('',#7524,#1520);
#782=LINE('',#7526,#1521);
#783=LINE('',#7528,#1522);
#784=LINE('',#7530,#1523);
#785=LINE('',#7532,#1524);
#786=LINE('',#7534,#1525);
#787=LINE('',#7536,#1526);
#788=LINE('',#7538,#1527);
#789=LINE('',#7540,#1528);
#790=LINE('',#7542,#1529);
#791=LINE('',#7544,#1530);
#792=LINE('',#7545,#1531);
#793=LINE('',#7547,#1532);
#794=LINE('',#7549,#1533);
#795=LINE('',#7555,#1534);
#796=LINE('',#7558,#1535);
#797=LINE('',#7561,#1536);
#798=LINE('',#7565,#1537);
#799=LINE('',#7569,#1538);
#800=LINE('',#7573,#1539);
#801=LINE('',#7577,#1540);
#802=LINE('',#7581,#1541);
#803=LINE('',#7585,#1542);
#804=LINE('',#7587,#1543);
#805=LINE('',#7589,#1544);
#806=LINE('',#7591,#1545);
#807=LINE('',#7592,#1546);
#808=LINE('',#7595,#1547);
#809=LINE('',#7596,#1548);
#810=LINE('',#7600,#1549);
#811=LINE('',#7603,#1550);
#812=LINE('',#7604,#1551);
#813=LINE('',#7607,#1552);
#814=LINE('',#7609,#1553);
#815=LINE('',#7610,#1554);
#816=LINE('',#7612,#1555);
#817=LINE('',#7617,#1556);
#818=LINE('',#7618,#1557);
#819=LINE('',#7622,#1558);
#820=LINE('',#7625,#1559);
#821=LINE('',#7626,#1560);
#822=LINE('',#7630,#1561);
#823=LINE('',#7634,#1562);
#824=LINE('',#7636,#1563);
#825=LINE('',#7637,#1564);
#826=LINE('',#7638,#1565);
#827=LINE('',#7641,#1566);
#828=LINE('',#7642,#1567);
#829=LINE('',#7646,#1568);
#830=LINE('',#7649,#1569);
#831=LINE('',#7651,#1570);
#832=LINE('',#7652,#1571);
#833=LINE('',#7654,#1572);
#834=LINE('',#7658,#1573);
#835=LINE('',#7661,#1574);
#836=LINE('',#7662,#1575);
#837=LINE('',#7666,#1576);
#838=LINE('',#7669,#1577);
#839=LINE('',#7670,#1578);
#840=LINE('',#7673,#1579);
#841=LINE('',#7675,#1580);
#842=LINE('',#7676,#1581);
#843=LINE('',#7678,#1582);
#844=LINE('',#7683,#1583);
#845=LINE('',#7684,#1584);
#846=LINE('',#7688,#1585);
#847=LINE('',#7691,#1586);
#848=LINE('',#7692,#1587);
#849=LINE('',#7696,#1588);
#850=LINE('',#7700,#1589);
#851=LINE('',#7702,#1590);
#852=LINE('',#7703,#1591);
#853=LINE('',#7704,#1592);
#854=LINE('',#7707,#1593);
#855=LINE('',#7708,#1594);
#856=LINE('',#7712,#1595);
#857=LINE('',#7715,#1596);
#858=LINE('',#7717,#1597);
#859=LINE('',#7718,#1598);
#860=LINE('',#7720,#1599);
#861=LINE('',#7724,#1600);
#862=LINE('',#7727,#1601);
#863=LINE('',#7728,#1602);
#864=LINE('',#7732,#1603);
#865=LINE('',#7735,#1604);
#866=LINE('',#7736,#1605);
#867=LINE('',#7739,#1606);
#868=LINE('',#7741,#1607);
#869=LINE('',#7742,#1608);
#870=LINE('',#7744,#1609);
#871=LINE('',#7749,#1610);
#872=LINE('',#7750,#1611);
#873=LINE('',#7754,#1612);
#874=LINE('',#7757,#1613);
#875=LINE('',#7758,#1614);
#876=LINE('',#7762,#1615);
#877=LINE('',#7766,#1616);
#878=LINE('',#7768,#1617);
#879=LINE('',#7769,#1618);
#880=LINE('',#7770,#1619);
#881=LINE('',#7773,#1620);
#882=LINE('',#7774,#1621);
#883=LINE('',#7778,#1622);
#884=LINE('',#7781,#1623);
#885=LINE('',#7783,#1624);
#886=LINE('',#7784,#1625);
#887=LINE('',#7786,#1626);
#888=LINE('',#7790,#1627);
#889=LINE('',#7793,#1628);
#890=LINE('',#7794,#1629);
#891=LINE('',#7798,#1630);
#892=LINE('',#7801,#1631);
#893=LINE('',#7802,#1632);
#894=LINE('',#7805,#1633);
#895=LINE('',#7807,#1634);
#896=LINE('',#7808,#1635);
#897=LINE('',#7810,#1636);
#898=LINE('',#7815,#1637);
#899=LINE('',#7816,#1638);
#900=LINE('',#7820,#1639);
#901=LINE('',#7823,#1640);
#902=LINE('',#7824,#1641);
#903=LINE('',#7828,#1642);
#904=LINE('',#7832,#1643);
#905=LINE('',#7834,#1644);
#906=LINE('',#7835,#1645);
#907=LINE('',#7836,#1646);
#908=LINE('',#7839,#1647);
#909=LINE('',#7840,#1648);
#910=LINE('',#7844,#1649);
#911=LINE('',#7847,#1650);
#912=LINE('',#7849,#1651);
#913=LINE('',#7850,#1652);
#914=LINE('',#7852,#1653);
#915=LINE('',#7856,#1654);
#916=LINE('',#7859,#1655);
#917=LINE('',#7860,#1656);
#918=LINE('',#7864,#1657);
#919=LINE('',#7867,#1658);
#920=LINE('',#7868,#1659);
#921=LINE('',#7871,#1660);
#922=LINE('',#7873,#1661);
#923=LINE('',#7874,#1662);
#924=LINE('',#7876,#1663);
#925=LINE('',#7881,#1664);
#926=LINE('',#7882,#1665);
#927=LINE('',#7886,#1666);
#928=LINE('',#7889,#1667);
#929=LINE('',#7890,#1668);
#930=LINE('',#7894,#1669);
#931=LINE('',#7898,#1670);
#932=LINE('',#7900,#1671);
#933=LINE('',#7901,#1672);
#934=LINE('',#7902,#1673);
#935=LINE('',#7905,#1674);
#936=LINE('',#7906,#1675);
#937=LINE('',#7910,#1676);
#938=LINE('',#7913,#1677);
#939=LINE('',#7915,#1678);
#940=LINE('',#7916,#1679);
#941=LINE('',#7918,#1680);
#942=LINE('',#7922,#1681);
#943=LINE('',#7925,#1682);
#944=LINE('',#7926,#1683);
#945=LINE('',#7930,#1684);
#946=LINE('',#7933,#1685);
#947=LINE('',#7934,#1686);
#948=LINE('',#7937,#1687);
#949=LINE('',#7939,#1688);
#950=LINE('',#7940,#1689);
#951=LINE('',#7942,#1690);
#952=LINE('',#7947,#1691);
#953=LINE('',#7948,#1692);
#954=LINE('',#7952,#1693);
#955=LINE('',#7955,#1694);
#956=LINE('',#7956,#1695);
#957=LINE('',#7958,#1696);
#958=LINE('',#7959,#1697);
#959=LINE('',#7962,#1698);
#960=LINE('',#7963,#1699);
#961=LINE('',#7967,#1700);
#962=LINE('',#7971,#1701);
#963=LINE('',#7973,#1702);
#964=LINE('',#7974,#1703);
#965=LINE('',#7975,#1704);
#966=LINE('',#7978,#1705);
#967=LINE('',#7979,#1706);
#968=LINE('',#7983,#1707);
#969=LINE('',#7986,#1708);
#970=LINE('',#7988,#1709);
#971=LINE('',#7989,#1710);
#972=LINE('',#7991,#1711);
#973=LINE('',#7995,#1712);
#974=LINE('',#7998,#1713);
#975=LINE('',#7999,#1714);
#976=LINE('',#8001,#1715);
#977=LINE('',#8002,#1716);
#978=LINE('',#8005,#1717);
#979=LINE('',#8006,#1718);
#980=LINE('',#8010,#1719);
#981=LINE('',#8014,#1720);
#982=LINE('',#8016,#1721);
#983=LINE('',#8018,#1722);
#984=LINE('',#8019,#1723);
#985=LINE('',#8023,#1724);
#986=LINE('',#8025,#1725);
#987=LINE('',#8027,#1726);
#988=LINE('',#8028,#1727);
#989=LINE('',#8030,#1728);
#990=LINE('',#8031,#1729);
#991=LINE('',#8035,#1730);
#992=LINE('',#8037,#1731);
#993=LINE('',#8039,#1732);
#994=LINE('',#8040,#1733);
#995=LINE('',#8044,#1734);
#996=LINE('',#8046,#1735);
#997=LINE('',#8048,#1736);
#998=LINE('',#8049,#1737);
#999=LINE('',#8051,#1738);
#1000=LINE('',#8052,#1739);
#1001=LINE('',#8056,#1740);
#1002=LINE('',#8058,#1741);
#1003=LINE('',#8060,#1742);
#1004=LINE('',#8061,#1743);
#1005=LINE('',#8065,#1744);
#1006=LINE('',#8067,#1745);
#1007=LINE('',#8069,#1746);
#1008=LINE('',#8070,#1747);
#1009=LINE('',#8074,#1748);
#1010=LINE('',#8076,#1749);
#1011=LINE('',#8078,#1750);
#1012=LINE('',#8079,#1751);
#1013=LINE('',#8083,#1752);
#1014=LINE('',#8085,#1753);
#1015=LINE('',#8087,#1754);
#1016=LINE('',#8088,#1755);
#1017=LINE('',#8092,#1756);
#1018=LINE('',#8094,#1757);
#1019=LINE('',#8096,#1758);
#1020=LINE('',#8097,#1759);
#1021=LINE('',#8101,#1760);
#1022=LINE('',#8103,#1761);
#1023=LINE('',#8105,#1762);
#1024=LINE('',#8106,#1763);
#1025=LINE('',#8108,#1764);
#1026=LINE('',#8109,#1765);
#1027=LINE('',#8113,#1766);
#1028=LINE('',#8115,#1767);
#1029=LINE('',#8117,#1768);
#1030=LINE('',#8118,#1769);
#1031=LINE('',#8122,#1770);
#1032=LINE('',#8124,#1771);
#1033=LINE('',#8126,#1772);
#1034=LINE('',#8127,#1773);
#1035=LINE('',#8129,#1774);
#1036=LINE('',#8130,#1775);
#1037=LINE('',#8133,#1776);
#1038=LINE('',#8135,#1777);
#1039=LINE('',#8136,#1778);
#1040=LINE('',#8139,#1779);
#1041=LINE('',#8141,#1780);
#1042=LINE('',#8142,#1781);
#1043=LINE('',#8145,#1782);
#1044=LINE('',#8147,#1783);
#1045=LINE('',#8149,#1784);
#1046=LINE('',#8151,#1785);
#1047=LINE('',#8153,#1786);
#1048=LINE('',#8155,#1787);
#1049=LINE('',#8157,#1788);
#1050=LINE('',#8159,#1789);
#1051=LINE('',#8161,#1790);
#1052=LINE('',#8163,#1791);
#1053=LINE('',#8165,#1792);
#1054=LINE('',#8167,#1793);
#1055=LINE('',#8168,#1794);
#1056=LINE('',#8169,#1795);
#1057=LINE('',#8171,#1796);
#1058=LINE('',#8173,#1797);
#1059=LINE('',#8175,#1798);
#1060=LINE('',#8177,#1799);
#1061=LINE('',#8179,#1800);
#1062=LINE('',#8181,#1801);
#1063=LINE('',#8183,#1802);
#1064=LINE('',#8185,#1803);
#1065=LINE('',#8187,#1804);
#1066=LINE('',#8189,#1805);
#1067=LINE('',#8191,#1806);
#1068=LINE('',#8193,#1807);
#1069=LINE('',#8194,#1808);
#1070=LINE('',#8195,#1809);
#1071=LINE('',#8197,#1810);
#1072=LINE('',#8199,#1811);
#1073=LINE('',#8201,#1812);
#1074=LINE('',#8203,#1813);
#1075=LINE('',#8205,#1814);
#1076=LINE('',#8207,#1815);
#1077=LINE('',#8209,#1816);
#1078=LINE('',#8211,#1817);
#1079=LINE('',#8213,#1818);
#1080=LINE('',#8215,#1819);
#1081=LINE('',#8217,#1820);
#1082=LINE('',#8219,#1821);
#1083=LINE('',#8220,#1822);
#1084=LINE('',#8221,#1823);
#1085=LINE('',#8223,#1824);
#1086=LINE('',#8225,#1825);
#1087=LINE('',#8227,#1826);
#1088=LINE('',#8229,#1827);
#1089=LINE('',#8231,#1828);
#1090=LINE('',#8233,#1829);
#1091=LINE('',#8235,#1830);
#1092=LINE('',#8237,#1831);
#1093=LINE('',#8239,#1832);
#1094=LINE('',#8241,#1833);
#1095=LINE('',#8243,#1834);
#1096=LINE('',#8244,#1835);
#1097=LINE('',#8246,#1836);
#1098=LINE('',#8248,#1837);
#1099=LINE('',#8250,#1838);
#1100=LINE('',#8252,#1839);
#1101=LINE('',#8254,#1840);
#1102=LINE('',#8256,#1841);
#1103=LINE('',#8258,#1842);
#1104=LINE('',#8260,#1843);
#1105=LINE('',#8262,#1844);
#1106=LINE('',#8264,#1845);
#1107=LINE('',#8266,#1846);
#1108=LINE('',#8268,#1847);
#1109=LINE('',#8270,#1848);
#1110=LINE('',#8272,#1849);
#1111=LINE('',#8274,#1850);
#1112=LINE('',#8276,#1851);
#1113=LINE('',#8278,#1852);
#1114=LINE('',#8280,#1853);
#1115=LINE('',#8281,#1854);
#1116=LINE('',#8283,#1855);
#1117=LINE('',#8285,#1856);
#1118=LINE('',#8287,#1857);
#1119=LINE('',#8289,#1858);
#1120=LINE('',#8291,#1859);
#1121=LINE('',#8293,#1860);
#1122=LINE('',#8295,#1861);
#1123=LINE('',#8297,#1862);
#1124=LINE('',#8299,#1863);
#1125=LINE('',#8301,#1864);
#1126=LINE('',#8303,#1865);
#1127=LINE('',#8305,#1866);
#1128=LINE('',#8306,#1867);
#1129=LINE('',#8307,#1868);
#1130=LINE('',#8311,#1869);
#1131=LINE('',#8312,#1870);
#1132=LINE('',#8313,#1871);
#1133=LINE('',#8316,#1872);
#1134=LINE('',#8317,#1873);
#1135=LINE('',#8319,#1874);
#1136=LINE('',#8321,#1875);
#1137=LINE('',#8323,#1876);
#1138=LINE('',#8325,#1877);
#1139=LINE('',#8327,#1878);
#1140=LINE('',#8329,#1879);
#1141=LINE('',#8331,#1880);
#1142=LINE('',#8333,#1881);
#1143=LINE('',#8335,#1882);
#1144=LINE('',#8337,#1883);
#1145=LINE('',#8339,#1884);
#1146=LINE('',#8341,#1885);
#1147=LINE('',#8343,#1886);
#1148=LINE('',#8344,#1887);
#1149=LINE('',#8346,#1888);
#1150=LINE('',#8348,#1889);
#1151=LINE('',#8350,#1890);
#1152=LINE('',#8351,#1891);
#1153=LINE('',#8353,#1892);
#1154=LINE('',#8355,#1893);
#1155=LINE('',#8357,#1894);
#1156=LINE('',#8359,#1895);
#1157=LINE('',#8361,#1896);
#1158=LINE('',#8363,#1897);
#1159=LINE('',#8365,#1898);
#1160=LINE('',#8367,#1899);
#1161=LINE('',#8369,#1900);
#1162=LINE('',#8371,#1901);
#1163=LINE('',#8373,#1902);
#1164=LINE('',#8375,#1903);
#1165=LINE('',#8376,#1904);
#1166=LINE('',#8378,#1905);
#1167=LINE('',#8380,#1906);
#1168=LINE('',#8382,#1907);
#1169=LINE('',#8384,#1908);
#1170=LINE('',#8386,#1909);
#1171=LINE('',#8388,#1910);
#1172=LINE('',#8390,#1911);
#1173=LINE('',#8392,#1912);
#1174=LINE('',#8394,#1913);
#1175=LINE('',#8396,#1914);
#1176=LINE('',#8397,#1915);
#1177=LINE('',#8398,#1916);
#1178=LINE('',#8400,#1917);
#1179=LINE('',#8402,#1918);
#1180=LINE('',#8404,#1919);
#1181=LINE('',#8406,#1920);
#1182=LINE('',#8408,#1921);
#1183=LINE('',#8410,#1922);
#1184=LINE('',#8412,#1923);
#1185=LINE('',#8414,#1924);
#1186=LINE('',#8416,#1925);
#1187=LINE('',#8418,#1926);
#1188=LINE('',#8420,#1927);
#1189=LINE('',#8422,#1928);
#1190=LINE('',#8423,#1929);
#1191=LINE('',#8424,#1930);
#1192=LINE('',#8426,#1931);
#1193=LINE('',#8428,#1932);
#1194=LINE('',#8430,#1933);
#1195=LINE('',#8432,#1934);
#1196=LINE('',#8434,#1935);
#1197=LINE('',#8436,#1936);
#1198=LINE('',#8438,#1937);
#1199=LINE('',#8440,#1938);
#1200=LINE('',#8442,#1939);
#1201=LINE('',#8444,#1940);
#1202=LINE('',#8446,#1941);
#1203=LINE('',#8448,#1942);
#1204=LINE('',#8449,#1943);
#1205=LINE('',#8450,#1944);
#1206=LINE('',#8452,#1945);
#1207=LINE('',#8454,#1946);
#1208=LINE('',#8456,#1947);
#1209=LINE('',#8458,#1948);
#1210=LINE('',#8460,#1949);
#1211=LINE('',#8462,#1950);
#1212=LINE('',#8464,#1951);
#1213=LINE('',#8466,#1952);
#1214=LINE('',#8468,#1953);
#1215=LINE('',#8470,#1954);
#1216=LINE('',#8472,#1955);
#1217=LINE('',#8474,#1956);
#1218=LINE('',#8475,#1957);
#1219=LINE('',#8477,#1958);
#1220=LINE('',#8478,#1959);
#1221=LINE('',#8480,#1960);
#1222=LINE('',#8483,#1961);
#1223=LINE('',#8485,#1962);
#1224=LINE('',#8486,#1963);
#1225=LINE('',#8489,#1964);
#1226=LINE('',#8491,#1965);
#1227=LINE('',#8492,#1966);
#1228=LINE('',#8495,#1967);
#1229=LINE('',#8497,#1968);
#1230=LINE('',#8498,#1969);
#1231=LINE('',#8501,#1970);
#1232=LINE('',#8502,#1971);
#1233=LINE('',#8505,#1972);
#1234=LINE('',#8507,#1973);
#1235=LINE('',#8508,#1974);
#1236=LINE('',#8511,#1975);
#1237=LINE('',#8513,#1976);
#1238=LINE('',#8514,#1977);
#1239=LINE('',#8516,#1978);
#1240=LINE('',#8519,#1979);
#1241=LINE('',#8520,#1980);
#1242=LINE('',#8522,#1981);
#1243=LINE('',#8524,#1982);
#1244=LINE('',#8525,#1983);
#1245=LINE('',#8527,#1984);
#1246=LINE('',#8529,#1985);
#1247=LINE('',#8530,#1986);
#1248=LINE('',#8532,#1987);
#1249=LINE('',#8534,#1988);
#1250=LINE('',#8535,#1989);
#1251=LINE('',#8538,#1990);
#1252=LINE('',#8540,#1991);
#1253=LINE('',#8541,#1992);
#1254=LINE('',#8544,#1993);
#1255=LINE('',#8546,#1994);
#1256=LINE('',#8547,#1995);
#1257=LINE('',#8550,#1996);
#1258=LINE('',#8552,#1997);
#1259=LINE('',#8553,#1998);
#1260=LINE('',#8555,#1999);
#1261=LINE('',#8557,#2000);
#1262=LINE('',#8558,#2001);
#1263=LINE('',#8561,#2002);
#1264=LINE('',#8563,#2003);
#1265=LINE('',#8564,#2004);
#1266=LINE('',#8567,#2005);
#1267=LINE('',#8569,#2006);
#1268=LINE('',#8570,#2007);
#1269=LINE('',#8573,#2008);
#1270=LINE('',#8575,#2009);
#1271=LINE('',#8576,#2010);
#1272=LINE('',#8578,#2011);
#1273=LINE('',#8580,#2012);
#1274=LINE('',#8581,#2013);
#1275=LINE('',#8584,#2014);
#1276=LINE('',#8586,#2015);
#1277=LINE('',#8587,#2016);
#1278=LINE('',#8590,#2017);
#1279=LINE('',#8592,#2018);
#1280=LINE('',#8593,#2019);
#1281=LINE('',#8596,#2020);
#1282=LINE('',#8598,#2021);
#1283=LINE('',#8599,#2022);
#1284=LINE('',#8601,#2023);
#1285=LINE('',#8603,#2024);
#1286=LINE('',#8604,#2025);
#1287=LINE('',#8607,#2026);
#1288=LINE('',#8609,#2027);
#1289=LINE('',#8610,#2028);
#1290=LINE('',#8613,#2029);
#1291=LINE('',#8615,#2030);
#1292=LINE('',#8616,#2031);
#1293=LINE('',#8619,#2032);
#1294=LINE('',#8621,#2033);
#1295=LINE('',#8622,#2034);
#1296=LINE('',#8624,#2035);
#1297=LINE('',#8626,#2036);
#1298=LINE('',#8627,#2037);
#1299=LINE('',#8630,#2038);
#1300=LINE('',#8632,#2039);
#1301=LINE('',#8633,#2040);
#1302=LINE('',#8636,#2041);
#1303=LINE('',#8638,#2042);
#1304=LINE('',#8639,#2043);
#1305=LINE('',#8642,#2044);
#1306=LINE('',#8644,#2045);
#1307=LINE('',#8645,#2046);
#1308=LINE('',#8647,#2047);
#1309=LINE('',#8649,#2048);
#1310=LINE('',#8650,#2049);
#1311=LINE('',#8653,#2050);
#1312=LINE('',#8655,#2051);
#1313=LINE('',#8656,#2052);
#1314=LINE('',#8659,#2053);
#1315=LINE('',#8661,#2054);
#1316=LINE('',#8662,#2055);
#1317=LINE('',#8665,#2056);
#1318=LINE('',#8667,#2057);
#1319=LINE('',#8668,#2058);
#1320=LINE('',#8670,#2059);
#1321=LINE('',#8672,#2060);
#1322=LINE('',#8673,#2061);
#1323=LINE('',#8676,#2062);
#1324=LINE('',#8678,#2063);
#1325=LINE('',#8679,#2064);
#1326=LINE('',#8682,#2065);
#1327=LINE('',#8684,#2066);
#1328=LINE('',#8685,#2067);
#1329=LINE('',#8688,#2068);
#1330=LINE('',#8690,#2069);
#1331=LINE('',#8691,#2070);
#1332=LINE('',#8693,#2071);
#1333=LINE('',#8695,#2072);
#1334=LINE('',#8696,#2073);
#1335=LINE('',#8699,#2074);
#1336=LINE('',#8701,#2075);
#1337=LINE('',#8702,#2076);
#1338=LINE('',#8705,#2077);
#1339=LINE('',#8707,#2078);
#1340=LINE('',#8708,#2079);
#1341=LINE('',#8711,#2080);
#1342=LINE('',#8713,#2081);
#1343=LINE('',#8714,#2082);
#1344=LINE('',#8717,#2083);
#1345=LINE('',#8718,#2084);
#1346=LINE('',#8720,#2085);
#1347=LINE('',#8722,#2086);
#1348=LINE('',#8723,#2087);
#1349=LINE('',#8725,#2088);
#1350=LINE('',#8728,#2089);
#1351=LINE('',#8729,#2090);
#1352=LINE('',#8731,#2091);
#1353=LINE('',#8733,#2092);
#1354=LINE('',#8734,#2093);
#1355=LINE('',#8736,#2094);
#1356=LINE('',#8739,#2095);
#1357=LINE('',#8740,#2096);
#1358=LINE('',#8742,#2097);
#1359=LINE('',#8744,#2098);
#1360=LINE('',#8745,#2099);
#1361=LINE('',#8747,#2100);
#1362=LINE('',#8750,#2101);
#1363=LINE('',#8751,#2102);
#1364=LINE('',#8753,#2103);
#1365=LINE('',#8755,#2104);
#1366=LINE('',#8756,#2105);
#1367=LINE('',#8758,#2106);
#1368=LINE('',#8761,#2107);
#1369=LINE('',#8762,#2108);
#1370=LINE('',#8764,#2109);
#1371=LINE('',#8766,#2110);
#1372=LINE('',#8767,#2111);
#1373=LINE('',#8769,#2112);
#1374=LINE('',#8772,#2113);
#1375=LINE('',#8773,#2114);
#1376=LINE('',#8775,#2115);
#1377=LINE('',#8777,#2116);
#1378=LINE('',#8778,#2117);
#1379=LINE('',#8780,#2118);
#1380=LINE('',#8783,#2119);
#1381=LINE('',#8784,#2120);
#1382=LINE('',#8786,#2121);
#1383=LINE('',#8788,#2122);
#1384=LINE('',#8789,#2123);
#1385=LINE('',#8791,#2124);
#1386=LINE('',#8793,#2125);
#1387=LINE('',#8794,#2126);
#1388=LINE('',#8796,#2127);
#1389=LINE('',#8799,#2128);
#1390=LINE('',#8801,#2129);
#1391=LINE('',#8802,#2130);
#1392=LINE('',#8804,#2131);
#1393=LINE('',#8805,#2132);
#1394=LINE('',#8807,#2133);
#1395=LINE('',#8808,#2134);
#1396=LINE('',#8811,#2135);
#1397=LINE('',#8813,#2136);
#1398=LINE('',#8814,#2137);
#1399=LINE('',#8816,#2138);
#1400=LINE('',#8820,#2139);
#1401=LINE('',#8822,#2140);
#1402=LINE('',#8823,#2141);
#1403=LINE('',#8825,#2142);
#1404=LINE('',#8826,#2143);
#1405=LINE('',#8829,#2144);
#1406=LINE('',#8831,#2145);
#1407=LINE('',#8832,#2146);
#1408=LINE('',#8835,#2147);
#1409=LINE('',#8837,#2148);
#1410=LINE('',#8838,#2149);
#1411=LINE('',#8841,#2150);
#1412=LINE('',#8843,#2151);
#1413=LINE('',#8844,#2152);
#1414=LINE('',#8846,#2153);
#1415=LINE('',#8847,#2154);
#1416=LINE('',#8851,#2155);
#1417=LINE('',#8853,#2156);
#1418=LINE('',#8854,#2157);
#1419=LINE('',#8856,#2158);
#1420=LINE('',#8857,#2159);
#1421=LINE('',#8872,#2160);
#1422=LINE('',#8874,#2161);
#1423=LINE('',#8882,#2162);
#1424=LINE('',#8886,#2163);
#1425=LINE('',#8889,#2164);
#1426=LINE('',#8891,#2165);
#1427=LINE('',#8903,#2166);
#1428=VECTOR('',#5929,10.);
#1429=VECTOR('',#5930,10.);
#1430=VECTOR('',#5931,10.);
#1431=VECTOR('',#5932,10.);
#1432=VECTOR('',#5935,10.);
#1433=VECTOR('',#5936,10.);
#1434=VECTOR('',#5937,10.);
#1435=VECTOR('',#5938,10.);
#1436=VECTOR('',#5941,10.);
#1437=VECTOR('',#5942,10.);
#1438=VECTOR('',#5947,10.);
#1439=VECTOR('',#5948,10.);
#1440=VECTOR('',#5949,10.);
#1441=VECTOR('',#5950,10.);
#1442=VECTOR('',#5951,10.);
#1443=VECTOR('',#5952,10.);
#1444=VECTOR('',#5953,10.);
#1445=VECTOR('',#5954,10.);
#1446=VECTOR('',#5955,10.);
#1447=VECTOR('',#5956,10.);
#1448=VECTOR('',#5957,10.);
#1449=VECTOR('',#5958,10.);
#1450=VECTOR('',#5959,10.);
#1451=VECTOR('',#5960,10.);
#1452=VECTOR('',#5961,10.);
#1453=VECTOR('',#5962,10.);
#1454=VECTOR('',#5963,10.);
#1455=VECTOR('',#5964,10.);
#1456=VECTOR('',#5965,10.);
#1457=VECTOR('',#5966,10.);
#1458=VECTOR('',#5967,10.);
#1459=VECTOR('',#5968,10.);
#1460=VECTOR('',#5969,10.);
#1461=VECTOR('',#5970,10.);
#1462=VECTOR('',#5971,10.);
#1463=VECTOR('',#5972,10.);
#1464=VECTOR('',#5973,10.);
#1465=VECTOR('',#5974,10.);
#1466=VECTOR('',#5975,10.);
#1467=VECTOR('',#5978,10.);
#1468=VECTOR('',#5979,10.);
#1469=VECTOR('',#5984,10.);
#1470=VECTOR('',#5987,10.);
#1471=VECTOR('',#5990,10.);
#1472=VECTOR('',#5993,10.);
#1473=VECTOR('',#5996,10.);
#1474=VECTOR('',#5999,10.);
#1475=VECTOR('',#6002,10.);
#1476=VECTOR('',#6005,10.);
#1477=VECTOR('',#6008,10.);
#1478=VECTOR('',#6009,10.);
#1479=VECTOR('',#6010,10.);
#1480=VECTOR('',#6011,10.);
#1481=VECTOR('',#6012,10.);
#1482=VECTOR('',#6015,10.);
#1483=VECTOR('',#6016,10.);
#1484=VECTOR('',#6021,1.8);
#1485=VECTOR('',#6024,10.);
#1486=VECTOR('',#6025,10.);
#1487=VECTOR('',#6026,10.);
#1488=VECTOR('',#6027,10.);
#1489=VECTOR('',#6028,10.);
#1490=VECTOR('',#6031,10.);
#1491=VECTOR('',#6032,10.);
#1492=VECTOR('',#6033,10.);
#1493=VECTOR('',#6038,10.);
#1494=VECTOR('',#6039,10.);
#1495=VECTOR('',#6040,10.);
#1496=VECTOR('',#6041,10.);
#1497=VECTOR('',#6044,10.);
#1498=VECTOR('',#6045,10.);
#1499=VECTOR('',#6046,10.);
#1500=VECTOR('',#6049,10.);
#1501=VECTOR('',#6050,10.);
#1502=VECTOR('',#6051,10.);
#1503=VECTOR('',#6054,10.);
#1504=VECTOR('',#6055,10.);
#1505=VECTOR('',#6056,10.);
#1506=VECTOR('',#6057,10.);
#1507=VECTOR('',#6058,10.);
#1508=VECTOR('',#6059,10.);
#1509=VECTOR('',#6060,10.);
#1510=VECTOR('',#6061,10.);
#1511=VECTOR('',#6062,10.);
#1512=VECTOR('',#6063,10.);
#1513=VECTOR('',#6064,10.);
#1514=VECTOR('',#6065,10.);
#1515=VECTOR('',#6066,10.);
#1516=VECTOR('',#6067,10.);
#1517=VECTOR('',#6068,10.);
#1518=VECTOR('',#6069,10.);
#1519=VECTOR('',#6070,10.);
#1520=VECTOR('',#6071,10.);
#1521=VECTOR('',#6072,10.);
#1522=VECTOR('',#6073,10.);
#1523=VECTOR('',#6074,10.);
#1524=VECTOR('',#6075,10.);
#1525=VECTOR('',#6076,10.);
#1526=VECTOR('',#6077,10.);
#1527=VECTOR('',#6078,10.);
#1528=VECTOR('',#6079,10.);
#1529=VECTOR('',#6080,10.);
#1530=VECTOR('',#6081,10.);
#1531=VECTOR('',#6082,10.);
#1532=VECTOR('',#6085,10.);
#1533=VECTOR('',#6088,10.);
#1534=VECTOR('',#6093,10.);
#1535=VECTOR('',#6096,10.);
#1536=VECTOR('',#6099,10.);
#1537=VECTOR('',#6102,10.);
#1538=VECTOR('',#6105,10.);
#1539=VECTOR('',#6108,10.);
#1540=VECTOR('',#6111,10.);
#1541=VECTOR('',#6114,10.);
#1542=VECTOR('',#6117,10.);
#1543=VECTOR('',#6118,10.);
#1544=VECTOR('',#6119,10.);
#1545=VECTOR('',#6120,10.);
#1546=VECTOR('',#6121,10.);
#1547=VECTOR('',#6124,10.);
#1548=VECTOR('',#6125,10.);
#1549=VECTOR('',#6130,1.8);
#1550=VECTOR('',#6133,10.);
#1551=VECTOR('',#6134,10.);
#1552=VECTOR('',#6137,10.);
#1553=VECTOR('',#6138,10.);
#1554=VECTOR('',#6139,10.);
#1555=VECTOR('',#6142,10.);
#1556=VECTOR('',#6147,10.);
#1557=VECTOR('',#6148,10.);
#1558=VECTOR('',#6153,10.);
#1559=VECTOR('',#6156,10.);
#1560=VECTOR('',#6157,10.);
#1561=VECTOR('',#6162,1.8);
#1562=VECTOR('',#6165,10.);
#1563=VECTOR('',#6166,10.);
#1564=VECTOR('',#6167,10.);
#1565=VECTOR('',#6168,10.);
#1566=VECTOR('',#6171,10.);
#1567=VECTOR('',#6172,10.);
#1568=VECTOR('',#6177,10.);
#1569=VECTOR('',#6180,10.);
#1570=VECTOR('',#6181,10.);
#1571=VECTOR('',#6182,10.);
#1572=VECTOR('',#6185,10.);
#1573=VECTOR('',#6190,10.);
#1574=VECTOR('',#6193,10.);
#1575=VECTOR('',#6194,10.);
#1576=VECTOR('',#6199,1.8);
#1577=VECTOR('',#6202,10.);
#1578=VECTOR('',#6203,10.);
#1579=VECTOR('',#6206,10.);
#1580=VECTOR('',#6207,10.);
#1581=VECTOR('',#6208,10.);
#1582=VECTOR('',#6211,10.);
#1583=VECTOR('',#6216,10.);
#1584=VECTOR('',#6217,10.);
#1585=VECTOR('',#6222,10.);
#1586=VECTOR('',#6225,10.);
#1587=VECTOR('',#6226,10.);
#1588=VECTOR('',#6231,1.8);
#1589=VECTOR('',#6234,10.);
#1590=VECTOR('',#6235,10.);
#1591=VECTOR('',#6236,10.);
#1592=VECTOR('',#6237,10.);
#1593=VECTOR('',#6240,10.);
#1594=VECTOR('',#6241,10.);
#1595=VECTOR('',#6246,10.);
#1596=VECTOR('',#6249,10.);
#1597=VECTOR('',#6250,10.);
#1598=VECTOR('',#6251,10.);
#1599=VECTOR('',#6254,10.);
#1600=VECTOR('',#6259,10.);
#1601=VECTOR('',#6262,10.);
#1602=VECTOR('',#6263,10.);
#1603=VECTOR('',#6268,1.8);
#1604=VECTOR('',#6271,10.);
#1605=VECTOR('',#6272,10.);
#1606=VECTOR('',#6275,10.);
#1607=VECTOR('',#6276,10.);
#1608=VECTOR('',#6277,10.);
#1609=VECTOR('',#6280,10.);
#1610=VECTOR('',#6285,10.);
#1611=VECTOR('',#6286,10.);
#1612=VECTOR('',#6291,10.);
#1613=VECTOR('',#6294,10.);
#1614=VECTOR('',#6295,10.);
#1615=VECTOR('',#6300,1.8);
#1616=VECTOR('',#6303,10.);
#1617=VECTOR('',#6304,10.);
#1618=VECTOR('',#6305,10.);
#1619=VECTOR('',#6306,10.);
#1620=VECTOR('',#6309,10.);
#1621=VECTOR('',#6310,10.);
#1622=VECTOR('',#6315,10.);
#1623=VECTOR('',#6318,10.);
#1624=VECTOR('',#6319,10.);
#1625=VECTOR('',#6320,10.);
#1626=VECTOR('',#6323,10.);
#1627=VECTOR('',#6328,10.);
#1628=VECTOR('',#6331,10.);
#1629=VECTOR('',#6332,10.);
#1630=VECTOR('',#6337,1.8);
#1631=VECTOR('',#6340,10.);
#1632=VECTOR('',#6341,10.);
#1633=VECTOR('',#6344,10.);
#1634=VECTOR('',#6345,10.);
#1635=VECTOR('',#6346,10.);
#1636=VECTOR('',#6349,10.);
#1637=VECTOR('',#6354,10.);
#1638=VECTOR('',#6355,10.);
#1639=VECTOR('',#6360,10.);
#1640=VECTOR('',#6363,10.);
#1641=VECTOR('',#6364,10.);
#1642=VECTOR('',#6369,1.8);
#1643=VECTOR('',#6372,10.);
#1644=VECTOR('',#6373,10.);
#1645=VECTOR('',#6374,10.);
#1646=VECTOR('',#6375,10.);
#1647=VECTOR('',#6378,10.);
#1648=VECTOR('',#6379,10.);
#1649=VECTOR('',#6384,10.);
#1650=VECTOR('',#6387,10.);
#1651=VECTOR('',#6388,10.);
#1652=VECTOR('',#6389,10.);
#1653=VECTOR('',#6392,10.);
#1654=VECTOR('',#6397,10.);
#1655=VECTOR('',#6400,10.);
#1656=VECTOR('',#6401,10.);
#1657=VECTOR('',#6406,1.8);
#1658=VECTOR('',#6409,10.);
#1659=VECTOR('',#6410,10.);
#1660=VECTOR('',#6413,10.);
#1661=VECTOR('',#6414,10.);
#1662=VECTOR('',#6415,10.);
#1663=VECTOR('',#6418,10.);
#1664=VECTOR('',#6423,10.);
#1665=VECTOR('',#6424,10.);
#1666=VECTOR('',#6429,10.);
#1667=VECTOR('',#6432,10.);
#1668=VECTOR('',#6433,10.);
#1669=VECTOR('',#6438,1.8);
#1670=VECTOR('',#6441,10.);
#1671=VECTOR('',#6442,10.);
#1672=VECTOR('',#6443,10.);
#1673=VECTOR('',#6444,10.);
#1674=VECTOR('',#6447,10.);
#1675=VECTOR('',#6448,10.);
#1676=VECTOR('',#6453,10.);
#1677=VECTOR('',#6456,10.);
#1678=VECTOR('',#6457,10.);
#1679=VECTOR('',#6458,10.);
#1680=VECTOR('',#6461,10.);
#1681=VECTOR('',#6466,10.);
#1682=VECTOR('',#6469,10.);
#1683=VECTOR('',#6470,10.);
#1684=VECTOR('',#6475,1.8);
#1685=VECTOR('',#6478,10.);
#1686=VECTOR('',#6479,10.);
#1687=VECTOR('',#6482,10.);
#1688=VECTOR('',#6483,10.);
#1689=VECTOR('',#6484,10.);
#1690=VECTOR('',#6487,10.);
#1691=VECTOR('',#6492,10.);
#1692=VECTOR('',#6493,10.);
#1693=VECTOR('',#6498,10.);
#1694=VECTOR('',#6501,10.);
#1695=VECTOR('',#6502,10.);
#1696=VECTOR('',#6503,10.);
#1697=VECTOR('',#6504,10.);
#1698=VECTOR('',#6507,10.);
#1699=VECTOR('',#6508,10.);
#1700=VECTOR('',#6513,1.8);
#1701=VECTOR('',#6516,10.);
#1702=VECTOR('',#6517,10.);
#1703=VECTOR('',#6518,10.);
#1704=VECTOR('',#6519,10.);
#1705=VECTOR('',#6522,10.);
#1706=VECTOR('',#6523,10.);
#1707=VECTOR('',#6528,10.);
#1708=VECTOR('',#6531,10.);
#1709=VECTOR('',#6532,10.);
#1710=VECTOR('',#6533,10.);
#1711=VECTOR('',#6536,10.);
#1712=VECTOR('',#6541,10.);
#1713=VECTOR('',#6544,10.);
#1714=VECTOR('',#6545,10.);
#1715=VECTOR('',#6546,10.);
#1716=VECTOR('',#6547,10.);
#1717=VECTOR('',#6550,10.);
#1718=VECTOR('',#6551,10.);
#1719=VECTOR('',#6556,1.8);
#1720=VECTOR('',#6559,10.);
#1721=VECTOR('',#6560,10.);
#1722=VECTOR('',#6561,10.);
#1723=VECTOR('',#6562,10.);
#1724=VECTOR('',#6565,10.);
#1725=VECTOR('',#6566,10.);
#1726=VECTOR('',#6567,10.);
#1727=VECTOR('',#6568,10.);
#1728=VECTOR('',#6571,10.);
#1729=VECTOR('',#6572,10.);
#1730=VECTOR('',#6575,10.);
#1731=VECTOR('',#6576,10.);
#1732=VECTOR('',#6577,10.);
#1733=VECTOR('',#6578,10.);
#1734=VECTOR('',#6581,10.);
#1735=VECTOR('',#6582,10.);
#1736=VECTOR('',#6583,10.);
#1737=VECTOR('',#6584,10.);
#1738=VECTOR('',#6587,10.);
#1739=VECTOR('',#6588,10.);
#1740=VECTOR('',#6591,10.);
#1741=VECTOR('',#6592,10.);
#1742=VECTOR('',#6593,10.);
#1743=VECTOR('',#6594,10.);
#1744=VECTOR('',#6597,10.);
#1745=VECTOR('',#6598,10.);
#1746=VECTOR('',#6599,10.);
#1747=VECTOR('',#6600,10.);
#1748=VECTOR('',#6603,10.);
#1749=VECTOR('',#6604,10.);
#1750=VECTOR('',#6605,10.);
#1751=VECTOR('',#6606,10.);
#1752=VECTOR('',#6609,10.);
#1753=VECTOR('',#6610,10.);
#1754=VECTOR('',#6611,10.);
#1755=VECTOR('',#6612,10.);
#1756=VECTOR('',#6615,10.);
#1757=VECTOR('',#6616,10.);
#1758=VECTOR('',#6617,10.);
#1759=VECTOR('',#6618,10.);
#1760=VECTOR('',#6621,10.);
#1761=VECTOR('',#6622,10.);
#1762=VECTOR('',#6623,10.);
#1763=VECTOR('',#6624,10.);
#1764=VECTOR('',#6627,10.);
#1765=VECTOR('',#6628,10.);
#1766=VECTOR('',#6631,10.);
#1767=VECTOR('',#6632,10.);
#1768=VECTOR('',#6633,10.);
#1769=VECTOR('',#6634,10.);
#1770=VECTOR('',#6637,10.);
#1771=VECTOR('',#6638,10.);
#1772=VECTOR('',#6639,10.);
#1773=VECTOR('',#6640,10.);
#1774=VECTOR('',#6643,10.);
#1775=VECTOR('',#6644,10.);
#1776=VECTOR('',#6647,10.);
#1777=VECTOR('',#6648,10.);
#1778=VECTOR('',#6649,10.);
#1779=VECTOR('',#6652,10.);
#1780=VECTOR('',#6653,10.);
#1781=VECTOR('',#6654,10.);
#1782=VECTOR('',#6657,10.);
#1783=VECTOR('',#6658,10.);
#1784=VECTOR('',#6659,10.);
#1785=VECTOR('',#6660,10.);
#1786=VECTOR('',#6661,10.);
#1787=VECTOR('',#6662,10.);
#1788=VECTOR('',#6663,10.);
#1789=VECTOR('',#6664,10.);
#1790=VECTOR('',#6665,10.);
#1791=VECTOR('',#6666,10.);
#1792=VECTOR('',#6667,10.);
#1793=VECTOR('',#6668,10.);
#1794=VECTOR('',#6669,10.);
#1795=VECTOR('',#6670,10.);
#1796=VECTOR('',#6671,10.);
#1797=VECTOR('',#6672,10.);
#1798=VECTOR('',#6673,10.);
#1799=VECTOR('',#6674,10.);
#1800=VECTOR('',#6675,10.);
#1801=VECTOR('',#6676,10.);
#1802=VECTOR('',#6677,10.);
#1803=VECTOR('',#6678,10.);
#1804=VECTOR('',#6679,10.);
#1805=VECTOR('',#6680,10.);
#1806=VECTOR('',#6681,10.);
#1807=VECTOR('',#6682,10.);
#1808=VECTOR('',#6683,10.);
#1809=VECTOR('',#6684,10.);
#1810=VECTOR('',#6685,10.);
#1811=VECTOR('',#6686,10.);
#1812=VECTOR('',#6687,10.);
#1813=VECTOR('',#6688,10.);
#1814=VECTOR('',#6689,10.);
#1815=VECTOR('',#6690,10.);
#1816=VECTOR('',#6691,10.);
#1817=VECTOR('',#6692,10.);
#1818=VECTOR('',#6693,10.);
#1819=VECTOR('',#6694,10.);
#1820=VECTOR('',#6695,10.);
#1821=VECTOR('',#6696,10.);
#1822=VECTOR('',#6697,10.);
#1823=VECTOR('',#6698,10.);
#1824=VECTOR('',#6699,10.);
#1825=VECTOR('',#6700,10.);
#1826=VECTOR('',#6701,10.);
#1827=VECTOR('',#6702,10.);
#1828=VECTOR('',#6703,10.);
#1829=VECTOR('',#6704,10.);
#1830=VECTOR('',#6705,10.);
#1831=VECTOR('',#6706,10.);
#1832=VECTOR('',#6707,10.);
#1833=VECTOR('',#6708,10.);
#1834=VECTOR('',#6709,10.);
#1835=VECTOR('',#6710,10.);
#1836=VECTOR('',#6711,10.);
#1837=VECTOR('',#6712,10.);
#1838=VECTOR('',#6713,10.);
#1839=VECTOR('',#6714,10.);
#1840=VECTOR('',#6715,10.);
#1841=VECTOR('',#6716,10.);
#1842=VECTOR('',#6717,10.);
#1843=VECTOR('',#6718,10.);
#1844=VECTOR('',#6719,10.);
#1845=VECTOR('',#6720,10.);
#1846=VECTOR('',#6721,10.);
#1847=VECTOR('',#6722,10.);
#1848=VECTOR('',#6723,10.);
#1849=VECTOR('',#6724,10.);
#1850=VECTOR('',#6725,10.);
#1851=VECTOR('',#6726,10.);
#1852=VECTOR('',#6727,10.);
#1853=VECTOR('',#6728,10.);
#1854=VECTOR('',#6729,10.);
#1855=VECTOR('',#6730,10.);
#1856=VECTOR('',#6731,10.);
#1857=VECTOR('',#6732,10.);
#1858=VECTOR('',#6733,10.);
#1859=VECTOR('',#6734,10.);
#1860=VECTOR('',#6735,10.);
#1861=VECTOR('',#6736,10.);
#1862=VECTOR('',#6737,10.);
#1863=VECTOR('',#6738,10.);
#1864=VECTOR('',#6739,10.);
#1865=VECTOR('',#6740,10.);
#1866=VECTOR('',#6741,10.);
#1867=VECTOR('',#6742,10.);
#1868=VECTOR('',#6743,10.);
#1869=VECTOR('',#6746,10.);
#1870=VECTOR('',#6747,10.);
#1871=VECTOR('',#6748,10.);
#1872=VECTOR('',#6751,10.);
#1873=VECTOR('',#6752,10.);
#1874=VECTOR('',#6755,10.);
#1875=VECTOR('',#6756,10.);
#1876=VECTOR('',#6757,10.);
#1877=VECTOR('',#6758,10.);
#1878=VECTOR('',#6759,10.);
#1879=VECTOR('',#6760,10.);
#1880=VECTOR('',#6761,10.);
#1881=VECTOR('',#6762,10.);
#1882=VECTOR('',#6763,10.);
#1883=VECTOR('',#6764,10.);
#1884=VECTOR('',#6765,10.);
#1885=VECTOR('',#6766,10.);
#1886=VECTOR('',#6767,10.);
#1887=VECTOR('',#6768,10.);
#1888=VECTOR('',#6769,10.);
#1889=VECTOR('',#6770,10.);
#1890=VECTOR('',#6771,10.);
#1891=VECTOR('',#6772,10.);
#1892=VECTOR('',#6773,10.);
#1893=VECTOR('',#6774,10.);
#1894=VECTOR('',#6775,10.);
#1895=VECTOR('',#6776,10.);
#1896=VECTOR('',#6777,10.);
#1897=VECTOR('',#6778,10.);
#1898=VECTOR('',#6779,10.);
#1899=VECTOR('',#6780,10.);
#1900=VECTOR('',#6781,10.);
#1901=VECTOR('',#6782,10.);
#1902=VECTOR('',#6783,10.);
#1903=VECTOR('',#6784,10.);
#1904=VECTOR('',#6785,10.);
#1905=VECTOR('',#6786,10.);
#1906=VECTOR('',#6787,10.);
#1907=VECTOR('',#6788,10.);
#1908=VECTOR('',#6789,10.);
#1909=VECTOR('',#6790,10.);
#1910=VECTOR('',#6791,10.);
#1911=VECTOR('',#6792,10.);
#1912=VECTOR('',#6793,10.);
#1913=VECTOR('',#6794,10.);
#1914=VECTOR('',#6795,10.);
#1915=VECTOR('',#6796,10.);
#1916=VECTOR('',#6797,10.);
#1917=VECTOR('',#6798,10.);
#1918=VECTOR('',#6799,10.);
#1919=VECTOR('',#6800,10.);
#1920=VECTOR('',#6801,10.);
#1921=VECTOR('',#6802,10.);
#1922=VECTOR('',#6803,10.);
#1923=VECTOR('',#6804,10.);
#1924=VECTOR('',#6805,10.);
#1925=VECTOR('',#6806,10.);
#1926=VECTOR('',#6807,10.);
#1927=VECTOR('',#6808,10.);
#1928=VECTOR('',#6809,10.);
#1929=VECTOR('',#6810,10.);
#1930=VECTOR('',#6811,10.);
#1931=VECTOR('',#6812,10.);
#1932=VECTOR('',#6813,10.);
#1933=VECTOR('',#6814,10.);
#1934=VECTOR('',#6815,10.);
#1935=VECTOR('',#6816,10.);
#1936=VECTOR('',#6817,10.);
#1937=VECTOR('',#6818,10.);
#1938=VECTOR('',#6819,10.);
#1939=VECTOR('',#6820,10.);
#1940=VECTOR('',#6821,10.);
#1941=VECTOR('',#6822,10.);
#1942=VECTOR('',#6823,10.);
#1943=VECTOR('',#6824,10.);
#1944=VECTOR('',#6825,10.);
#1945=VECTOR('',#6826,10.);
#1946=VECTOR('',#6827,10.);
#1947=VECTOR('',#6828,10.);
#1948=VECTOR('',#6829,10.);
#1949=VECTOR('',#6830,10.);
#1950=VECTOR('',#6831,10.);
#1951=VECTOR('',#6832,10.);
#1952=VECTOR('',#6833,10.);
#1953=VECTOR('',#6834,10.);
#1954=VECTOR('',#6835,10.);
#1955=VECTOR('',#6836,10.);
#1956=VECTOR('',#6837,10.);
#1957=VECTOR('',#6838,10.);
#1958=VECTOR('',#6841,10.);
#1959=VECTOR('',#6842,10.);
#1960=VECTOR('',#6845,10.);
#1961=VECTOR('',#6848,10.);
#1962=VECTOR('',#6849,10.);
#1963=VECTOR('',#6850,10.);
#1964=VECTOR('',#6853,10.);
#1965=VECTOR('',#6854,10.);
#1966=VECTOR('',#6855,10.);
#1967=VECTOR('',#6858,10.);
#1968=VECTOR('',#6859,10.);
#1969=VECTOR('',#6860,10.);
#1970=VECTOR('',#6863,10.);
#1971=VECTOR('',#6864,10.);
#1972=VECTOR('',#6867,10.);
#1973=VECTOR('',#6868,10.);
#1974=VECTOR('',#6869,10.);
#1975=VECTOR('',#6872,10.);
#1976=VECTOR('',#6873,10.);
#1977=VECTOR('',#6874,10.);
#1978=VECTOR('',#6877,10.);
#1979=VECTOR('',#6880,10.);
#1980=VECTOR('',#6881,10.);
#1981=VECTOR('',#6884,10.);
#1982=VECTOR('',#6887,10.);
#1983=VECTOR('',#6888,10.);
#1984=VECTOR('',#6891,10.);
#1985=VECTOR('',#6894,10.);
#1986=VECTOR('',#6895,10.);
#1987=VECTOR('',#6898,10.);
#1988=VECTOR('',#6901,10.);
#1989=VECTOR('',#6902,10.);
#1990=VECTOR('',#6905,10.);
#1991=VECTOR('',#6906,10.);
#1992=VECTOR('',#6907,10.);
#1993=VECTOR('',#6910,10.);
#1994=VECTOR('',#6911,10.);
#1995=VECTOR('',#6912,10.);
#1996=VECTOR('',#6915,10.);
#1997=VECTOR('',#6916,10.);
#1998=VECTOR('',#6917,10.);
#1999=VECTOR('',#6920,10.);
#2000=VECTOR('',#6921,10.);
#2001=VECTOR('',#6922,10.);
#2002=VECTOR('',#6925,10.);
#2003=VECTOR('',#6926,10.);
#2004=VECTOR('',#6927,10.);
#2005=VECTOR('',#6930,10.);
#2006=VECTOR('',#6931,10.);
#2007=VECTOR('',#6932,10.);
#2008=VECTOR('',#6935,10.);
#2009=VECTOR('',#6936,10.);
#2010=VECTOR('',#6937,10.);
#2011=VECTOR('',#6940,10.);
#2012=VECTOR('',#6941,10.);
#2013=VECTOR('',#6942,10.);
#2014=VECTOR('',#6945,10.);
#2015=VECTOR('',#6946,10.);
#2016=VECTOR('',#6947,10.);
#2017=VECTOR('',#6950,10.);
#2018=VECTOR('',#6951,10.);
#2019=VECTOR('',#6952,10.);
#2020=VECTOR('',#6955,10.);
#2021=VECTOR('',#6956,10.);
#2022=VECTOR('',#6957,10.);
#2023=VECTOR('',#6960,10.);
#2024=VECTOR('',#6961,10.);
#2025=VECTOR('',#6962,10.);
#2026=VECTOR('',#6965,10.);
#2027=VECTOR('',#6966,10.);
#2028=VECTOR('',#6967,10.);
#2029=VECTOR('',#6970,10.);
#2030=VECTOR('',#6971,10.);
#2031=VECTOR('',#6972,10.);
#2032=VECTOR('',#6975,10.);
#2033=VECTOR('',#6976,10.);
#2034=VECTOR('',#6977,10.);
#2035=VECTOR('',#6980,10.);
#2036=VECTOR('',#6981,10.);
#2037=VECTOR('',#6982,10.);
#2038=VECTOR('',#6985,10.);
#2039=VECTOR('',#6986,10.);
#2040=VECTOR('',#6987,10.);
#2041=VECTOR('',#6990,10.);
#2042=VECTOR('',#6991,10.);
#2043=VECTOR('',#6992,10.);
#2044=VECTOR('',#6995,10.);
#2045=VECTOR('',#6996,10.);
#2046=VECTOR('',#6997,10.);
#2047=VECTOR('',#7000,10.);
#2048=VECTOR('',#7001,10.);
#2049=VECTOR('',#7002,10.);
#2050=VECTOR('',#7005,10.);
#2051=VECTOR('',#7006,10.);
#2052=VECTOR('',#7007,10.);
#2053=VECTOR('',#7010,10.);
#2054=VECTOR('',#7011,10.);
#2055=VECTOR('',#7012,10.);
#2056=VECTOR('',#7015,10.);
#2057=VECTOR('',#7016,10.);
#2058=VECTOR('',#7017,10.);
#2059=VECTOR('',#7020,10.);
#2060=VECTOR('',#7021,10.);
#2061=VECTOR('',#7022,10.);
#2062=VECTOR('',#7025,10.);
#2063=VECTOR('',#7026,10.);
#2064=VECTOR('',#7027,10.);
#2065=VECTOR('',#7030,10.);
#2066=VECTOR('',#7031,10.);
#2067=VECTOR('',#7032,10.);
#2068=VECTOR('',#7035,10.);
#2069=VECTOR('',#7036,10.);
#2070=VECTOR('',#7037,10.);
#2071=VECTOR('',#7040,10.);
#2072=VECTOR('',#7041,10.);
#2073=VECTOR('',#7042,10.);
#2074=VECTOR('',#7045,10.);
#2075=VECTOR('',#7046,10.);
#2076=VECTOR('',#7047,10.);
#2077=VECTOR('',#7050,10.);
#2078=VECTOR('',#7051,10.);
#2079=VECTOR('',#7052,10.);
#2080=VECTOR('',#7055,10.);
#2081=VECTOR('',#7056,10.);
#2082=VECTOR('',#7057,10.);
#2083=VECTOR('',#7060,10.);
#2084=VECTOR('',#7061,10.);
#2085=VECTOR('',#7064,10.);
#2086=VECTOR('',#7067,10.);
#2087=VECTOR('',#7068,10.);
#2088=VECTOR('',#7071,10.);
#2089=VECTOR('',#7074,10.);
#2090=VECTOR('',#7075,10.);
#2091=VECTOR('',#7078,10.);
#2092=VECTOR('',#7081,10.);
#2093=VECTOR('',#7082,10.);
#2094=VECTOR('',#7085,10.);
#2095=VECTOR('',#7088,10.);
#2096=VECTOR('',#7089,10.);
#2097=VECTOR('',#7092,10.);
#2098=VECTOR('',#7095,10.);
#2099=VECTOR('',#7096,10.);
#2100=VECTOR('',#7099,10.);
#2101=VECTOR('',#7102,10.);
#2102=VECTOR('',#7103,10.);
#2103=VECTOR('',#7106,10.);
#2104=VECTOR('',#7109,10.);
#2105=VECTOR('',#7110,10.);
#2106=VECTOR('',#7113,10.);
#2107=VECTOR('',#7116,10.);
#2108=VECTOR('',#7117,10.);
#2109=VECTOR('',#7120,10.);
#2110=VECTOR('',#7123,10.);
#2111=VECTOR('',#7124,10.);
#2112=VECTOR('',#7127,10.);
#2113=VECTOR('',#7130,10.);
#2114=VECTOR('',#7131,10.);
#2115=VECTOR('',#7134,10.);
#2116=VECTOR('',#7137,10.);
#2117=VECTOR('',#7138,10.);
#2118=VECTOR('',#7141,10.);
#2119=VECTOR('',#7144,10.);
#2120=VECTOR('',#7145,10.);
#2121=VECTOR('',#7148,10.);
#2122=VECTOR('',#7151,10.);
#2123=VECTOR('',#7152,10.);
#2124=VECTOR('',#7155,10.);
#2125=VECTOR('',#7158,10.);
#2126=VECTOR('',#7159,10.);
#2127=VECTOR('',#7162,10.);
#2128=VECTOR('',#7165,10.);
#2129=VECTOR('',#7166,10.);
#2130=VECTOR('',#7167,10.);
#2131=VECTOR('',#7170,10.);
#2132=VECTOR('',#7171,10.);
#2133=VECTOR('',#7174,10.);
#2134=VECTOR('',#7175,10.);
#2135=VECTOR('',#7178,10.);
#2136=VECTOR('',#7179,10.);
#2137=VECTOR('',#7180,10.);
#2138=VECTOR('',#7183,10.);
#2139=VECTOR('',#7188,10.);
#2140=VECTOR('',#7189,10.);
#2141=VECTOR('',#7190,10.);
#2142=VECTOR('',#7193,10.);
#2143=VECTOR('',#7194,10.);
#2144=VECTOR('',#7197,10.);
#2145=VECTOR('',#7198,10.);
#2146=VECTOR('',#7199,10.);
#2147=VECTOR('',#7202,10.);
#2148=VECTOR('',#7203,10.);
#2149=VECTOR('',#7204,10.);
#2150=VECTOR('',#7207,10.);
#2151=VECTOR('',#7208,10.);
#2152=VECTOR('',#7209,10.);
#2153=VECTOR('',#7212,10.);
#2154=VECTOR('',#7213,10.);
#2155=VECTOR('',#7218,10.);
#2156=VECTOR('',#7219,10.);
#2157=VECTOR('',#7220,10.);
#2158=VECTOR('',#7223,10.);
#2159=VECTOR('',#7224,10.);
#2160=VECTOR('',#7253,10.);
#2161=VECTOR('',#7256,10.);
#2162=VECTOR('',#7271,10.);
#2163=VECTOR('',#7278,10.);
#2164=VECTOR('',#7283,10.);
#2165=VECTOR('',#7286,10.);
#2166=VECTOR('',#7309,10.);
#2167=VERTEX_POINT('',#7314);
#2168=VERTEX_POINT('',#7315);
#2169=VERTEX_POINT('',#7317);
#2170=VERTEX_POINT('',#7319);
#2171=VERTEX_POINT('',#7323);
#2172=VERTEX_POINT('',#7324);
#2173=VERTEX_POINT('',#7326);
#2174=VERTEX_POINT('',#7328);
#2175=VERTEX_POINT('',#7334);
#2176=VERTEX_POINT('',#7337);
#2177=VERTEX_POINT('',#7339);
#2178=VERTEX_POINT('',#7341);
#2179=VERTEX_POINT('',#7343);
#2180=VERTEX_POINT('',#7345);
#2181=VERTEX_POINT('',#7347);
#2182=VERTEX_POINT('',#7349);
#2183=VERTEX_POINT('',#7351);
#2184=VERTEX_POINT('',#7353);
#2185=VERTEX_POINT('',#7355);
#2186=VERTEX_POINT('',#7357);
#2187=VERTEX_POINT('',#7359);
#2188=VERTEX_POINT('',#7361);
#2189=VERTEX_POINT('',#7363);
#2190=VERTEX_POINT('',#7365);
#2191=VERTEX_POINT('',#7367);
#2192=VERTEX_POINT('',#7369);
#2193=VERTEX_POINT('',#7371);
#2194=VERTEX_POINT('',#7373);
#2195=VERTEX_POINT('',#7375);
#2196=VERTEX_POINT('',#7377);
#2197=VERTEX_POINT('',#7379);
#2198=VERTEX_POINT('',#7381);
#2199=VERTEX_POINT('',#7383);
#2200=VERTEX_POINT('',#7385);
#2201=VERTEX_POINT('',#7387);
#2202=VERTEX_POINT('',#7389);
#2203=VERTEX_POINT('',#7391);
#2204=VERTEX_POINT('',#7395);
#2205=VERTEX_POINT('',#7399);
#2206=VERTEX_POINT('',#7400);
#2207=VERTEX_POINT('',#7402);
#2208=VERTEX_POINT('',#7404);
#2209=VERTEX_POINT('',#7408);
#2210=VERTEX_POINT('',#7410);
#2211=VERTEX_POINT('',#7412);
#2212=VERTEX_POINT('',#7414);
#2213=VERTEX_POINT('',#7416);
#2214=VERTEX_POINT('',#7418);
#2215=VERTEX_POINT('',#7420);
#2216=VERTEX_POINT('',#7422);
#2217=VERTEX_POINT('',#7424);
#2218=VERTEX_POINT('',#7426);
#2219=VERTEX_POINT('',#7428);
#2220=VERTEX_POINT('',#7430);
#2221=VERTEX_POINT('',#7432);
#2222=VERTEX_POINT('',#7434);
#2223=VERTEX_POINT('',#7436);
#2224=VERTEX_POINT('',#7438);
#2225=VERTEX_POINT('',#7442);
#2226=VERTEX_POINT('',#7446);
#2227=VERTEX_POINT('',#7450);
#2228=VERTEX_POINT('',#7451);
#2229=VERTEX_POINT('',#7453);
#2230=VERTEX_POINT('',#7455);
#2231=VERTEX_POINT('',#7457);
#2232=VERTEX_POINT('',#7461);
#2233=VERTEX_POINT('',#7463);
#2234=VERTEX_POINT('',#7466);
#2235=VERTEX_POINT('',#7469);
#2236=VERTEX_POINT('',#7471);
#2237=VERTEX_POINT('',#7473);
#2238=VERTEX_POINT('',#7477);
#2239=VERTEX_POINT('',#7479);
#2240=VERTEX_POINT('',#7483);
#2241=VERTEX_POINT('',#7485);
#2242=VERTEX_POINT('',#7489);
#2243=VERTEX_POINT('',#7491);
#2244=VERTEX_POINT('',#7493);
#2245=VERTEX_POINT('',#7495);
#2246=VERTEX_POINT('',#7497);
#2247=VERTEX_POINT('',#7499);
#2248=VERTEX_POINT('',#7501);
#2249=VERTEX_POINT('',#7503);
#2250=VERTEX_POINT('',#7505);
#2251=VERTEX_POINT('',#7507);
#2252=VERTEX_POINT('',#7509);
#2253=VERTEX_POINT('',#7511);
#2254=VERTEX_POINT('',#7513);
#2255=VERTEX_POINT('',#7515);
#2256=VERTEX_POINT('',#7517);
#2257=VERTEX_POINT('',#7519);
#2258=VERTEX_POINT('',#7521);
#2259=VERTEX_POINT('',#7523);
#2260=VERTEX_POINT('',#7525);
#2261=VERTEX_POINT('',#7527);
#2262=VERTEX_POINT('',#7529);
#2263=VERTEX_POINT('',#7531);
#2264=VERTEX_POINT('',#7533);
#2265=VERTEX_POINT('',#7535);
#2266=VERTEX_POINT('',#7537);
#2267=VERTEX_POINT('',#7539);
#2268=VERTEX_POINT('',#7541);
#2269=VERTEX_POINT('',#7543);
#2270=VERTEX_POINT('',#7551);
#2271=VERTEX_POINT('',#7552);
#2272=VERTEX_POINT('',#7554);
#2273=VERTEX_POINT('',#7556);
#2274=VERTEX_POINT('',#7560);
#2275=VERTEX_POINT('',#7562);
#2276=VERTEX_POINT('',#7564);
#2277=VERTEX_POINT('',#7566);
#2278=VERTEX_POINT('',#7568);
#2279=VERTEX_POINT('',#7570);
#2280=VERTEX_POINT('',#7572);
#2281=VERTEX_POINT('',#7574);
#2282=VERTEX_POINT('',#7576);
#2283=VERTEX_POINT('',#7578);
#2284=VERTEX_POINT('',#7580);
#2285=VERTEX_POINT('',#7582);
#2286=VERTEX_POINT('',#7584);
#2287=VERTEX_POINT('',#7586);
#2288=VERTEX_POINT('',#7588);
#2289=VERTEX_POINT('',#7590);
#2290=VERTEX_POINT('',#7594);
#2291=VERTEX_POINT('',#7598);
#2292=VERTEX_POINT('',#7602);
#2293=VERTEX_POINT('',#7606);
#2294=VERTEX_POINT('',#7608);
#2295=VERTEX_POINT('',#7613);
#2296=VERTEX_POINT('',#7616);
#2297=VERTEX_POINT('',#7620);
#2298=VERTEX_POINT('',#7624);
#2299=VERTEX_POINT('',#7628);
#2300=VERTEX_POINT('',#7632);
#2301=VERTEX_POINT('',#7633);
#2302=VERTEX_POINT('',#7635);
#2303=VERTEX_POINT('',#7640);
#2304=VERTEX_POINT('',#7643);
#2305=VERTEX_POINT('',#7648);
#2306=VERTEX_POINT('',#7650);
#2307=VERTEX_POINT('',#7656);
#2308=VERTEX_POINT('',#7660);
#2309=VERTEX_POINT('',#7664);
#2310=VERTEX_POINT('',#7668);
#2311=VERTEX_POINT('',#7672);
#2312=VERTEX_POINT('',#7674);
#2313=VERTEX_POINT('',#7679);
#2314=VERTEX_POINT('',#7682);
#2315=VERTEX_POINT('',#7686);
#2316=VERTEX_POINT('',#7690);
#2317=VERTEX_POINT('',#7694);
#2318=VERTEX_POINT('',#7698);
#2319=VERTEX_POINT('',#7699);
#2320=VERTEX_POINT('',#7701);
#2321=VERTEX_POINT('',#7706);
#2322=VERTEX_POINT('',#7709);
#2323=VERTEX_POINT('',#7714);
#2324=VERTEX_POINT('',#7716);
#2325=VERTEX_POINT('',#7722);
#2326=VERTEX_POINT('',#7726);
#2327=VERTEX_POINT('',#7730);
#2328=VERTEX_POINT('',#7734);
#2329=VERTEX_POINT('',#7738);
#2330=VERTEX_POINT('',#7740);
#2331=VERTEX_POINT('',#7745);
#2332=VERTEX_POINT('',#7748);
#2333=VERTEX_POINT('',#7752);
#2334=VERTEX_POINT('',#7756);
#2335=VERTEX_POINT('',#7760);
#2336=VERTEX_POINT('',#7764);
#2337=VERTEX_POINT('',#7765);
#2338=VERTEX_POINT('',#7767);
#2339=VERTEX_POINT('',#7772);
#2340=VERTEX_POINT('',#7775);
#2341=VERTEX_POINT('',#7780);
#2342=VERTEX_POINT('',#7782);
#2343=VERTEX_POINT('',#7788);
#2344=VERTEX_POINT('',#7792);
#2345=VERTEX_POINT('',#7796);
#2346=VERTEX_POINT('',#7800);
#2347=VERTEX_POINT('',#7804);
#2348=VERTEX_POINT('',#7806);
#2349=VERTEX_POINT('',#7811);
#2350=VERTEX_POINT('',#7814);
#2351=VERTEX_POINT('',#7818);
#2352=VERTEX_POINT('',#7822);
#2353=VERTEX_POINT('',#7826);
#2354=VERTEX_POINT('',#7830);
#2355=VERTEX_POINT('',#7831);
#2356=VERTEX_POINT('',#7833);
#2357=VERTEX_POINT('',#7838);
#2358=VERTEX_POINT('',#7841);
#2359=VERTEX_POINT('',#7846);
#2360=VERTEX_POINT('',#7848);
#2361=VERTEX_POINT('',#7854);
#2362=VERTEX_POINT('',#7858);
#2363=VERTEX_POINT('',#7862);
#2364=VERTEX_POINT('',#7866);
#2365=VERTEX_POINT('',#7870);
#2366=VERTEX_POINT('',#7872);
#2367=VERTEX_POINT('',#7877);
#2368=VERTEX_POINT('',#7880);
#2369=VERTEX_POINT('',#7884);
#2370=VERTEX_POINT('',#7888);
#2371=VERTEX_POINT('',#7892);
#2372=VERTEX_POINT('',#7896);
#2373=VERTEX_POINT('',#7897);
#2374=VERTEX_POINT('',#7899);
#2375=VERTEX_POINT('',#7904);
#2376=VERTEX_POINT('',#7907);
#2377=VERTEX_POINT('',#7912);
#2378=VERTEX_POINT('',#7914);
#2379=VERTEX_POINT('',#7920);
#2380=VERTEX_POINT('',#7924);
#2381=VERTEX_POINT('',#7928);
#2382=VERTEX_POINT('',#7932);
#2383=VERTEX_POINT('',#7936);
#2384=VERTEX_POINT('',#7938);
#2385=VERTEX_POINT('',#7943);
#2386=VERTEX_POINT('',#7946);
#2387=VERTEX_POINT('',#7950);
#2388=VERTEX_POINT('',#7954);
#2389=VERTEX_POINT('',#7957);
#2390=VERTEX_POINT('',#7961);
#2391=VERTEX_POINT('',#7965);
#2392=VERTEX_POINT('',#7969);
#2393=VERTEX_POINT('',#7970);
#2394=VERTEX_POINT('',#7972);
#2395=VERTEX_POINT('',#7977);
#2396=VERTEX_POINT('',#7980);
#2397=VERTEX_POINT('',#7985);
#2398=VERTEX_POINT('',#7987);
#2399=VERTEX_POINT('',#7993);
#2400=VERTEX_POINT('',#7997);
#2401=VERTEX_POINT('',#8000);
#2402=VERTEX_POINT('',#8004);
#2403=VERTEX_POINT('',#8008);
#2404=VERTEX_POINT('',#8012);
#2405=VERTEX_POINT('',#8013);
#2406=VERTEX_POINT('',#8015);
#2407=VERTEX_POINT('',#8017);
#2408=VERTEX_POINT('',#8021);
#2409=VERTEX_POINT('',#8022);
#2410=VERTEX_POINT('',#8024);
#2411=VERTEX_POINT('',#8026);
#2412=VERTEX_POINT('',#8033);
#2413=VERTEX_POINT('',#8034);
#2414=VERTEX_POINT('',#8036);
#2415=VERTEX_POINT('',#8038);
#2416=VERTEX_POINT('',#8042);
#2417=VERTEX_POINT('',#8043);
#2418=VERTEX_POINT('',#8045);
#2419=VERTEX_POINT('',#8047);
#2420=VERTEX_POINT('',#8054);
#2421=VERTEX_POINT('',#8055);
#2422=VERTEX_POINT('',#8057);
#2423=VERTEX_POINT('',#8059);
#2424=VERTEX_POINT('',#8063);
#2425=VERTEX_POINT('',#8064);
#2426=VERTEX_POINT('',#8066);
#2427=VERTEX_POINT('',#8068);
#2428=VERTEX_POINT('',#8072);
#2429=VERTEX_POINT('',#8073);
#2430=VERTEX_POINT('',#8075);
#2431=VERTEX_POINT('',#8077);
#2432=VERTEX_POINT('',#8081);
#2433=VERTEX_POINT('',#8082);
#2434=VERTEX_POINT('',#8084);
#2435=VERTEX_POINT('',#8086);
#2436=VERTEX_POINT('',#8090);
#2437=VERTEX_POINT('',#8091);
#2438=VERTEX_POINT('',#8093);
#2439=VERTEX_POINT('',#8095);
#2440=VERTEX_POINT('',#8099);
#2441=VERTEX_POINT('',#8100);
#2442=VERTEX_POINT('',#8102);
#2443=VERTEX_POINT('',#8104);
#2444=VERTEX_POINT('',#8111);
#2445=VERTEX_POINT('',#8112);
#2446=VERTEX_POINT('',#8114);
#2447=VERTEX_POINT('',#8116);
#2448=VERTEX_POINT('',#8120);
#2449=VERTEX_POINT('',#8121);
#2450=VERTEX_POINT('',#8123);
#2451=VERTEX_POINT('',#8125);
#2452=VERTEX_POINT('',#8132);
#2453=VERTEX_POINT('',#8134);
#2454=VERTEX_POINT('',#8138);
#2455=VERTEX_POINT('',#8140);
#2456=VERTEX_POINT('',#8144);
#2457=VERTEX_POINT('',#8146);
#2458=VERTEX_POINT('',#8148);
#2459=VERTEX_POINT('',#8150);
#2460=VERTEX_POINT('',#8152);
#2461=VERTEX_POINT('',#8154);
#2462=VERTEX_POINT('',#8156);
#2463=VERTEX_POINT('',#8158);
#2464=VERTEX_POINT('',#8160);
#2465=VERTEX_POINT('',#8162);
#2466=VERTEX_POINT('',#8164);
#2467=VERTEX_POINT('',#8166);
#2468=VERTEX_POINT('',#8170);
#2469=VERTEX_POINT('',#8172);
#2470=VERTEX_POINT('',#8174);
#2471=VERTEX_POINT('',#8176);
#2472=VERTEX_POINT('',#8178);
#2473=VERTEX_POINT('',#8180);
#2474=VERTEX_POINT('',#8182);
#2475=VERTEX_POINT('',#8184);
#2476=VERTEX_POINT('',#8186);
#2477=VERTEX_POINT('',#8188);
#2478=VERTEX_POINT('',#8190);
#2479=VERTEX_POINT('',#8192);
#2480=VERTEX_POINT('',#8196);
#2481=VERTEX_POINT('',#8198);
#2482=VERTEX_POINT('',#8200);
#2483=VERTEX_POINT('',#8202);
#2484=VERTEX_POINT('',#8204);
#2485=VERTEX_POINT('',#8206);
#2486=VERTEX_POINT('',#8208);
#2487=VERTEX_POINT('',#8210);
#2488=VERTEX_POINT('',#8212);
#2489=VERTEX_POINT('',#8214);
#2490=VERTEX_POINT('',#8216);
#2491=VERTEX_POINT('',#8218);
#2492=VERTEX_POINT('',#8222);
#2493=VERTEX_POINT('',#8224);
#2494=VERTEX_POINT('',#8226);
#2495=VERTEX_POINT('',#8228);
#2496=VERTEX_POINT('',#8230);
#2497=VERTEX_POINT('',#8232);
#2498=VERTEX_POINT('',#8234);
#2499=VERTEX_POINT('',#8236);
#2500=VERTEX_POINT('',#8238);
#2501=VERTEX_POINT('',#8240);
#2502=VERTEX_POINT('',#8242);
#2503=VERTEX_POINT('',#8245);
#2504=VERTEX_POINT('',#8247);
#2505=VERTEX_POINT('',#8249);
#2506=VERTEX_POINT('',#8251);
#2507=VERTEX_POINT('',#8253);
#2508=VERTEX_POINT('',#8255);
#2509=VERTEX_POINT('',#8257);
#2510=VERTEX_POINT('',#8259);
#2511=VERTEX_POINT('',#8261);
#2512=VERTEX_POINT('',#8263);
#2513=VERTEX_POINT('',#8265);
#2514=VERTEX_POINT('',#8267);
#2515=VERTEX_POINT('',#8269);
#2516=VERTEX_POINT('',#8271);
#2517=VERTEX_POINT('',#8273);
#2518=VERTEX_POINT('',#8275);
#2519=VERTEX_POINT('',#8277);
#2520=VERTEX_POINT('',#8279);
#2521=VERTEX_POINT('',#8282);
#2522=VERTEX_POINT('',#8284);
#2523=VERTEX_POINT('',#8286);
#2524=VERTEX_POINT('',#8288);
#2525=VERTEX_POINT('',#8290);
#2526=VERTEX_POINT('',#8292);
#2527=VERTEX_POINT('',#8294);
#2528=VERTEX_POINT('',#8296);
#2529=VERTEX_POINT('',#8298);
#2530=VERTEX_POINT('',#8300);
#2531=VERTEX_POINT('',#8302);
#2532=VERTEX_POINT('',#8304);
#2533=VERTEX_POINT('',#8309);
#2534=VERTEX_POINT('',#8310);
#2535=VERTEX_POINT('',#8315);
#2536=VERTEX_POINT('',#8320);
#2537=VERTEX_POINT('',#8322);
#2538=VERTEX_POINT('',#8324);
#2539=VERTEX_POINT('',#8326);
#2540=VERTEX_POINT('',#8328);
#2541=VERTEX_POINT('',#8330);
#2542=VERTEX_POINT('',#8332);
#2543=VERTEX_POINT('',#8334);
#2544=VERTEX_POINT('',#8336);
#2545=VERTEX_POINT('',#8338);
#2546=VERTEX_POINT('',#8340);
#2547=VERTEX_POINT('',#8342);
#2548=VERTEX_POINT('',#8345);
#2549=VERTEX_POINT('',#8347);
#2550=VERTEX_POINT('',#8349);
#2551=VERTEX_POINT('',#8352);
#2552=VERTEX_POINT('',#8354);
#2553=VERTEX_POINT('',#8356);
#2554=VERTEX_POINT('',#8358);
#2555=VERTEX_POINT('',#8360);
#2556=VERTEX_POINT('',#8362);
#2557=VERTEX_POINT('',#8364);
#2558=VERTEX_POINT('',#8366);
#2559=VERTEX_POINT('',#8368);
#2560=VERTEX_POINT('',#8370);
#2561=VERTEX_POINT('',#8372);
#2562=VERTEX_POINT('',#8374);
#2563=VERTEX_POINT('',#8377);
#2564=VERTEX_POINT('',#8379);
#2565=VERTEX_POINT('',#8381);
#2566=VERTEX_POINT('',#8383);
#2567=VERTEX_POINT('',#8385);
#2568=VERTEX_POINT('',#8387);
#2569=VERTEX_POINT('',#8389);
#2570=VERTEX_POINT('',#8391);
#2571=VERTEX_POINT('',#8393);
#2572=VERTEX_POINT('',#8395);
#2573=VERTEX_POINT('',#8399);
#2574=VERTEX_POINT('',#8401);
#2575=VERTEX_POINT('',#8403);
#2576=VERTEX_POINT('',#8405);
#2577=VERTEX_POINT('',#8407);
#2578=VERTEX_POINT('',#8409);
#2579=VERTEX_POINT('',#8411);
#2580=VERTEX_POINT('',#8413);
#2581=VERTEX_POINT('',#8415);
#2582=VERTEX_POINT('',#8417);
#2583=VERTEX_POINT('',#8419);
#2584=VERTEX_POINT('',#8421);
#2585=VERTEX_POINT('',#8425);
#2586=VERTEX_POINT('',#8427);
#2587=VERTEX_POINT('',#8429);
#2588=VERTEX_POINT('',#8431);
#2589=VERTEX_POINT('',#8433);
#2590=VERTEX_POINT('',#8435);
#2591=VERTEX_POINT('',#8437);
#2592=VERTEX_POINT('',#8439);
#2593=VERTEX_POINT('',#8441);
#2594=VERTEX_POINT('',#8443);
#2595=VERTEX_POINT('',#8445);
#2596=VERTEX_POINT('',#8447);
#2597=VERTEX_POINT('',#8451);
#2598=VERTEX_POINT('',#8453);
#2599=VERTEX_POINT('',#8455);
#2600=VERTEX_POINT('',#8457);
#2601=VERTEX_POINT('',#8459);
#2602=VERTEX_POINT('',#8461);
#2603=VERTEX_POINT('',#8463);
#2604=VERTEX_POINT('',#8465);
#2605=VERTEX_POINT('',#8467);
#2606=VERTEX_POINT('',#8469);
#2607=VERTEX_POINT('',#8471);
#2608=VERTEX_POINT('',#8473);
#2609=VERTEX_POINT('',#8482);
#2610=VERTEX_POINT('',#8484);
#2611=VERTEX_POINT('',#8488);
#2612=VERTEX_POINT('',#8490);
#2613=VERTEX_POINT('',#8494);
#2614=VERTEX_POINT('',#8496);
#2615=VERTEX_POINT('',#8500);
#2616=VERTEX_POINT('',#8504);
#2617=VERTEX_POINT('',#8506);
#2618=VERTEX_POINT('',#8510);
#2619=VERTEX_POINT('',#8512);
#2620=VERTEX_POINT('',#8518);
#2621=VERTEX_POINT('',#8537);
#2622=VERTEX_POINT('',#8539);
#2623=VERTEX_POINT('',#8543);
#2624=VERTEX_POINT('',#8545);
#2625=VERTEX_POINT('',#8549);
#2626=VERTEX_POINT('',#8551);
#2627=VERTEX_POINT('',#8556);
#2628=VERTEX_POINT('',#8560);
#2629=VERTEX_POINT('',#8562);
#2630=VERTEX_POINT('',#8566);
#2631=VERTEX_POINT('',#8568);
#2632=VERTEX_POINT('',#8572);
#2633=VERTEX_POINT('',#8574);
#2634=VERTEX_POINT('',#8579);
#2635=VERTEX_POINT('',#8583);
#2636=VERTEX_POINT('',#8585);
#2637=VERTEX_POINT('',#8589);
#2638=VERTEX_POINT('',#8591);
#2639=VERTEX_POINT('',#8595);
#2640=VERTEX_POINT('',#8597);
#2641=VERTEX_POINT('',#8602);
#2642=VERTEX_POINT('',#8606);
#2643=VERTEX_POINT('',#8608);
#2644=VERTEX_POINT('',#8612);
#2645=VERTEX_POINT('',#8614);
#2646=VERTEX_POINT('',#8618);
#2647=VERTEX_POINT('',#8620);
#2648=VERTEX_POINT('',#8625);
#2649=VERTEX_POINT('',#8629);
#2650=VERTEX_POINT('',#8631);
#2651=VERTEX_POINT('',#8635);
#2652=VERTEX_POINT('',#8637);
#2653=VERTEX_POINT('',#8641);
#2654=VERTEX_POINT('',#8643);
#2655=VERTEX_POINT('',#8648);
#2656=VERTEX_POINT('',#8652);
#2657=VERTEX_POINT('',#8654);
#2658=VERTEX_POINT('',#8658);
#2659=VERTEX_POINT('',#8660);
#2660=VERTEX_POINT('',#8664);
#2661=VERTEX_POINT('',#8666);
#2662=VERTEX_POINT('',#8671);
#2663=VERTEX_POINT('',#8675);
#2664=VERTEX_POINT('',#8677);
#2665=VERTEX_POINT('',#8681);
#2666=VERTEX_POINT('',#8683);
#2667=VERTEX_POINT('',#8687);
#2668=VERTEX_POINT('',#8689);
#2669=VERTEX_POINT('',#8694);
#2670=VERTEX_POINT('',#8698);
#2671=VERTEX_POINT('',#8700);
#2672=VERTEX_POINT('',#8704);
#2673=VERTEX_POINT('',#8706);
#2674=VERTEX_POINT('',#8710);
#2675=VERTEX_POINT('',#8712);
#2676=VERTEX_POINT('',#8716);
#2677=VERTEX_POINT('',#8727);
#2678=VERTEX_POINT('',#8738);
#2679=VERTEX_POINT('',#8749);
#2680=VERTEX_POINT('',#8760);
#2681=VERTEX_POINT('',#8771);
#2682=VERTEX_POINT('',#8782);
#2683=VERTEX_POINT('',#8798);
#2684=VERTEX_POINT('',#8800);
#2685=VERTEX_POINT('',#8810);
#2686=VERTEX_POINT('',#8812);
#2687=VERTEX_POINT('',#8819);
#2688=VERTEX_POINT('',#8821);
#2689=VERTEX_POINT('',#8828);
#2690=VERTEX_POINT('',#8830);
#2691=VERTEX_POINT('',#8834);
#2692=VERTEX_POINT('',#8836);
#2693=VERTEX_POINT('',#8840);
#2694=VERTEX_POINT('',#8842);
#2695=VERTEX_POINT('',#8850);
#2696=VERTEX_POINT('',#8852);
#2697=EDGE_CURVE('',#2167,#2168,#689,.T.);
#2698=EDGE_CURVE('',#2169,#2167,#690,.T.);
#2699=EDGE_CURVE('',#2170,#2169,#691,.T.);
#2700=EDGE_CURVE('',#2168,#2170,#692,.T.);
#2701=EDGE_CURVE('',#2171,#2172,#693,.T.);
#2702=EDGE_CURVE('',#2173,#2171,#694,.T.);
#2703=EDGE_CURVE('',#2174,#2173,#695,.T.);
#2704=EDGE_CURVE('',#2172,#2174,#696,.T.);
#2705=EDGE_CURVE('',#2168,#2171,#697,.T.);
#2706=EDGE_CURVE('',#2173,#2170,#698,.T.);
#2707=EDGE_CURVE('',#2175,#2175,#85,.T.);
#2708=EDGE_CURVE('',#2176,#2172,#699,.T.);
#2709=EDGE_CURVE('',#2176,#2177,#700,.T.);
#2710=EDGE_CURVE('',#2177,#2178,#701,.T.);
#2711=EDGE_CURVE('',#2178,#2179,#702,.T.);
#2712=EDGE_CURVE('',#2180,#2179,#703,.T.);
#2713=EDGE_CURVE('',#2180,#2181,#704,.T.);
#2714=EDGE_CURVE('',#2181,#2182,#705,.T.);
#2715=EDGE_CURVE('',#2182,#2183,#706,.T.);
#2716=EDGE_CURVE('',#2184,#2183,#707,.T.);
#2717=EDGE_CURVE('',#2184,#2185,#708,.T.);
#2718=EDGE_CURVE('',#2185,#2186,#709,.T.);
#2719=EDGE_CURVE('',#2186,#2187,#710,.T.);
#2720=EDGE_CURVE('',#2188,#2187,#711,.T.);
#2721=EDGE_CURVE('',#2188,#2189,#712,.T.);
#2722=EDGE_CURVE('',#2189,#2190,#713,.T.);
#2723=EDGE_CURVE('',#2190,#2191,#714,.T.);
#2724=EDGE_CURVE('',#2192,#2191,#715,.T.);
#2725=EDGE_CURVE('',#2192,#2193,#716,.T.);
#2726=EDGE_CURVE('',#2193,#2194,#717,.T.);
#2727=EDGE_CURVE('',#2194,#2195,#718,.T.);
#2728=EDGE_CURVE('',#2196,#2195,#719,.T.);
#2729=EDGE_CURVE('',#2196,#2197,#720,.T.);
#2730=EDGE_CURVE('',#2197,#2198,#721,.T.);
#2731=EDGE_CURVE('',#2198,#2199,#722,.T.);
#2732=EDGE_CURVE('',#2200,#2199,#723,.T.);
#2733=EDGE_CURVE('',#2201,#2200,#724,.T.);
#2734=EDGE_CURVE('',#2201,#2202,#725,.T.);
#2735=EDGE_CURVE('',#2203,#2202,#726,.T.);
#2736=EDGE_CURVE('',#2167,#2203,#727,.T.);
#2737=EDGE_CURVE('',#2204,#2174,#728,.T.);
#2738=EDGE_CURVE('',#2204,#2176,#729,.T.);
#2739=EDGE_CURVE('',#2205,#2206,#15,.T.);
#2740=EDGE_CURVE('',#2207,#2205,#730,.T.);
#2741=EDGE_CURVE('',#2208,#2207,#86,.T.);
#2742=EDGE_CURVE('',#2206,#2208,#731,.T.);
#2743=EDGE_CURVE('',#2209,#2207,#732,.T.);
#2744=EDGE_CURVE('',#2209,#2210,#87,.T.);
#2745=EDGE_CURVE('',#2211,#2210,#733,.T.);
#2746=EDGE_CURVE('',#2211,#2212,#88,.T.);
#2747=EDGE_CURVE('',#2213,#2212,#734,.T.);
#2748=EDGE_CURVE('',#2213,#2214,#89,.T.);
#2749=EDGE_CURVE('',#2215,#2214,#735,.T.);
#2750=EDGE_CURVE('',#2215,#2216,#90,.T.);
#2751=EDGE_CURVE('',#2217,#2216,#736,.T.);
#2752=EDGE_CURVE('',#2217,#2218,#91,.T.);
#2753=EDGE_CURVE('',#2219,#2218,#737,.T.);
#2754=EDGE_CURVE('',#2219,#2220,#92,.T.);
#2755=EDGE_CURVE('',#2221,#2220,#738,.T.);
#2756=EDGE_CURVE('',#2222,#2221,#739,.T.);
#2757=EDGE_CURVE('',#2222,#2223,#740,.T.);
#2758=EDGE_CURVE('',#2224,#2223,#741,.T.);
#2759=EDGE_CURVE('',#2208,#2224,#742,.T.);
#2760=EDGE_CURVE('',#2225,#2205,#743,.T.);
#2761=EDGE_CURVE('',#2225,#2209,#744,.T.);
#2762=EDGE_CURVE('',#2226,#2226,#93,.T.);
#2763=EDGE_CURVE('',#2226,#2175,#745,.T.);
#2764=EDGE_CURVE('',#2227,#2228,#746,.T.);
#2765=EDGE_CURVE('',#2229,#2227,#747,.T.);
#2766=EDGE_CURVE('',#2230,#2229,#748,.T.);
#2767=EDGE_CURVE('',#2231,#2230,#749,.T.);
#2768=EDGE_CURVE('',#2228,#2231,#750,.T.);
#2769=EDGE_CURVE('',#2228,#2232,#751,.T.);
#2770=EDGE_CURVE('',#2233,#2231,#752,.T.);
#2771=EDGE_CURVE('',#2233,#2232,#753,.T.);
#2772=EDGE_CURVE('',#2234,#2234,#94,.T.);
#2773=EDGE_CURVE('',#2232,#2235,#754,.T.);
#2774=EDGE_CURVE('',#2236,#2233,#755,.T.);
#2775=EDGE_CURVE('',#2237,#2236,#756,.T.);
#2776=EDGE_CURVE('',#2235,#2237,#757,.T.);
#2777=EDGE_CURVE('',#2238,#2227,#758,.T.);
#2778=EDGE_CURVE('',#2238,#2239,#759,.T.);
#2779=EDGE_CURVE('',#2239,#2229,#760,.T.);
#2780=EDGE_CURVE('',#2237,#2240,#761,.T.);
#2781=EDGE_CURVE('',#2241,#2240,#762,.T.);
#2782=EDGE_CURVE('',#2235,#2241,#763,.T.);
#2783=EDGE_CURVE('',#2242,#2230,#764,.T.);
#2784=EDGE_CURVE('',#2242,#2243,#765,.T.);
#2785=EDGE_CURVE('',#2243,#2244,#766,.T.);
#2786=EDGE_CURVE('',#2244,#2245,#767,.T.);
#2787=EDGE_CURVE('',#2246,#2245,#768,.T.);
#2788=EDGE_CURVE('',#2246,#2247,#769,.T.);
#2789=EDGE_CURVE('',#2247,#2248,#770,.T.);
#2790=EDGE_CURVE('',#2248,#2249,#771,.T.);
#2791=EDGE_CURVE('',#2250,#2249,#772,.T.);
#2792=EDGE_CURVE('',#2250,#2251,#773,.T.);
#2793=EDGE_CURVE('',#2251,#2252,#774,.T.);
#2794=EDGE_CURVE('',#2252,#2253,#775,.T.);
#2795=EDGE_CURVE('',#2254,#2253,#776,.T.);
#2796=EDGE_CURVE('',#2254,#2255,#777,.T.);
#2797=EDGE_CURVE('',#2255,#2256,#778,.T.);
#2798=EDGE_CURVE('',#2256,#2257,#779,.T.);
#2799=EDGE_CURVE('',#2258,#2257,#780,.T.);
#2800=EDGE_CURVE('',#2258,#2259,#781,.T.);
#2801=EDGE_CURVE('',#2259,#2260,#782,.T.);
#2802=EDGE_CURVE('',#2260,#2261,#783,.T.);
#2803=EDGE_CURVE('',#2262,#2261,#784,.T.);
#2804=EDGE_CURVE('',#2262,#2263,#785,.T.);
#2805=EDGE_CURVE('',#2263,#2264,#786,.T.);
#2806=EDGE_CURVE('',#2264,#2265,#787,.T.);
#2807=EDGE_CURVE('',#2266,#2265,#788,.T.);
#2808=EDGE_CURVE('',#2267,#2266,#789,.T.);
#2809=EDGE_CURVE('',#2267,#2268,#790,.T.);
#2810=EDGE_CURVE('',#2269,#2268,#791,.T.);
#2811=EDGE_CURVE('',#2236,#2269,#792,.T.);
#2812=EDGE_CURVE('',#2239,#2242,#793,.T.);
#2813=EDGE_CURVE('',#2240,#2269,#794,.T.);
#2814=EDGE_CURVE('',#2270,#2271,#16,.T.);
#2815=EDGE_CURVE('',#2272,#2270,#795,.T.);
#2816=EDGE_CURVE('',#2273,#2272,#95,.T.);
#2817=EDGE_CURVE('',#2271,#2273,#796,.T.);
#2818=EDGE_CURVE('',#2274,#2272,#797,.T.);
#2819=EDGE_CURVE('',#2274,#2275,#96,.T.);
#2820=EDGE_CURVE('',#2276,#2275,#798,.T.);
#2821=EDGE_CURVE('',#2276,#2277,#97,.T.);
#2822=EDGE_CURVE('',#2278,#2277,#799,.T.);
#2823=EDGE_CURVE('',#2278,#2279,#98,.T.);
#2824=EDGE_CURVE('',#2280,#2279,#800,.T.);
#2825=EDGE_CURVE('',#2280,#2281,#99,.T.);
#2826=EDGE_CURVE('',#2282,#2281,#801,.T.);
#2827=EDGE_CURVE('',#2282,#2283,#100,.T.);
#2828=EDGE_CURVE('',#2284,#2283,#802,.T.);
#2829=EDGE_CURVE('',#2284,#2285,#101,.T.);
#2830=EDGE_CURVE('',#2286,#2285,#803,.T.);
#2831=EDGE_CURVE('',#2287,#2286,#804,.T.);
#2832=EDGE_CURVE('',#2287,#2288,#805,.T.);
#2833=EDGE_CURVE('',#2289,#2288,#806,.T.);
#2834=EDGE_CURVE('',#2273,#2289,#807,.T.);
#2835=EDGE_CURVE('',#2290,#2270,#808,.T.);
#2836=EDGE_CURVE('',#2290,#2274,#809,.T.);
#2837=EDGE_CURVE('',#2291,#2291,#102,.T.);
#2838=EDGE_CURVE('',#2291,#2234,#810,.T.);
#2839=EDGE_CURVE('',#2292,#2204,#811,.T.);
#2840=EDGE_CURVE('',#2177,#2292,#812,.T.);
#2841=EDGE_CURVE('',#2293,#2178,#813,.T.);
#2842=EDGE_CURVE('',#2294,#2293,#814,.T.);
#2843=EDGE_CURVE('',#2179,#2294,#815,.T.);
#2844=EDGE_CURVE('',#2293,#2292,#816,.T.);
#2845=EDGE_CURVE('',#2295,#2295,#103,.T.);
#2846=EDGE_CURVE('',#2296,#2294,#817,.T.);
#2847=EDGE_CURVE('',#2296,#2180,#818,.T.);
#2848=EDGE_CURVE('',#2297,#2225,#17,.T.);
#2849=EDGE_CURVE('',#2210,#2297,#819,.T.);
#2850=EDGE_CURVE('',#2298,#2297,#820,.T.);
#2851=EDGE_CURVE('',#2298,#2211,#821,.T.);
#2852=EDGE_CURVE('',#2299,#2299,#104,.T.);
#2853=EDGE_CURVE('',#2299,#2295,#822,.T.);
#2854=EDGE_CURVE('',#2300,#2301,#823,.T.);
#2855=EDGE_CURVE('',#2302,#2300,#824,.T.);
#2856=EDGE_CURVE('',#2245,#2302,#825,.T.);
#2857=EDGE_CURVE('',#2301,#2244,#826,.T.);
#2858=EDGE_CURVE('',#2301,#2303,#827,.T.);
#2859=EDGE_CURVE('',#2243,#2303,#828,.T.);
#2860=EDGE_CURVE('',#2304,#2304,#105,.T.);
#2861=EDGE_CURVE('',#2303,#2238,#829,.T.);
#2862=EDGE_CURVE('',#2305,#2300,#830,.T.);
#2863=EDGE_CURVE('',#2305,#2306,#831,.T.);
#2864=EDGE_CURVE('',#2306,#2302,#832,.T.);
#2865=EDGE_CURVE('',#2306,#2246,#833,.T.);
#2866=EDGE_CURVE('',#2307,#2290,#18,.T.);
#2867=EDGE_CURVE('',#2275,#2307,#834,.T.);
#2868=EDGE_CURVE('',#2308,#2307,#835,.T.);
#2869=EDGE_CURVE('',#2308,#2276,#836,.T.);
#2870=EDGE_CURVE('',#2309,#2309,#106,.T.);
#2871=EDGE_CURVE('',#2309,#2304,#837,.T.);
#2872=EDGE_CURVE('',#2310,#2296,#838,.T.);
#2873=EDGE_CURVE('',#2181,#2310,#839,.T.);
#2874=EDGE_CURVE('',#2311,#2182,#840,.T.);
#2875=EDGE_CURVE('',#2312,#2311,#841,.T.);
#2876=EDGE_CURVE('',#2183,#2312,#842,.T.);
#2877=EDGE_CURVE('',#2311,#2310,#843,.T.);
#2878=EDGE_CURVE('',#2313,#2313,#107,.T.);
#2879=EDGE_CURVE('',#2314,#2312,#844,.T.);
#2880=EDGE_CURVE('',#2314,#2184,#845,.T.);
#2881=EDGE_CURVE('',#2315,#2298,#19,.T.);
#2882=EDGE_CURVE('',#2212,#2315,#846,.T.);
#2883=EDGE_CURVE('',#2316,#2315,#847,.T.);
#2884=EDGE_CURVE('',#2316,#2213,#848,.T.);
#2885=EDGE_CURVE('',#2317,#2317,#108,.T.);
#2886=EDGE_CURVE('',#2317,#2313,#849,.T.);
#2887=EDGE_CURVE('',#2318,#2319,#850,.T.);
#2888=EDGE_CURVE('',#2320,#2318,#851,.T.);
#2889=EDGE_CURVE('',#2249,#2320,#852,.T.);
#2890=EDGE_CURVE('',#2319,#2248,#853,.T.);
#2891=EDGE_CURVE('',#2319,#2321,#854,.T.);
#2892=EDGE_CURVE('',#2247,#2321,#855,.T.);
#2893=EDGE_CURVE('',#2322,#2322,#109,.T.);
#2894=EDGE_CURVE('',#2321,#2305,#856,.T.);
#2895=EDGE_CURVE('',#2323,#2318,#857,.T.);
#2896=EDGE_CURVE('',#2323,#2324,#858,.T.);
#2897=EDGE_CURVE('',#2324,#2320,#859,.T.);
#2898=EDGE_CURVE('',#2324,#2250,#860,.T.);
#2899=EDGE_CURVE('',#2325,#2308,#20,.T.);
#2900=EDGE_CURVE('',#2277,#2325,#861,.T.);
#2901=EDGE_CURVE('',#2326,#2325,#862,.T.);
#2902=EDGE_CURVE('',#2326,#2278,#863,.T.);
#2903=EDGE_CURVE('',#2327,#2327,#110,.T.);
#2904=EDGE_CURVE('',#2327,#2322,#864,.T.);
#2905=EDGE_CURVE('',#2328,#2314,#865,.T.);
#2906=EDGE_CURVE('',#2185,#2328,#866,.T.);
#2907=EDGE_CURVE('',#2329,#2186,#867,.T.);
#2908=EDGE_CURVE('',#2330,#2329,#868,.T.);
#2909=EDGE_CURVE('',#2187,#2330,#869,.T.);
#2910=EDGE_CURVE('',#2329,#2328,#870,.T.);
#2911=EDGE_CURVE('',#2331,#2331,#111,.T.);
#2912=EDGE_CURVE('',#2332,#2330,#871,.T.);
#2913=EDGE_CURVE('',#2332,#2188,#872,.T.);
#2914=EDGE_CURVE('',#2333,#2316,#21,.T.);
#2915=EDGE_CURVE('',#2214,#2333,#873,.T.);
#2916=EDGE_CURVE('',#2334,#2333,#874,.T.);
#2917=EDGE_CURVE('',#2334,#2215,#875,.T.);
#2918=EDGE_CURVE('',#2335,#2335,#112,.T.);
#2919=EDGE_CURVE('',#2335,#2331,#876,.T.);
#2920=EDGE_CURVE('',#2336,#2337,#877,.T.);
#2921=EDGE_CURVE('',#2338,#2336,#878,.T.);
#2922=EDGE_CURVE('',#2253,#2338,#879,.T.);
#2923=EDGE_CURVE('',#2337,#2252,#880,.T.);
#2924=EDGE_CURVE('',#2337,#2339,#881,.T.);
#2925=EDGE_CURVE('',#2251,#2339,#882,.T.);
#2926=EDGE_CURVE('',#2340,#2340,#113,.T.);
#2927=EDGE_CURVE('',#2339,#2323,#883,.T.);
#2928=EDGE_CURVE('',#2341,#2336,#884,.T.);
#2929=EDGE_CURVE('',#2341,#2342,#885,.T.);
#2930=EDGE_CURVE('',#2342,#2338,#886,.T.);
#2931=EDGE_CURVE('',#2342,#2254,#887,.T.);
#2932=EDGE_CURVE('',#2343,#2326,#22,.T.);
#2933=EDGE_CURVE('',#2279,#2343,#888,.T.);
#2934=EDGE_CURVE('',#2344,#2343,#889,.T.);
#2935=EDGE_CURVE('',#2344,#2280,#890,.T.);
#2936=EDGE_CURVE('',#2345,#2345,#114,.T.);
#2937=EDGE_CURVE('',#2345,#2340,#891,.T.);
#2938=EDGE_CURVE('',#2346,#2332,#892,.T.);
#2939=EDGE_CURVE('',#2189,#2346,#893,.T.);
#2940=EDGE_CURVE('',#2347,#2190,#894,.T.);
#2941=EDGE_CURVE('',#2348,#2347,#895,.T.);
#2942=EDGE_CURVE('',#2191,#2348,#896,.T.);
#2943=EDGE_CURVE('',#2347,#2346,#897,.T.);
#2944=EDGE_CURVE('',#2349,#2349,#115,.T.);
#2945=EDGE_CURVE('',#2350,#2348,#898,.T.);
#2946=EDGE_CURVE('',#2350,#2192,#899,.T.);
#2947=EDGE_CURVE('',#2351,#2334,#23,.T.);
#2948=EDGE_CURVE('',#2216,#2351,#900,.T.);
#2949=EDGE_CURVE('',#2352,#2351,#901,.T.);
#2950=EDGE_CURVE('',#2352,#2217,#902,.T.);
#2951=EDGE_CURVE('',#2353,#2353,#116,.T.);
#2952=EDGE_CURVE('',#2353,#2349,#903,.T.);
#2953=EDGE_CURVE('',#2354,#2355,#904,.T.);
#2954=EDGE_CURVE('',#2356,#2354,#905,.T.);
#2955=EDGE_CURVE('',#2257,#2356,#906,.T.);
#2956=EDGE_CURVE('',#2355,#2256,#907,.T.);
#2957=EDGE_CURVE('',#2355,#2357,#908,.T.);
#2958=EDGE_CURVE('',#2255,#2357,#909,.T.);
#2959=EDGE_CURVE('',#2358,#2358,#117,.T.);
#2960=EDGE_CURVE('',#2357,#2341,#910,.T.);
#2961=EDGE_CURVE('',#2359,#2354,#911,.T.);
#2962=EDGE_CURVE('',#2359,#2360,#912,.T.);
#2963=EDGE_CURVE('',#2360,#2356,#913,.T.);
#2964=EDGE_CURVE('',#2360,#2258,#914,.T.);
#2965=EDGE_CURVE('',#2361,#2344,#24,.T.);
#2966=EDGE_CURVE('',#2281,#2361,#915,.T.);
#2967=EDGE_CURVE('',#2362,#2361,#916,.T.);
#2968=EDGE_CURVE('',#2362,#2282,#917,.T.);
#2969=EDGE_CURVE('',#2363,#2363,#118,.T.);
#2970=EDGE_CURVE('',#2363,#2358,#918,.T.);
#2971=EDGE_CURVE('',#2364,#2350,#919,.T.);
#2972=EDGE_CURVE('',#2193,#2364,#920,.T.);
#2973=EDGE_CURVE('',#2365,#2194,#921,.T.);
#2974=EDGE_CURVE('',#2366,#2365,#922,.T.);
#2975=EDGE_CURVE('',#2195,#2366,#923,.T.);
#2976=EDGE_CURVE('',#2365,#2364,#924,.T.);
#2977=EDGE_CURVE('',#2367,#2367,#119,.T.);
#2978=EDGE_CURVE('',#2368,#2366,#925,.T.);
#2979=EDGE_CURVE('',#2368,#2196,#926,.T.);
#2980=EDGE_CURVE('',#2369,#2352,#25,.T.);
#2981=EDGE_CURVE('',#2218,#2369,#927,.T.);
#2982=EDGE_CURVE('',#2370,#2369,#928,.T.);
#2983=EDGE_CURVE('',#2370,#2219,#929,.T.);
#2984=EDGE_CURVE('',#2371,#2371,#120,.T.);
#2985=EDGE_CURVE('',#2371,#2367,#930,.T.);
#2986=EDGE_CURVE('',#2372,#2373,#931,.T.);
#2987=EDGE_CURVE('',#2374,#2372,#932,.T.);
#2988=EDGE_CURVE('',#2261,#2374,#933,.T.);
#2989=EDGE_CURVE('',#2373,#2260,#934,.T.);
#2990=EDGE_CURVE('',#2373,#2375,#935,.T.);
#2991=EDGE_CURVE('',#2259,#2375,#936,.T.);
#2992=EDGE_CURVE('',#2376,#2376,#121,.T.);
#2993=EDGE_CURVE('',#2375,#2359,#937,.T.);
#2994=EDGE_CURVE('',#2377,#2372,#938,.T.);
#2995=EDGE_CURVE('',#2377,#2378,#939,.T.);
#2996=EDGE_CURVE('',#2378,#2374,#940,.T.);
#2997=EDGE_CURVE('',#2378,#2262,#941,.T.);
#2998=EDGE_CURVE('',#2379,#2362,#26,.T.);
#2999=EDGE_CURVE('',#2283,#2379,#942,.T.);
#3000=EDGE_CURVE('',#2380,#2379,#943,.T.);
#3001=EDGE_CURVE('',#2380,#2284,#944,.T.);
#3002=EDGE_CURVE('',#2381,#2381,#122,.T.);
#3003=EDGE_CURVE('',#2381,#2376,#945,.T.);
#3004=EDGE_CURVE('',#2382,#2368,#946,.T.);
#3005=EDGE_CURVE('',#2197,#2382,#947,.T.);
#3006=EDGE_CURVE('',#2383,#2198,#948,.T.);
#3007=EDGE_CURVE('',#2384,#2383,#949,.T.);
#3008=EDGE_CURVE('',#2199,#2384,#950,.T.);
#3009=EDGE_CURVE('',#2383,#2382,#951,.T.);
#3010=EDGE_CURVE('',#2385,#2385,#123,.T.);
#3011=EDGE_CURVE('',#2386,#2384,#952,.T.);
#3012=EDGE_CURVE('',#2200,#2386,#953,.T.);
#3013=EDGE_CURVE('',#2387,#2370,#27,.T.);
#3014=EDGE_CURVE('',#2220,#2387,#954,.T.);
#3015=EDGE_CURVE('',#2206,#2388,#955,.T.);
#3016=EDGE_CURVE('',#2388,#2202,#956,.T.);
#3017=EDGE_CURVE('',#2389,#2201,#957,.T.);
#3018=EDGE_CURVE('',#2389,#2387,#958,.T.);
#3019=EDGE_CURVE('',#2390,#2224,#959,.T.);
#3020=EDGE_CURVE('',#2390,#2388,#960,.T.);
#3021=EDGE_CURVE('',#2391,#2391,#124,.T.);
#3022=EDGE_CURVE('',#2391,#2385,#961,.T.);
#3023=EDGE_CURVE('',#2392,#2393,#962,.T.);
#3024=EDGE_CURVE('',#2394,#2392,#963,.T.);
#3025=EDGE_CURVE('',#2265,#2394,#964,.T.);
#3026=EDGE_CURVE('',#2393,#2264,#965,.T.);
#3027=EDGE_CURVE('',#2393,#2395,#966,.T.);
#3028=EDGE_CURVE('',#2263,#2395,#967,.T.);
#3029=EDGE_CURVE('',#2396,#2396,#125,.T.);
#3030=EDGE_CURVE('',#2395,#2377,#968,.T.);
#3031=EDGE_CURVE('',#2397,#2392,#969,.T.);
#3032=EDGE_CURVE('',#2398,#2397,#970,.T.);
#3033=EDGE_CURVE('',#2398,#2394,#971,.T.);
#3034=EDGE_CURVE('',#2266,#2398,#972,.T.);
#3035=EDGE_CURVE('',#2399,#2380,#28,.T.);
#3036=EDGE_CURVE('',#2285,#2399,#973,.T.);
#3037=EDGE_CURVE('',#2271,#2400,#974,.T.);
#3038=EDGE_CURVE('',#2400,#2268,#975,.T.);
#3039=EDGE_CURVE('',#2401,#2267,#976,.T.);
#3040=EDGE_CURVE('',#2401,#2399,#977,.T.);
#3041=EDGE_CURVE('',#2402,#2289,#978,.T.);
#3042=EDGE_CURVE('',#2402,#2400,#979,.T.);
#3043=EDGE_CURVE('',#2403,#2403,#126,.T.);
#3044=EDGE_CURVE('',#2403,#2396,#980,.T.);
#3045=EDGE_CURVE('',#2404,#2405,#981,.T.);
#3046=EDGE_CURVE('',#2406,#2404,#982,.T.);
#3047=EDGE_CURVE('',#2407,#2406,#983,.T.);
#3048=EDGE_CURVE('',#2407,#2405,#984,.T.);
#3049=EDGE_CURVE('',#2408,#2409,#985,.T.);
#3050=EDGE_CURVE('',#2408,#2410,#986,.T.);
#3051=EDGE_CURVE('',#2411,#2410,#987,.T.);
#3052=EDGE_CURVE('',#2411,#2409,#988,.T.);
#3053=EDGE_CURVE('',#2409,#2404,#989,.T.);
#3054=EDGE_CURVE('',#2406,#2411,#990,.T.);
#3055=EDGE_CURVE('',#2412,#2413,#991,.T.);
#3056=EDGE_CURVE('',#2414,#2412,#992,.T.);
#3057=EDGE_CURVE('',#2415,#2414,#993,.T.);
#3058=EDGE_CURVE('',#2415,#2413,#994,.T.);
#3059=EDGE_CURVE('',#2416,#2417,#995,.T.);
#3060=EDGE_CURVE('',#2416,#2418,#996,.T.);
#3061=EDGE_CURVE('',#2419,#2418,#997,.T.);
#3062=EDGE_CURVE('',#2419,#2417,#998,.T.);
#3063=EDGE_CURVE('',#2417,#2412,#999,.T.);
#3064=EDGE_CURVE('',#2414,#2419,#1000,.T.);
#3065=EDGE_CURVE('',#2420,#2421,#1001,.T.);
#3066=EDGE_CURVE('',#2422,#2420,#1002,.T.);
#3067=EDGE_CURVE('',#2423,#2422,#1003,.T.);
#3068=EDGE_CURVE('',#2423,#2421,#1004,.T.);
#3069=EDGE_CURVE('',#2424,#2425,#1005,.T.);
#3070=EDGE_CURVE('',#2426,#2424,#1006,.T.);
#3071=EDGE_CURVE('',#2427,#2426,#1007,.T.);
#3072=EDGE_CURVE('',#2427,#2425,#1008,.T.);
#3073=EDGE_CURVE('',#2428,#2429,#1009,.T.);
#3074=EDGE_CURVE('',#2430,#2428,#1010,.T.);
#3075=EDGE_CURVE('',#2431,#2430,#1011,.T.);
#3076=EDGE_CURVE('',#2431,#2429,#1012,.T.);
#3077=EDGE_CURVE('',#2432,#2433,#1013,.T.);
#3078=EDGE_CURVE('',#2434,#2432,#1014,.T.);
#3079=EDGE_CURVE('',#2435,#2434,#1015,.T.);
#3080=EDGE_CURVE('',#2435,#2433,#1016,.T.);
#3081=EDGE_CURVE('',#2436,#2437,#1017,.T.);
#3082=EDGE_CURVE('',#2438,#2436,#1018,.T.);
#3083=EDGE_CURVE('',#2439,#2438,#1019,.T.);
#3084=EDGE_CURVE('',#2439,#2437,#1020,.T.);
#3085=EDGE_CURVE('',#2440,#2441,#1021,.T.);
#3086=EDGE_CURVE('',#2440,#2442,#1022,.T.);
#3087=EDGE_CURVE('',#2443,#2442,#1023,.T.);
#3088=EDGE_CURVE('',#2443,#2441,#1024,.T.);
#3089=EDGE_CURVE('',#2441,#2436,#1025,.T.);
#3090=EDGE_CURVE('',#2438,#2443,#1026,.T.);
#3091=EDGE_CURVE('',#2444,#2445,#1027,.T.);
#3092=EDGE_CURVE('',#2446,#2444,#1028,.T.);
#3093=EDGE_CURVE('',#2447,#2446,#1029,.T.);
#3094=EDGE_CURVE('',#2447,#2445,#1030,.T.);
#3095=EDGE_CURVE('',#2448,#2449,#1031,.T.);
#3096=EDGE_CURVE('',#2448,#2450,#1032,.T.);
#3097=EDGE_CURVE('',#2451,#2450,#1033,.T.);
#3098=EDGE_CURVE('',#2451,#2449,#1034,.T.);
#3099=EDGE_CURVE('',#2449,#2444,#1035,.T.);
#3100=EDGE_CURVE('',#2446,#2451,#1036,.T.);
#3101=EDGE_CURVE('',#2452,#2241,#1037,.T.);
#3102=EDGE_CURVE('',#2453,#2452,#1038,.T.);
#3103=EDGE_CURVE('',#2397,#2453,#1039,.T.);
#3104=EDGE_CURVE('',#2454,#2452,#1040,.T.);
#3105=EDGE_CURVE('',#2454,#2455,#1041,.T.);
#3106=EDGE_CURVE('',#2453,#2455,#1042,.T.);
#3107=EDGE_CURVE('',#2456,#2410,#1043,.T.);
#3108=EDGE_CURVE('',#2457,#2456,#1044,.T.);
#3109=EDGE_CURVE('',#2458,#2457,#1045,.T.);
#3110=EDGE_CURVE('',#2458,#2459,#1046,.T.);
#3111=EDGE_CURVE('',#2460,#2459,#1047,.T.);
#3112=EDGE_CURVE('',#2460,#2461,#1048,.T.);
#3113=EDGE_CURVE('',#2461,#2462,#1049,.T.);
#3114=EDGE_CURVE('',#2462,#2463,#1050,.T.);
#3115=EDGE_CURVE('',#2464,#2463,#1051,.T.);
#3116=EDGE_CURVE('',#2464,#2465,#1052,.T.);
#3117=EDGE_CURVE('',#2466,#2465,#1053,.T.);
#3118=EDGE_CURVE('',#2466,#2467,#1054,.T.);
#3119=EDGE_CURVE('',#2467,#2431,#1055,.T.);
#3120=EDGE_CURVE('',#2430,#2447,#1056,.T.);
#3121=EDGE_CURVE('',#2468,#2450,#1057,.T.);
#3122=EDGE_CURVE('',#2469,#2468,#1058,.T.);
#3123=EDGE_CURVE('',#2470,#2469,#1059,.T.);
#3124=EDGE_CURVE('',#2470,#2471,#1060,.T.);
#3125=EDGE_CURVE('',#2472,#2471,#1061,.T.);
#3126=EDGE_CURVE('',#2472,#2473,#1062,.T.);
#3127=EDGE_CURVE('',#2473,#2474,#1063,.T.);
#3128=EDGE_CURVE('',#2474,#2475,#1064,.T.);
#3129=EDGE_CURVE('',#2476,#2475,#1065,.T.);
#3130=EDGE_CURVE('',#2476,#2477,#1066,.T.);
#3131=EDGE_CURVE('',#2478,#2477,#1067,.T.);
#3132=EDGE_CURVE('',#2478,#2479,#1068,.T.);
#3133=EDGE_CURVE('',#2479,#2423,#1069,.T.);
#3134=EDGE_CURVE('',#2422,#2415,#1070,.T.);
#3135=EDGE_CURVE('',#2480,#2418,#1071,.T.);
#3136=EDGE_CURVE('',#2481,#2480,#1072,.T.);
#3137=EDGE_CURVE('',#2482,#2481,#1073,.T.);
#3138=EDGE_CURVE('',#2482,#2483,#1074,.T.);
#3139=EDGE_CURVE('',#2484,#2483,#1075,.T.);
#3140=EDGE_CURVE('',#2484,#2485,#1076,.T.);
#3141=EDGE_CURVE('',#2485,#2486,#1077,.T.);
#3142=EDGE_CURVE('',#2486,#2487,#1078,.T.);
#3143=EDGE_CURVE('',#2488,#2487,#1079,.T.);
#3144=EDGE_CURVE('',#2488,#2489,#1080,.T.);
#3145=EDGE_CURVE('',#2490,#2489,#1081,.T.);
#3146=EDGE_CURVE('',#2490,#2491,#1082,.T.);
#3147=EDGE_CURVE('',#2491,#2435,#1083,.T.);
#3148=EDGE_CURVE('',#2434,#2439,#1084,.T.);
#3149=EDGE_CURVE('',#2492,#2442,#1085,.T.);
#3150=EDGE_CURVE('',#2493,#2492,#1086,.T.);
#3151=EDGE_CURVE('',#2494,#2493,#1087,.T.);
#3152=EDGE_CURVE('',#2494,#2495,#1088,.T.);
#3153=EDGE_CURVE('',#2496,#2495,#1089,.T.);
#3154=EDGE_CURVE('',#2496,#2497,#1090,.T.);
#3155=EDGE_CURVE('',#2497,#2498,#1091,.T.);
#3156=EDGE_CURVE('',#2498,#2499,#1092,.T.);
#3157=EDGE_CURVE('',#2500,#2499,#1093,.T.);
#3158=EDGE_CURVE('',#2500,#2501,#1094,.T.);
#3159=EDGE_CURVE('',#2502,#2501,#1095,.T.);
#3160=EDGE_CURVE('',#2502,#2389,#1096,.T.);
#3161=EDGE_CURVE('',#2386,#2503,#1097,.T.);
#3162=EDGE_CURVE('',#2504,#2503,#1098,.T.);
#3163=EDGE_CURVE('',#2505,#2504,#1099,.T.);
#3164=EDGE_CURVE('',#2506,#2505,#1100,.T.);
#3165=EDGE_CURVE('',#2506,#2507,#1101,.T.);
#3166=EDGE_CURVE('',#2508,#2507,#1102,.T.);
#3167=EDGE_CURVE('',#2508,#2509,#1103,.T.);
#3168=EDGE_CURVE('',#2509,#2510,#1104,.T.);
#3169=EDGE_CURVE('',#2511,#2510,#1105,.T.);
#3170=EDGE_CURVE('',#2511,#2512,#1106,.T.);
#3171=EDGE_CURVE('',#2513,#2512,#1107,.T.);
#3172=EDGE_CURVE('',#2513,#2514,#1108,.T.);
#3173=EDGE_CURVE('',#2515,#2514,#1109,.T.);
#3174=EDGE_CURVE('',#2515,#2516,#1110,.T.);
#3175=EDGE_CURVE('',#2516,#2517,#1111,.T.);
#3176=EDGE_CURVE('',#2518,#2517,#1112,.T.);
#3177=EDGE_CURVE('',#2518,#2519,#1113,.T.);
#3178=EDGE_CURVE('',#2520,#2519,#1114,.T.);
#3179=EDGE_CURVE('',#2520,#2401,#1115,.T.);
#3180=EDGE_CURVE('',#2521,#2455,#1116,.T.);
#3181=EDGE_CURVE('',#2522,#2521,#1117,.T.);
#3182=EDGE_CURVE('',#2523,#2522,#1118,.T.);
#3183=EDGE_CURVE('',#2523,#2524,#1119,.T.);
#3184=EDGE_CURVE('',#2525,#2524,#1120,.T.);
#3185=EDGE_CURVE('',#2525,#2526,#1121,.T.);
#3186=EDGE_CURVE('',#2526,#2527,#1122,.T.);
#3187=EDGE_CURVE('',#2527,#2528,#1123,.T.);
#3188=EDGE_CURVE('',#2529,#2528,#1124,.T.);
#3189=EDGE_CURVE('',#2529,#2530,#1125,.T.);
#3190=EDGE_CURVE('',#2531,#2530,#1126,.T.);
#3191=EDGE_CURVE('',#2531,#2532,#1127,.T.);
#3192=EDGE_CURVE('',#2532,#2427,#1128,.T.);
#3193=EDGE_CURVE('',#2426,#2407,#1129,.T.);
#3194=EDGE_CURVE('',#2533,#2534,#1130,.T.);
#3195=EDGE_CURVE('',#2534,#2515,#1131,.T.);
#3196=EDGE_CURVE('',#2514,#2533,#1132,.T.);
#3197=EDGE_CURVE('',#2535,#2534,#1133,.T.);
#3198=EDGE_CURVE('',#2516,#2535,#1134,.T.);
#3199=EDGE_CURVE('',#2405,#2424,#1135,.T.);
#3200=EDGE_CURVE('',#2536,#2425,#1136,.T.);
#3201=EDGE_CURVE('',#2537,#2536,#1137,.T.);
#3202=EDGE_CURVE('',#2538,#2537,#1138,.T.);
#3203=EDGE_CURVE('',#2538,#2539,#1139,.T.);
#3204=EDGE_CURVE('',#2540,#2539,#1140,.T.);
#3205=EDGE_CURVE('',#2540,#2541,#1141,.T.);
#3206=EDGE_CURVE('',#2541,#2542,#1142,.T.);
#3207=EDGE_CURVE('',#2542,#2543,#1143,.T.);
#3208=EDGE_CURVE('',#2544,#2543,#1144,.T.);
#3209=EDGE_CURVE('',#2544,#2545,#1145,.T.);
#3210=EDGE_CURVE('',#2546,#2545,#1146,.T.);
#3211=EDGE_CURVE('',#2547,#2546,#1147,.T.);
#3212=EDGE_CURVE('',#2454,#2547,#1148,.T.);
#3213=EDGE_CURVE('',#2548,#2402,#1149,.T.);
#3214=EDGE_CURVE('',#2548,#2549,#1150,.T.);
#3215=EDGE_CURVE('',#2550,#2549,#1151,.T.);
#3216=EDGE_CURVE('',#2550,#2535,#1152,.T.);
#3217=EDGE_CURVE('',#2533,#2551,#1153,.T.);
#3218=EDGE_CURVE('',#2551,#2552,#1154,.T.);
#3219=EDGE_CURVE('',#2552,#2553,#1155,.T.);
#3220=EDGE_CURVE('',#2554,#2553,#1156,.T.);
#3221=EDGE_CURVE('',#2554,#2555,#1157,.T.);
#3222=EDGE_CURVE('',#2555,#2556,#1158,.T.);
#3223=EDGE_CURVE('',#2557,#2556,#1159,.T.);
#3224=EDGE_CURVE('',#2557,#2558,#1160,.T.);
#3225=EDGE_CURVE('',#2559,#2558,#1161,.T.);
#3226=EDGE_CURVE('',#2560,#2559,#1162,.T.);
#3227=EDGE_CURVE('',#2561,#2560,#1163,.T.);
#3228=EDGE_CURVE('',#2561,#2562,#1164,.T.);
#3229=EDGE_CURVE('',#2562,#2203,#1165,.T.);
#3230=EDGE_CURVE('',#2563,#2390,#1166,.T.);
#3231=EDGE_CURVE('',#2563,#2564,#1167,.T.);
#3232=EDGE_CURVE('',#2565,#2564,#1168,.T.);
#3233=EDGE_CURVE('',#2565,#2566,#1169,.T.);
#3234=EDGE_CURVE('',#2566,#2567,#1170,.T.);
#3235=EDGE_CURVE('',#2567,#2568,#1171,.T.);
#3236=EDGE_CURVE('',#2569,#2568,#1172,.T.);
#3237=EDGE_CURVE('',#2569,#2570,#1173,.T.);
#3238=EDGE_CURVE('',#2571,#2570,#1174,.T.);
#3239=EDGE_CURVE('',#2572,#2571,#1175,.T.);
#3240=EDGE_CURVE('',#2440,#2572,#1176,.T.);
#3241=EDGE_CURVE('',#2437,#2432,#1177,.T.);
#3242=EDGE_CURVE('',#2573,#2433,#1178,.T.);
#3243=EDGE_CURVE('',#2574,#2573,#1179,.T.);
#3244=EDGE_CURVE('',#2575,#2574,#1180,.T.);
#3245=EDGE_CURVE('',#2575,#2576,#1181,.T.);
#3246=EDGE_CURVE('',#2577,#2576,#1182,.T.);
#3247=EDGE_CURVE('',#2577,#2578,#1183,.T.);
#3248=EDGE_CURVE('',#2578,#2579,#1184,.T.);
#3249=EDGE_CURVE('',#2579,#2580,#1185,.T.);
#3250=EDGE_CURVE('',#2581,#2580,#1186,.T.);
#3251=EDGE_CURVE('',#2581,#2582,#1187,.T.);
#3252=EDGE_CURVE('',#2583,#2582,#1188,.T.);
#3253=EDGE_CURVE('',#2584,#2583,#1189,.T.);
#3254=EDGE_CURVE('',#2416,#2584,#1190,.T.);
#3255=EDGE_CURVE('',#2413,#2420,#1191,.T.);
#3256=EDGE_CURVE('',#2585,#2421,#1192,.T.);
#3257=EDGE_CURVE('',#2586,#2585,#1193,.T.);
#3258=EDGE_CURVE('',#2587,#2586,#1194,.T.);
#3259=EDGE_CURVE('',#2587,#2588,#1195,.T.);
#3260=EDGE_CURVE('',#2589,#2588,#1196,.T.);
#3261=EDGE_CURVE('',#2589,#2590,#1197,.T.);
#3262=EDGE_CURVE('',#2590,#2591,#1198,.T.);
#3263=EDGE_CURVE('',#2591,#2592,#1199,.T.);
#3264=EDGE_CURVE('',#2593,#2592,#1200,.T.);
#3265=EDGE_CURVE('',#2593,#2594,#1201,.T.);
#3266=EDGE_CURVE('',#2595,#2594,#1202,.T.);
#3267=EDGE_CURVE('',#2596,#2595,#1203,.T.);
#3268=EDGE_CURVE('',#2448,#2596,#1204,.T.);
#3269=EDGE_CURVE('',#2445,#2428,#1205,.T.);
#3270=EDGE_CURVE('',#2597,#2429,#1206,.T.);
#3271=EDGE_CURVE('',#2598,#2597,#1207,.T.);
#3272=EDGE_CURVE('',#2599,#2598,#1208,.T.);
#3273=EDGE_CURVE('',#2599,#2600,#1209,.T.);
#3274=EDGE_CURVE('',#2601,#2600,#1210,.T.);
#3275=EDGE_CURVE('',#2601,#2602,#1211,.T.);
#3276=EDGE_CURVE('',#2602,#2603,#1212,.T.);
#3277=EDGE_CURVE('',#2603,#2604,#1213,.T.);
#3278=EDGE_CURVE('',#2605,#2604,#1214,.T.);
#3279=EDGE_CURVE('',#2605,#2606,#1215,.T.);
#3280=EDGE_CURVE('',#2607,#2606,#1216,.T.);
#3281=EDGE_CURVE('',#2608,#2607,#1217,.T.);
#3282=EDGE_CURVE('',#2408,#2608,#1218,.T.);
#3283=EDGE_CURVE('',#2553,#2511,#1219,.T.);
#3284=EDGE_CURVE('',#2510,#2554,#1220,.T.);
#3285=EDGE_CURVE('',#2509,#2555,#1221,.T.);
#3286=EDGE_CURVE('',#2609,#2559,#1222,.T.);
#3287=EDGE_CURVE('',#2558,#2610,#1223,.F.);
#3288=EDGE_CURVE('',#2610,#2609,#1224,.T.);
#3289=EDGE_CURVE('',#2611,#2610,#1225,.T.);
#3290=EDGE_CURVE('',#2612,#2611,#1226,.T.);
#3291=EDGE_CURVE('',#2612,#2609,#1227,.T.);
#3292=EDGE_CURVE('',#2556,#2613,#1228,.T.);
#3293=EDGE_CURVE('',#2613,#2614,#1229,.T.);
#3294=EDGE_CURVE('',#2614,#2557,#1230,.F.);
#3295=EDGE_CURVE('',#2615,#2508,#1231,.T.);
#3296=EDGE_CURVE('',#2615,#2613,#1232,.T.);
#3297=EDGE_CURVE('',#2616,#2565,#1233,.T.);
#3298=EDGE_CURVE('',#2564,#2617,#1234,.F.);
#3299=EDGE_CURVE('',#2617,#2616,#1235,.T.);
#3300=EDGE_CURVE('',#2618,#2617,#1236,.T.);
#3301=EDGE_CURVE('',#2619,#2618,#1237,.T.);
#3302=EDGE_CURVE('',#2616,#2619,#1238,.T.);
#3303=EDGE_CURVE('',#2223,#2563,#1239,.F.);
#3304=EDGE_CURVE('',#2507,#2620,#1240,.F.);
#3305=EDGE_CURVE('',#2620,#2615,#1241,.T.);
#3306=EDGE_CURVE('',#2620,#2614,#1242,.T.);
#3307=EDGE_CURVE('',#2505,#2612,#1243,.T.);
#3308=EDGE_CURVE('',#2611,#2506,#1244,.F.);
#3309=EDGE_CURVE('',#2504,#2560,#1245,.T.);
#3310=EDGE_CURVE('',#2499,#2619,#1246,.T.);
#3311=EDGE_CURVE('',#2618,#2500,#1247,.F.);
#3312=EDGE_CURVE('',#2498,#2566,#1248,.T.);
#3313=EDGE_CURVE('',#2221,#2502,#1249,.T.);
#3314=EDGE_CURVE('',#2501,#2222,#1250,.F.);
#3315=EDGE_CURVE('',#2621,#2540,#1251,.T.);
#3316=EDGE_CURVE('',#2539,#2622,#1252,.F.);
#3317=EDGE_CURVE('',#2622,#2621,#1253,.T.);
#3318=EDGE_CURVE('',#2623,#2622,#1254,.T.);
#3319=EDGE_CURVE('',#2624,#2623,#1255,.T.);
#3320=EDGE_CURVE('',#2621,#2624,#1256,.T.);
#3321=EDGE_CURVE('',#2604,#2625,#1257,.T.);
#3322=EDGE_CURVE('',#2625,#2626,#1258,.T.);
#3323=EDGE_CURVE('',#2626,#2605,#1259,.F.);
#3324=EDGE_CURVE('',#2461,#2603,#1260,.T.);
#3325=EDGE_CURVE('',#2627,#2460,#1261,.T.);
#3326=EDGE_CURVE('',#2627,#2625,#1262,.T.);
#3327=EDGE_CURVE('',#2628,#2601,#1263,.T.);
#3328=EDGE_CURVE('',#2600,#2629,#1264,.F.);
#3329=EDGE_CURVE('',#2629,#2628,#1265,.T.);
#3330=EDGE_CURVE('',#2630,#2629,#1266,.T.);
#3331=EDGE_CURVE('',#2631,#2630,#1267,.T.);
#3332=EDGE_CURVE('',#2628,#2631,#1268,.T.);
#3333=EDGE_CURVE('',#2592,#2632,#1269,.T.);
#3334=EDGE_CURVE('',#2632,#2633,#1270,.T.);
#3335=EDGE_CURVE('',#2633,#2593,#1271,.F.);
#3336=EDGE_CURVE('',#2473,#2591,#1272,.T.);
#3337=EDGE_CURVE('',#2634,#2472,#1273,.T.);
#3338=EDGE_CURVE('',#2634,#2632,#1274,.T.);
#3339=EDGE_CURVE('',#2635,#2589,#1275,.T.);
#3340=EDGE_CURVE('',#2588,#2636,#1276,.F.);
#3341=EDGE_CURVE('',#2636,#2635,#1277,.T.);
#3342=EDGE_CURVE('',#2637,#2636,#1278,.T.);
#3343=EDGE_CURVE('',#2638,#2637,#1279,.T.);
#3344=EDGE_CURVE('',#2635,#2638,#1280,.T.);
#3345=EDGE_CURVE('',#2580,#2639,#1281,.T.);
#3346=EDGE_CURVE('',#2639,#2640,#1282,.T.);
#3347=EDGE_CURVE('',#2640,#2581,#1283,.F.);
#3348=EDGE_CURVE('',#2485,#2579,#1284,.T.);
#3349=EDGE_CURVE('',#2641,#2484,#1285,.T.);
#3350=EDGE_CURVE('',#2641,#2639,#1286,.T.);
#3351=EDGE_CURVE('',#2642,#2577,#1287,.T.);
#3352=EDGE_CURVE('',#2576,#2643,#1288,.F.);
#3353=EDGE_CURVE('',#2643,#2642,#1289,.T.);
#3354=EDGE_CURVE('',#2644,#2643,#1290,.T.);
#3355=EDGE_CURVE('',#2645,#2644,#1291,.T.);
#3356=EDGE_CURVE('',#2642,#2645,#1292,.T.);
#3357=EDGE_CURVE('',#2568,#2646,#1293,.T.);
#3358=EDGE_CURVE('',#2646,#2647,#1294,.T.);
#3359=EDGE_CURVE('',#2647,#2569,#1295,.F.);
#3360=EDGE_CURVE('',#2497,#2567,#1296,.T.);
#3361=EDGE_CURVE('',#2648,#2496,#1297,.T.);
#3362=EDGE_CURVE('',#2648,#2646,#1298,.T.);
#3363=EDGE_CURVE('',#2649,#2571,#1299,.T.);
#3364=EDGE_CURVE('',#2570,#2650,#1300,.F.);
#3365=EDGE_CURVE('',#2650,#2649,#1301,.T.);
#3366=EDGE_CURVE('',#2651,#2650,#1302,.T.);
#3367=EDGE_CURVE('',#2652,#2651,#1303,.T.);
#3368=EDGE_CURVE('',#2652,#2649,#1304,.T.);
#3369=EDGE_CURVE('',#2574,#2653,#1305,.T.);
#3370=EDGE_CURVE('',#2653,#2654,#1306,.T.);
#3371=EDGE_CURVE('',#2654,#2575,#1307,.F.);
#3372=EDGE_CURVE('',#2491,#2573,#1308,.T.);
#3373=EDGE_CURVE('',#2655,#2490,#1309,.T.);
#3374=EDGE_CURVE('',#2655,#2653,#1310,.T.);
#3375=EDGE_CURVE('',#2656,#2583,#1311,.T.);
#3376=EDGE_CURVE('',#2582,#2657,#1312,.F.);
#3377=EDGE_CURVE('',#2657,#2656,#1313,.T.);
#3378=EDGE_CURVE('',#2658,#2657,#1314,.T.);
#3379=EDGE_CURVE('',#2659,#2658,#1315,.T.);
#3380=EDGE_CURVE('',#2659,#2656,#1316,.T.);
#3381=EDGE_CURVE('',#2586,#2660,#1317,.T.);
#3382=EDGE_CURVE('',#2660,#2661,#1318,.T.);
#3383=EDGE_CURVE('',#2661,#2587,#1319,.F.);
#3384=EDGE_CURVE('',#2479,#2585,#1320,.T.);
#3385=EDGE_CURVE('',#2662,#2478,#1321,.T.);
#3386=EDGE_CURVE('',#2662,#2660,#1322,.T.);
#3387=EDGE_CURVE('',#2663,#2595,#1323,.T.);
#3388=EDGE_CURVE('',#2594,#2664,#1324,.F.);
#3389=EDGE_CURVE('',#2664,#2663,#1325,.T.);
#3390=EDGE_CURVE('',#2665,#2664,#1326,.T.);
#3391=EDGE_CURVE('',#2666,#2665,#1327,.T.);
#3392=EDGE_CURVE('',#2666,#2663,#1328,.T.);
#3393=EDGE_CURVE('',#2598,#2667,#1329,.T.);
#3394=EDGE_CURVE('',#2667,#2668,#1330,.T.);
#3395=EDGE_CURVE('',#2668,#2599,#1331,.F.);
#3396=EDGE_CURVE('',#2467,#2597,#1332,.T.);
#3397=EDGE_CURVE('',#2669,#2466,#1333,.T.);
#3398=EDGE_CURVE('',#2669,#2667,#1334,.T.);
#3399=EDGE_CURVE('',#2670,#2607,#1335,.T.);
#3400=EDGE_CURVE('',#2606,#2671,#1336,.F.);
#3401=EDGE_CURVE('',#2671,#2670,#1337,.T.);
#3402=EDGE_CURVE('',#2672,#2671,#1338,.T.);
#3403=EDGE_CURVE('',#2673,#2672,#1339,.T.);
#3404=EDGE_CURVE('',#2673,#2670,#1340,.T.);
#3405=EDGE_CURVE('',#2537,#2674,#1341,.T.);
#3406=EDGE_CURVE('',#2674,#2675,#1342,.T.);
#3407=EDGE_CURVE('',#2675,#2538,#1343,.F.);
#3408=EDGE_CURVE('',#2495,#2676,#1344,.F.);
#3409=EDGE_CURVE('',#2676,#2648,#1345,.T.);
#3410=EDGE_CURVE('',#2676,#2647,#1346,.T.);
#3411=EDGE_CURVE('',#2493,#2652,#1347,.T.);
#3412=EDGE_CURVE('',#2651,#2494,#1348,.F.);
#3413=EDGE_CURVE('',#2492,#2572,#1349,.T.);
#3414=EDGE_CURVE('',#2489,#2677,#1350,.F.);
#3415=EDGE_CURVE('',#2677,#2655,#1351,.T.);
#3416=EDGE_CURVE('',#2677,#2654,#1352,.T.);
#3417=EDGE_CURVE('',#2487,#2645,#1353,.T.);
#3418=EDGE_CURVE('',#2644,#2488,#1354,.F.);
#3419=EDGE_CURVE('',#2486,#2578,#1355,.T.);
#3420=EDGE_CURVE('',#2483,#2678,#1356,.F.);
#3421=EDGE_CURVE('',#2678,#2641,#1357,.T.);
#3422=EDGE_CURVE('',#2678,#2640,#1358,.T.);
#3423=EDGE_CURVE('',#2481,#2659,#1359,.T.);
#3424=EDGE_CURVE('',#2658,#2482,#1360,.F.);
#3425=EDGE_CURVE('',#2480,#2584,#1361,.T.);
#3426=EDGE_CURVE('',#2477,#2679,#1362,.F.);
#3427=EDGE_CURVE('',#2679,#2662,#1363,.T.);
#3428=EDGE_CURVE('',#2679,#2661,#1364,.T.);
#3429=EDGE_CURVE('',#2475,#2638,#1365,.T.);
#3430=EDGE_CURVE('',#2637,#2476,#1366,.F.);
#3431=EDGE_CURVE('',#2474,#2590,#1367,.T.);
#3432=EDGE_CURVE('',#2471,#2680,#1368,.F.);
#3433=EDGE_CURVE('',#2680,#2634,#1369,.T.);
#3434=EDGE_CURVE('',#2680,#2633,#1370,.T.);
#3435=EDGE_CURVE('',#2469,#2666,#1371,.T.);
#3436=EDGE_CURVE('',#2665,#2470,#1372,.F.);
#3437=EDGE_CURVE('',#2468,#2596,#1373,.T.);
#3438=EDGE_CURVE('',#2465,#2681,#1374,.F.);
#3439=EDGE_CURVE('',#2681,#2669,#1375,.T.);
#3440=EDGE_CURVE('',#2681,#2668,#1376,.T.);
#3441=EDGE_CURVE('',#2463,#2631,#1377,.T.);
#3442=EDGE_CURVE('',#2630,#2464,#1378,.F.);
#3443=EDGE_CURVE('',#2462,#2602,#1379,.T.);
#3444=EDGE_CURVE('',#2459,#2682,#1380,.F.);
#3445=EDGE_CURVE('',#2682,#2627,#1381,.T.);
#3446=EDGE_CURVE('',#2682,#2626,#1382,.T.);
#3447=EDGE_CURVE('',#2457,#2673,#1383,.T.);
#3448=EDGE_CURVE('',#2672,#2458,#1384,.F.);
#3449=EDGE_CURVE('',#2456,#2608,#1385,.T.);
#3450=EDGE_CURVE('',#2528,#2624,#1386,.T.);
#3451=EDGE_CURVE('',#2623,#2529,#1387,.F.);
#3452=EDGE_CURVE('',#2527,#2541,#1388,.T.);
#3453=EDGE_CURVE('',#2683,#2531,#1389,.T.);
#3454=EDGE_CURVE('',#2530,#2684,#1390,.F.);
#3455=EDGE_CURVE('',#2684,#2683,#1391,.T.);
#3456=EDGE_CURVE('',#2683,#2674,#1392,.T.);
#3457=EDGE_CURVE('',#2684,#2675,#1393,.T.);
#3458=EDGE_CURVE('',#2286,#2520,#1394,.T.);
#3459=EDGE_CURVE('',#2519,#2287,#1395,.F.);
#3460=EDGE_CURVE('',#2522,#2685,#1396,.T.);
#3461=EDGE_CURVE('',#2685,#2686,#1397,.T.);
#3462=EDGE_CURVE('',#2686,#2523,#1398,.F.);
#3463=EDGE_CURVE('',#2288,#2548,#1399,.F.);
#3464=EDGE_CURVE('',#2687,#2546,#1400,.T.);
#3465=EDGE_CURVE('',#2545,#2688,#1401,.F.);
#3466=EDGE_CURVE('',#2688,#2687,#1402,.T.);
#3467=EDGE_CURVE('',#2685,#2687,#1403,.T.);
#3468=EDGE_CURVE('',#2686,#2688,#1404,.T.);
#3469=EDGE_CURVE('',#2689,#2550,#1405,.T.);
#3470=EDGE_CURVE('',#2549,#2690,#1406,.F.);
#3471=EDGE_CURVE('',#2690,#2689,#1407,.T.);
#3472=EDGE_CURVE('',#2691,#2690,#1408,.T.);
#3473=EDGE_CURVE('',#2692,#2691,#1409,.T.);
#3474=EDGE_CURVE('',#2689,#2692,#1410,.T.);
#3475=EDGE_CURVE('',#2543,#2693,#1411,.T.);
#3476=EDGE_CURVE('',#2693,#2694,#1412,.T.);
#3477=EDGE_CURVE('',#2694,#2544,#1413,.F.);
#3478=EDGE_CURVE('',#2517,#2692,#1414,.T.);
#3479=EDGE_CURVE('',#2691,#2518,#1415,.F.);
#3480=EDGE_CURVE('',#2695,#2525,#1416,.T.);
#3481=EDGE_CURVE('',#2524,#2696,#1417,.F.);
#3482=EDGE_CURVE('',#2696,#2695,#1418,.T.);
#3483=EDGE_CURVE('',#2695,#2693,#1419,.T.);
#3484=EDGE_CURVE('',#2696,#2694,#1420,.T.);
#3485=EDGE_CURVE('',#2561,#2503,#1421,.T.);
#3486=EDGE_CURVE('',#2169,#2562,#1422,.T.);
#3487=EDGE_CURVE('',#2532,#2536,#1423,.T.);
#3488=EDGE_CURVE('',#2521,#2547,#1424,.T.);
#3489=EDGE_CURVE('',#2526,#2542,#1425,.T.);
#3490=EDGE_CURVE('',#2513,#2551,#1426,.T.);
#3491=EDGE_CURVE('',#2512,#2552,#1427,.T.);
#3492=ORIENTED_EDGE('',*,*,#2697,.F.);
#3493=ORIENTED_EDGE('',*,*,#2698,.F.);
#3494=ORIENTED_EDGE('',*,*,#2699,.F.);
#3495=ORIENTED_EDGE('',*,*,#2700,.F.);
#3496=ORIENTED_EDGE('',*,*,#2701,.F.);
#3497=ORIENTED_EDGE('',*,*,#2702,.F.);
#3498=ORIENTED_EDGE('',*,*,#2703,.F.);
#3499=ORIENTED_EDGE('',*,*,#2704,.F.);
#3500=ORIENTED_EDGE('',*,*,#2705,.F.);
#3501=ORIENTED_EDGE('',*,*,#2700,.T.);
#3502=ORIENTED_EDGE('',*,*,#2706,.F.);
#3503=ORIENTED_EDGE('',*,*,#2702,.T.);
#3504=ORIENTED_EDGE('',*,*,#2707,.T.);
#3505=ORIENTED_EDGE('',*,*,#2697,.T.);
#3506=ORIENTED_EDGE('',*,*,#2705,.T.);
#3507=ORIENTED_EDGE('',*,*,#2701,.T.);
#3508=ORIENTED_EDGE('',*,*,#2708,.F.);
#3509=ORIENTED_EDGE('',*,*,#2709,.T.);
#3510=ORIENTED_EDGE('',*,*,#2710,.T.);
#3511=ORIENTED_EDGE('',*,*,#2711,.T.);
#3512=ORIENTED_EDGE('',*,*,#2712,.F.);
#3513=ORIENTED_EDGE('',*,*,#2713,.T.);
#3514=ORIENTED_EDGE('',*,*,#2714,.T.);
#3515=ORIENTED_EDGE('',*,*,#2715,.T.);
#3516=ORIENTED_EDGE('',*,*,#2716,.F.);
#3517=ORIENTED_EDGE('',*,*,#2717,.T.);
#3518=ORIENTED_EDGE('',*,*,#2718,.T.);
#3519=ORIENTED_EDGE('',*,*,#2719,.T.);
#3520=ORIENTED_EDGE('',*,*,#2720,.F.);
#3521=ORIENTED_EDGE('',*,*,#2721,.T.);
#3522=ORIENTED_EDGE('',*,*,#2722,.T.);
#3523=ORIENTED_EDGE('',*,*,#2723,.T.);
#3524=ORIENTED_EDGE('',*,*,#2724,.F.);
#3525=ORIENTED_EDGE('',*,*,#2725,.T.);
#3526=ORIENTED_EDGE('',*,*,#2726,.T.);
#3527=ORIENTED_EDGE('',*,*,#2727,.T.);
#3528=ORIENTED_EDGE('',*,*,#2728,.F.);
#3529=ORIENTED_EDGE('',*,*,#2729,.T.);
#3530=ORIENTED_EDGE('',*,*,#2730,.T.);
#3531=ORIENTED_EDGE('',*,*,#2731,.T.);
#3532=ORIENTED_EDGE('',*,*,#2732,.F.);
#3533=ORIENTED_EDGE('',*,*,#2733,.F.);
#3534=ORIENTED_EDGE('',*,*,#2734,.T.);
#3535=ORIENTED_EDGE('',*,*,#2735,.F.);
#3536=ORIENTED_EDGE('',*,*,#2736,.F.);
#3537=ORIENTED_EDGE('',*,*,#2704,.T.);
#3538=ORIENTED_EDGE('',*,*,#2737,.F.);
#3539=ORIENTED_EDGE('',*,*,#2738,.T.);
#3540=ORIENTED_EDGE('',*,*,#2708,.T.);
#3541=ORIENTED_EDGE('',*,*,#2739,.F.);
#3542=ORIENTED_EDGE('',*,*,#2740,.F.);
#3543=ORIENTED_EDGE('',*,*,#2741,.F.);
#3544=ORIENTED_EDGE('',*,*,#2742,.F.);
#3545=ORIENTED_EDGE('',*,*,#2741,.T.);
#3546=ORIENTED_EDGE('',*,*,#2743,.F.);
#3547=ORIENTED_EDGE('',*,*,#2744,.T.);
#3548=ORIENTED_EDGE('',*,*,#2745,.F.);
#3549=ORIENTED_EDGE('',*,*,#2746,.T.);
#3550=ORIENTED_EDGE('',*,*,#2747,.F.);
#3551=ORIENTED_EDGE('',*,*,#2748,.T.);
#3552=ORIENTED_EDGE('',*,*,#2749,.F.);
#3553=ORIENTED_EDGE('',*,*,#2750,.T.);
#3554=ORIENTED_EDGE('',*,*,#2751,.F.);
#3555=ORIENTED_EDGE('',*,*,#2752,.T.);
#3556=ORIENTED_EDGE('',*,*,#2753,.F.);
#3557=ORIENTED_EDGE('',*,*,#2754,.T.);
#3558=ORIENTED_EDGE('',*,*,#2755,.F.);
#3559=ORIENTED_EDGE('',*,*,#2756,.F.);
#3560=ORIENTED_EDGE('',*,*,#2757,.T.);
#3561=ORIENTED_EDGE('',*,*,#2758,.F.);
#3562=ORIENTED_EDGE('',*,*,#2759,.F.);
#3563=ORIENTED_EDGE('',*,*,#2740,.T.);
#3564=ORIENTED_EDGE('',*,*,#2760,.F.);
#3565=ORIENTED_EDGE('',*,*,#2761,.T.);
#3566=ORIENTED_EDGE('',*,*,#2743,.T.);
#3567=ORIENTED_EDGE('',*,*,#2762,.F.);
#3568=ORIENTED_EDGE('',*,*,#2763,.T.);
#3569=ORIENTED_EDGE('',*,*,#2707,.F.);
#3570=ORIENTED_EDGE('',*,*,#2763,.F.);
#3571=ORIENTED_EDGE('',*,*,#2764,.F.);
#3572=ORIENTED_EDGE('',*,*,#2765,.F.);
#3573=ORIENTED_EDGE('',*,*,#2766,.F.);
#3574=ORIENTED_EDGE('',*,*,#2767,.F.);
#3575=ORIENTED_EDGE('',*,*,#2768,.F.);
#3576=ORIENTED_EDGE('',*,*,#2769,.F.);
#3577=ORIENTED_EDGE('',*,*,#2768,.T.);
#3578=ORIENTED_EDGE('',*,*,#2770,.F.);
#3579=ORIENTED_EDGE('',*,*,#2771,.T.);
#3580=ORIENTED_EDGE('',*,*,#2772,.T.);
#3581=ORIENTED_EDGE('',*,*,#2773,.F.);
#3582=ORIENTED_EDGE('',*,*,#2771,.F.);
#3583=ORIENTED_EDGE('',*,*,#2774,.F.);
#3584=ORIENTED_EDGE('',*,*,#2775,.F.);
#3585=ORIENTED_EDGE('',*,*,#2776,.F.);
#3586=ORIENTED_EDGE('',*,*,#2765,.T.);
#3587=ORIENTED_EDGE('',*,*,#2777,.F.);
#3588=ORIENTED_EDGE('',*,*,#2778,.T.);
#3589=ORIENTED_EDGE('',*,*,#2779,.T.);
#3590=ORIENTED_EDGE('',*,*,#2776,.T.);
#3591=ORIENTED_EDGE('',*,*,#2780,.T.);
#3592=ORIENTED_EDGE('',*,*,#2781,.F.);
#3593=ORIENTED_EDGE('',*,*,#2782,.F.);
#3594=ORIENTED_EDGE('',*,*,#2774,.T.);
#3595=ORIENTED_EDGE('',*,*,#2770,.T.);
#3596=ORIENTED_EDGE('',*,*,#2767,.T.);
#3597=ORIENTED_EDGE('',*,*,#2783,.F.);
#3598=ORIENTED_EDGE('',*,*,#2784,.T.);
#3599=ORIENTED_EDGE('',*,*,#2785,.T.);
#3600=ORIENTED_EDGE('',*,*,#2786,.T.);
#3601=ORIENTED_EDGE('',*,*,#2787,.F.);
#3602=ORIENTED_EDGE('',*,*,#2788,.T.);
#3603=ORIENTED_EDGE('',*,*,#2789,.T.);
#3604=ORIENTED_EDGE('',*,*,#2790,.T.);
#3605=ORIENTED_EDGE('',*,*,#2791,.F.);
#3606=ORIENTED_EDGE('',*,*,#2792,.T.);
#3607=ORIENTED_EDGE('',*,*,#2793,.T.);
#3608=ORIENTED_EDGE('',*,*,#2794,.T.);
#3609=ORIENTED_EDGE('',*,*,#2795,.F.);
#3610=ORIENTED_EDGE('',*,*,#2796,.T.);
#3611=ORIENTED_EDGE('',*,*,#2797,.T.);
#3612=ORIENTED_EDGE('',*,*,#2798,.T.);
#3613=ORIENTED_EDGE('',*,*,#2799,.F.);
#3614=ORIENTED_EDGE('',*,*,#2800,.T.);
#3615=ORIENTED_EDGE('',*,*,#2801,.T.);
#3616=ORIENTED_EDGE('',*,*,#2802,.T.);
#3617=ORIENTED_EDGE('',*,*,#2803,.F.);
#3618=ORIENTED_EDGE('',*,*,#2804,.T.);
#3619=ORIENTED_EDGE('',*,*,#2805,.T.);
#3620=ORIENTED_EDGE('',*,*,#2806,.T.);
#3621=ORIENTED_EDGE('',*,*,#2807,.F.);
#3622=ORIENTED_EDGE('',*,*,#2808,.F.);
#3623=ORIENTED_EDGE('',*,*,#2809,.T.);
#3624=ORIENTED_EDGE('',*,*,#2810,.F.);
#3625=ORIENTED_EDGE('',*,*,#2811,.F.);
#3626=ORIENTED_EDGE('',*,*,#2766,.T.);
#3627=ORIENTED_EDGE('',*,*,#2779,.F.);
#3628=ORIENTED_EDGE('',*,*,#2812,.T.);
#3629=ORIENTED_EDGE('',*,*,#2783,.T.);
#3630=ORIENTED_EDGE('',*,*,#2775,.T.);
#3631=ORIENTED_EDGE('',*,*,#2811,.T.);
#3632=ORIENTED_EDGE('',*,*,#2813,.F.);
#3633=ORIENTED_EDGE('',*,*,#2780,.F.);
#3634=ORIENTED_EDGE('',*,*,#2814,.F.);
#3635=ORIENTED_EDGE('',*,*,#2815,.F.);
#3636=ORIENTED_EDGE('',*,*,#2816,.F.);
#3637=ORIENTED_EDGE('',*,*,#2817,.F.);
#3638=ORIENTED_EDGE('',*,*,#2816,.T.);
#3639=ORIENTED_EDGE('',*,*,#2818,.F.);
#3640=ORIENTED_EDGE('',*,*,#2819,.T.);
#3641=ORIENTED_EDGE('',*,*,#2820,.F.);
#3642=ORIENTED_EDGE('',*,*,#2821,.T.);
#3643=ORIENTED_EDGE('',*,*,#2822,.F.);
#3644=ORIENTED_EDGE('',*,*,#2823,.T.);
#3645=ORIENTED_EDGE('',*,*,#2824,.F.);
#3646=ORIENTED_EDGE('',*,*,#2825,.T.);
#3647=ORIENTED_EDGE('',*,*,#2826,.F.);
#3648=ORIENTED_EDGE('',*,*,#2827,.T.);
#3649=ORIENTED_EDGE('',*,*,#2828,.F.);
#3650=ORIENTED_EDGE('',*,*,#2829,.T.);
#3651=ORIENTED_EDGE('',*,*,#2830,.F.);
#3652=ORIENTED_EDGE('',*,*,#2831,.F.);
#3653=ORIENTED_EDGE('',*,*,#2832,.T.);
#3654=ORIENTED_EDGE('',*,*,#2833,.F.);
#3655=ORIENTED_EDGE('',*,*,#2834,.F.);
#3656=ORIENTED_EDGE('',*,*,#2815,.T.);
#3657=ORIENTED_EDGE('',*,*,#2835,.F.);
#3658=ORIENTED_EDGE('',*,*,#2836,.T.);
#3659=ORIENTED_EDGE('',*,*,#2818,.T.);
#3660=ORIENTED_EDGE('',*,*,#2837,.F.);
#3661=ORIENTED_EDGE('',*,*,#2838,.T.);
#3662=ORIENTED_EDGE('',*,*,#2772,.F.);
#3663=ORIENTED_EDGE('',*,*,#2838,.F.);
#3664=ORIENTED_EDGE('',*,*,#2709,.F.);
#3665=ORIENTED_EDGE('',*,*,#2738,.F.);
#3666=ORIENTED_EDGE('',*,*,#2839,.F.);
#3667=ORIENTED_EDGE('',*,*,#2840,.F.);
#3668=ORIENTED_EDGE('',*,*,#2711,.F.);
#3669=ORIENTED_EDGE('',*,*,#2841,.F.);
#3670=ORIENTED_EDGE('',*,*,#2842,.F.);
#3671=ORIENTED_EDGE('',*,*,#2843,.F.);
#3672=ORIENTED_EDGE('',*,*,#2710,.F.);
#3673=ORIENTED_EDGE('',*,*,#2840,.T.);
#3674=ORIENTED_EDGE('',*,*,#2844,.F.);
#3675=ORIENTED_EDGE('',*,*,#2841,.T.);
#3676=ORIENTED_EDGE('',*,*,#2845,.T.);
#3677=ORIENTED_EDGE('',*,*,#2843,.T.);
#3678=ORIENTED_EDGE('',*,*,#2846,.F.);
#3679=ORIENTED_EDGE('',*,*,#2847,.T.);
#3680=ORIENTED_EDGE('',*,*,#2712,.T.);
#3681=ORIENTED_EDGE('',*,*,#2848,.F.);
#3682=ORIENTED_EDGE('',*,*,#2849,.F.);
#3683=ORIENTED_EDGE('',*,*,#2744,.F.);
#3684=ORIENTED_EDGE('',*,*,#2761,.F.);
#3685=ORIENTED_EDGE('',*,*,#2849,.T.);
#3686=ORIENTED_EDGE('',*,*,#2850,.F.);
#3687=ORIENTED_EDGE('',*,*,#2851,.T.);
#3688=ORIENTED_EDGE('',*,*,#2745,.T.);
#3689=ORIENTED_EDGE('',*,*,#2852,.F.);
#3690=ORIENTED_EDGE('',*,*,#2853,.T.);
#3691=ORIENTED_EDGE('',*,*,#2845,.F.);
#3692=ORIENTED_EDGE('',*,*,#2853,.F.);
#3693=ORIENTED_EDGE('',*,*,#2854,.F.);
#3694=ORIENTED_EDGE('',*,*,#2855,.F.);
#3695=ORIENTED_EDGE('',*,*,#2856,.F.);
#3696=ORIENTED_EDGE('',*,*,#2786,.F.);
#3697=ORIENTED_EDGE('',*,*,#2857,.F.);
#3698=ORIENTED_EDGE('',*,*,#2858,.F.);
#3699=ORIENTED_EDGE('',*,*,#2857,.T.);
#3700=ORIENTED_EDGE('',*,*,#2785,.F.);
#3701=ORIENTED_EDGE('',*,*,#2859,.T.);
#3702=ORIENTED_EDGE('',*,*,#2860,.T.);
#3703=ORIENTED_EDGE('',*,*,#2861,.F.);
#3704=ORIENTED_EDGE('',*,*,#2859,.F.);
#3705=ORIENTED_EDGE('',*,*,#2784,.F.);
#3706=ORIENTED_EDGE('',*,*,#2812,.F.);
#3707=ORIENTED_EDGE('',*,*,#2778,.F.);
#3708=ORIENTED_EDGE('',*,*,#2855,.T.);
#3709=ORIENTED_EDGE('',*,*,#2862,.F.);
#3710=ORIENTED_EDGE('',*,*,#2863,.T.);
#3711=ORIENTED_EDGE('',*,*,#2864,.T.);
#3712=ORIENTED_EDGE('',*,*,#2856,.T.);
#3713=ORIENTED_EDGE('',*,*,#2864,.F.);
#3714=ORIENTED_EDGE('',*,*,#2865,.T.);
#3715=ORIENTED_EDGE('',*,*,#2787,.T.);
#3716=ORIENTED_EDGE('',*,*,#2866,.F.);
#3717=ORIENTED_EDGE('',*,*,#2867,.F.);
#3718=ORIENTED_EDGE('',*,*,#2819,.F.);
#3719=ORIENTED_EDGE('',*,*,#2836,.F.);
#3720=ORIENTED_EDGE('',*,*,#2867,.T.);
#3721=ORIENTED_EDGE('',*,*,#2868,.F.);
#3722=ORIENTED_EDGE('',*,*,#2869,.T.);
#3723=ORIENTED_EDGE('',*,*,#2820,.T.);
#3724=ORIENTED_EDGE('',*,*,#2870,.F.);
#3725=ORIENTED_EDGE('',*,*,#2871,.T.);
#3726=ORIENTED_EDGE('',*,*,#2860,.F.);
#3727=ORIENTED_EDGE('',*,*,#2871,.F.);
#3728=ORIENTED_EDGE('',*,*,#2713,.F.);
#3729=ORIENTED_EDGE('',*,*,#2847,.F.);
#3730=ORIENTED_EDGE('',*,*,#2872,.F.);
#3731=ORIENTED_EDGE('',*,*,#2873,.F.);
#3732=ORIENTED_EDGE('',*,*,#2715,.F.);
#3733=ORIENTED_EDGE('',*,*,#2874,.F.);
#3734=ORIENTED_EDGE('',*,*,#2875,.F.);
#3735=ORIENTED_EDGE('',*,*,#2876,.F.);
#3736=ORIENTED_EDGE('',*,*,#2714,.F.);
#3737=ORIENTED_EDGE('',*,*,#2873,.T.);
#3738=ORIENTED_EDGE('',*,*,#2877,.F.);
#3739=ORIENTED_EDGE('',*,*,#2874,.T.);
#3740=ORIENTED_EDGE('',*,*,#2878,.T.);
#3741=ORIENTED_EDGE('',*,*,#2876,.T.);
#3742=ORIENTED_EDGE('',*,*,#2879,.F.);
#3743=ORIENTED_EDGE('',*,*,#2880,.T.);
#3744=ORIENTED_EDGE('',*,*,#2716,.T.);
#3745=ORIENTED_EDGE('',*,*,#2881,.F.);
#3746=ORIENTED_EDGE('',*,*,#2882,.F.);
#3747=ORIENTED_EDGE('',*,*,#2746,.F.);
#3748=ORIENTED_EDGE('',*,*,#2851,.F.);
#3749=ORIENTED_EDGE('',*,*,#2882,.T.);
#3750=ORIENTED_EDGE('',*,*,#2883,.F.);
#3751=ORIENTED_EDGE('',*,*,#2884,.T.);
#3752=ORIENTED_EDGE('',*,*,#2747,.T.);
#3753=ORIENTED_EDGE('',*,*,#2885,.F.);
#3754=ORIENTED_EDGE('',*,*,#2886,.T.);
#3755=ORIENTED_EDGE('',*,*,#2878,.F.);
#3756=ORIENTED_EDGE('',*,*,#2886,.F.);
#3757=ORIENTED_EDGE('',*,*,#2887,.F.);
#3758=ORIENTED_EDGE('',*,*,#2888,.F.);
#3759=ORIENTED_EDGE('',*,*,#2889,.F.);
#3760=ORIENTED_EDGE('',*,*,#2790,.F.);
#3761=ORIENTED_EDGE('',*,*,#2890,.F.);
#3762=ORIENTED_EDGE('',*,*,#2891,.F.);
#3763=ORIENTED_EDGE('',*,*,#2890,.T.);
#3764=ORIENTED_EDGE('',*,*,#2789,.F.);
#3765=ORIENTED_EDGE('',*,*,#2892,.T.);
#3766=ORIENTED_EDGE('',*,*,#2893,.T.);
#3767=ORIENTED_EDGE('',*,*,#2894,.F.);
#3768=ORIENTED_EDGE('',*,*,#2892,.F.);
#3769=ORIENTED_EDGE('',*,*,#2788,.F.);
#3770=ORIENTED_EDGE('',*,*,#2865,.F.);
#3771=ORIENTED_EDGE('',*,*,#2863,.F.);
#3772=ORIENTED_EDGE('',*,*,#2888,.T.);
#3773=ORIENTED_EDGE('',*,*,#2895,.F.);
#3774=ORIENTED_EDGE('',*,*,#2896,.T.);
#3775=ORIENTED_EDGE('',*,*,#2897,.T.);
#3776=ORIENTED_EDGE('',*,*,#2889,.T.);
#3777=ORIENTED_EDGE('',*,*,#2897,.F.);
#3778=ORIENTED_EDGE('',*,*,#2898,.T.);
#3779=ORIENTED_EDGE('',*,*,#2791,.T.);
#3780=ORIENTED_EDGE('',*,*,#2899,.F.);
#3781=ORIENTED_EDGE('',*,*,#2900,.F.);
#3782=ORIENTED_EDGE('',*,*,#2821,.F.);
#3783=ORIENTED_EDGE('',*,*,#2869,.F.);
#3784=ORIENTED_EDGE('',*,*,#2900,.T.);
#3785=ORIENTED_EDGE('',*,*,#2901,.F.);
#3786=ORIENTED_EDGE('',*,*,#2902,.T.);
#3787=ORIENTED_EDGE('',*,*,#2822,.T.);
#3788=ORIENTED_EDGE('',*,*,#2903,.F.);
#3789=ORIENTED_EDGE('',*,*,#2904,.T.);
#3790=ORIENTED_EDGE('',*,*,#2893,.F.);
#3791=ORIENTED_EDGE('',*,*,#2904,.F.);
#3792=ORIENTED_EDGE('',*,*,#2717,.F.);
#3793=ORIENTED_EDGE('',*,*,#2880,.F.);
#3794=ORIENTED_EDGE('',*,*,#2905,.F.);
#3795=ORIENTED_EDGE('',*,*,#2906,.F.);
#3796=ORIENTED_EDGE('',*,*,#2719,.F.);
#3797=ORIENTED_EDGE('',*,*,#2907,.F.);
#3798=ORIENTED_EDGE('',*,*,#2908,.F.);
#3799=ORIENTED_EDGE('',*,*,#2909,.F.);
#3800=ORIENTED_EDGE('',*,*,#2718,.F.);
#3801=ORIENTED_EDGE('',*,*,#2906,.T.);
#3802=ORIENTED_EDGE('',*,*,#2910,.F.);
#3803=ORIENTED_EDGE('',*,*,#2907,.T.);
#3804=ORIENTED_EDGE('',*,*,#2911,.T.);
#3805=ORIENTED_EDGE('',*,*,#2909,.T.);
#3806=ORIENTED_EDGE('',*,*,#2912,.F.);
#3807=ORIENTED_EDGE('',*,*,#2913,.T.);
#3808=ORIENTED_EDGE('',*,*,#2720,.T.);
#3809=ORIENTED_EDGE('',*,*,#2914,.F.);
#3810=ORIENTED_EDGE('',*,*,#2915,.F.);
#3811=ORIENTED_EDGE('',*,*,#2748,.F.);
#3812=ORIENTED_EDGE('',*,*,#2884,.F.);
#3813=ORIENTED_EDGE('',*,*,#2915,.T.);
#3814=ORIENTED_EDGE('',*,*,#2916,.F.);
#3815=ORIENTED_EDGE('',*,*,#2917,.T.);
#3816=ORIENTED_EDGE('',*,*,#2749,.T.);
#3817=ORIENTED_EDGE('',*,*,#2918,.F.);
#3818=ORIENTED_EDGE('',*,*,#2919,.T.);
#3819=ORIENTED_EDGE('',*,*,#2911,.F.);
#3820=ORIENTED_EDGE('',*,*,#2919,.F.);
#3821=ORIENTED_EDGE('',*,*,#2920,.F.);
#3822=ORIENTED_EDGE('',*,*,#2921,.F.);
#3823=ORIENTED_EDGE('',*,*,#2922,.F.);
#3824=ORIENTED_EDGE('',*,*,#2794,.F.);
#3825=ORIENTED_EDGE('',*,*,#2923,.F.);
#3826=ORIENTED_EDGE('',*,*,#2924,.F.);
#3827=ORIENTED_EDGE('',*,*,#2923,.T.);
#3828=ORIENTED_EDGE('',*,*,#2793,.F.);
#3829=ORIENTED_EDGE('',*,*,#2925,.T.);
#3830=ORIENTED_EDGE('',*,*,#2926,.T.);
#3831=ORIENTED_EDGE('',*,*,#2927,.F.);
#3832=ORIENTED_EDGE('',*,*,#2925,.F.);
#3833=ORIENTED_EDGE('',*,*,#2792,.F.);
#3834=ORIENTED_EDGE('',*,*,#2898,.F.);
#3835=ORIENTED_EDGE('',*,*,#2896,.F.);
#3836=ORIENTED_EDGE('',*,*,#2921,.T.);
#3837=ORIENTED_EDGE('',*,*,#2928,.F.);
#3838=ORIENTED_EDGE('',*,*,#2929,.T.);
#3839=ORIENTED_EDGE('',*,*,#2930,.T.);
#3840=ORIENTED_EDGE('',*,*,#2922,.T.);
#3841=ORIENTED_EDGE('',*,*,#2930,.F.);
#3842=ORIENTED_EDGE('',*,*,#2931,.T.);
#3843=ORIENTED_EDGE('',*,*,#2795,.T.);
#3844=ORIENTED_EDGE('',*,*,#2932,.F.);
#3845=ORIENTED_EDGE('',*,*,#2933,.F.);
#3846=ORIENTED_EDGE('',*,*,#2823,.F.);
#3847=ORIENTED_EDGE('',*,*,#2902,.F.);
#3848=ORIENTED_EDGE('',*,*,#2933,.T.);
#3849=ORIENTED_EDGE('',*,*,#2934,.F.);
#3850=ORIENTED_EDGE('',*,*,#2935,.T.);
#3851=ORIENTED_EDGE('',*,*,#2824,.T.);
#3852=ORIENTED_EDGE('',*,*,#2936,.F.);
#3853=ORIENTED_EDGE('',*,*,#2937,.T.);
#3854=ORIENTED_EDGE('',*,*,#2926,.F.);
#3855=ORIENTED_EDGE('',*,*,#2937,.F.);
#3856=ORIENTED_EDGE('',*,*,#2721,.F.);
#3857=ORIENTED_EDGE('',*,*,#2913,.F.);
#3858=ORIENTED_EDGE('',*,*,#2938,.F.);
#3859=ORIENTED_EDGE('',*,*,#2939,.F.);
#3860=ORIENTED_EDGE('',*,*,#2723,.F.);
#3861=ORIENTED_EDGE('',*,*,#2940,.F.);
#3862=ORIENTED_EDGE('',*,*,#2941,.F.);
#3863=ORIENTED_EDGE('',*,*,#2942,.F.);
#3864=ORIENTED_EDGE('',*,*,#2722,.F.);
#3865=ORIENTED_EDGE('',*,*,#2939,.T.);
#3866=ORIENTED_EDGE('',*,*,#2943,.F.);
#3867=ORIENTED_EDGE('',*,*,#2940,.T.);
#3868=ORIENTED_EDGE('',*,*,#2944,.T.);
#3869=ORIENTED_EDGE('',*,*,#2942,.T.);
#3870=ORIENTED_EDGE('',*,*,#2945,.F.);
#3871=ORIENTED_EDGE('',*,*,#2946,.T.);
#3872=ORIENTED_EDGE('',*,*,#2724,.T.);
#3873=ORIENTED_EDGE('',*,*,#2947,.F.);
#3874=ORIENTED_EDGE('',*,*,#2948,.F.);
#3875=ORIENTED_EDGE('',*,*,#2750,.F.);
#3876=ORIENTED_EDGE('',*,*,#2917,.F.);
#3877=ORIENTED_EDGE('',*,*,#2948,.T.);
#3878=ORIENTED_EDGE('',*,*,#2949,.F.);
#3879=ORIENTED_EDGE('',*,*,#2950,.T.);
#3880=ORIENTED_EDGE('',*,*,#2751,.T.);
#3881=ORIENTED_EDGE('',*,*,#2951,.F.);
#3882=ORIENTED_EDGE('',*,*,#2952,.T.);
#3883=ORIENTED_EDGE('',*,*,#2944,.F.);
#3884=ORIENTED_EDGE('',*,*,#2952,.F.);
#3885=ORIENTED_EDGE('',*,*,#2953,.F.);
#3886=ORIENTED_EDGE('',*,*,#2954,.F.);
#3887=ORIENTED_EDGE('',*,*,#2955,.F.);
#3888=ORIENTED_EDGE('',*,*,#2798,.F.);
#3889=ORIENTED_EDGE('',*,*,#2956,.F.);
#3890=ORIENTED_EDGE('',*,*,#2957,.F.);
#3891=ORIENTED_EDGE('',*,*,#2956,.T.);
#3892=ORIENTED_EDGE('',*,*,#2797,.F.);
#3893=ORIENTED_EDGE('',*,*,#2958,.T.);
#3894=ORIENTED_EDGE('',*,*,#2959,.T.);
#3895=ORIENTED_EDGE('',*,*,#2960,.F.);
#3896=ORIENTED_EDGE('',*,*,#2958,.F.);
#3897=ORIENTED_EDGE('',*,*,#2796,.F.);
#3898=ORIENTED_EDGE('',*,*,#2931,.F.);
#3899=ORIENTED_EDGE('',*,*,#2929,.F.);
#3900=ORIENTED_EDGE('',*,*,#2954,.T.);
#3901=ORIENTED_EDGE('',*,*,#2961,.F.);
#3902=ORIENTED_EDGE('',*,*,#2962,.T.);
#3903=ORIENTED_EDGE('',*,*,#2963,.T.);
#3904=ORIENTED_EDGE('',*,*,#2955,.T.);
#3905=ORIENTED_EDGE('',*,*,#2963,.F.);
#3906=ORIENTED_EDGE('',*,*,#2964,.T.);
#3907=ORIENTED_EDGE('',*,*,#2799,.T.);
#3908=ORIENTED_EDGE('',*,*,#2965,.F.);
#3909=ORIENTED_EDGE('',*,*,#2966,.F.);
#3910=ORIENTED_EDGE('',*,*,#2825,.F.);
#3911=ORIENTED_EDGE('',*,*,#2935,.F.);
#3912=ORIENTED_EDGE('',*,*,#2966,.T.);
#3913=ORIENTED_EDGE('',*,*,#2967,.F.);
#3914=ORIENTED_EDGE('',*,*,#2968,.T.);
#3915=ORIENTED_EDGE('',*,*,#2826,.T.);
#3916=ORIENTED_EDGE('',*,*,#2969,.F.);
#3917=ORIENTED_EDGE('',*,*,#2970,.T.);
#3918=ORIENTED_EDGE('',*,*,#2959,.F.);
#3919=ORIENTED_EDGE('',*,*,#2970,.F.);
#3920=ORIENTED_EDGE('',*,*,#2725,.F.);
#3921=ORIENTED_EDGE('',*,*,#2946,.F.);
#3922=ORIENTED_EDGE('',*,*,#2971,.F.);
#3923=ORIENTED_EDGE('',*,*,#2972,.F.);
#3924=ORIENTED_EDGE('',*,*,#2727,.F.);
#3925=ORIENTED_EDGE('',*,*,#2973,.F.);
#3926=ORIENTED_EDGE('',*,*,#2974,.F.);
#3927=ORIENTED_EDGE('',*,*,#2975,.F.);
#3928=ORIENTED_EDGE('',*,*,#2726,.F.);
#3929=ORIENTED_EDGE('',*,*,#2972,.T.);
#3930=ORIENTED_EDGE('',*,*,#2976,.F.);
#3931=ORIENTED_EDGE('',*,*,#2973,.T.);
#3932=ORIENTED_EDGE('',*,*,#2977,.T.);
#3933=ORIENTED_EDGE('',*,*,#2975,.T.);
#3934=ORIENTED_EDGE('',*,*,#2978,.F.);
#3935=ORIENTED_EDGE('',*,*,#2979,.T.);
#3936=ORIENTED_EDGE('',*,*,#2728,.T.);
#3937=ORIENTED_EDGE('',*,*,#2980,.F.);
#3938=ORIENTED_EDGE('',*,*,#2981,.F.);
#3939=ORIENTED_EDGE('',*,*,#2752,.F.);
#3940=ORIENTED_EDGE('',*,*,#2950,.F.);
#3941=ORIENTED_EDGE('',*,*,#2981,.T.);
#3942=ORIENTED_EDGE('',*,*,#2982,.F.);
#3943=ORIENTED_EDGE('',*,*,#2983,.T.);
#3944=ORIENTED_EDGE('',*,*,#2753,.T.);
#3945=ORIENTED_EDGE('',*,*,#2984,.F.);
#3946=ORIENTED_EDGE('',*,*,#2985,.T.);
#3947=ORIENTED_EDGE('',*,*,#2977,.F.);
#3948=ORIENTED_EDGE('',*,*,#2985,.F.);
#3949=ORIENTED_EDGE('',*,*,#2986,.F.);
#3950=ORIENTED_EDGE('',*,*,#2987,.F.);
#3951=ORIENTED_EDGE('',*,*,#2988,.F.);
#3952=ORIENTED_EDGE('',*,*,#2802,.F.);
#3953=ORIENTED_EDGE('',*,*,#2989,.F.);
#3954=ORIENTED_EDGE('',*,*,#2990,.F.);
#3955=ORIENTED_EDGE('',*,*,#2989,.T.);
#3956=ORIENTED_EDGE('',*,*,#2801,.F.);
#3957=ORIENTED_EDGE('',*,*,#2991,.T.);
#3958=ORIENTED_EDGE('',*,*,#2992,.T.);
#3959=ORIENTED_EDGE('',*,*,#2993,.F.);
#3960=ORIENTED_EDGE('',*,*,#2991,.F.);
#3961=ORIENTED_EDGE('',*,*,#2800,.F.);
#3962=ORIENTED_EDGE('',*,*,#2964,.F.);
#3963=ORIENTED_EDGE('',*,*,#2962,.F.);
#3964=ORIENTED_EDGE('',*,*,#2987,.T.);
#3965=ORIENTED_EDGE('',*,*,#2994,.F.);
#3966=ORIENTED_EDGE('',*,*,#2995,.T.);
#3967=ORIENTED_EDGE('',*,*,#2996,.T.);
#3968=ORIENTED_EDGE('',*,*,#2988,.T.);
#3969=ORIENTED_EDGE('',*,*,#2996,.F.);
#3970=ORIENTED_EDGE('',*,*,#2997,.T.);
#3971=ORIENTED_EDGE('',*,*,#2803,.T.);
#3972=ORIENTED_EDGE('',*,*,#2998,.F.);
#3973=ORIENTED_EDGE('',*,*,#2999,.F.);
#3974=ORIENTED_EDGE('',*,*,#2827,.F.);
#3975=ORIENTED_EDGE('',*,*,#2968,.F.);
#3976=ORIENTED_EDGE('',*,*,#2999,.T.);
#3977=ORIENTED_EDGE('',*,*,#3000,.F.);
#3978=ORIENTED_EDGE('',*,*,#3001,.T.);
#3979=ORIENTED_EDGE('',*,*,#2828,.T.);
#3980=ORIENTED_EDGE('',*,*,#3002,.F.);
#3981=ORIENTED_EDGE('',*,*,#3003,.T.);
#3982=ORIENTED_EDGE('',*,*,#2992,.F.);
#3983=ORIENTED_EDGE('',*,*,#3003,.F.);
#3984=ORIENTED_EDGE('',*,*,#2729,.F.);
#3985=ORIENTED_EDGE('',*,*,#2979,.F.);
#3986=ORIENTED_EDGE('',*,*,#3004,.F.);
#3987=ORIENTED_EDGE('',*,*,#3005,.F.);
#3988=ORIENTED_EDGE('',*,*,#2731,.F.);
#3989=ORIENTED_EDGE('',*,*,#3006,.F.);
#3990=ORIENTED_EDGE('',*,*,#3007,.F.);
#3991=ORIENTED_EDGE('',*,*,#3008,.F.);
#3992=ORIENTED_EDGE('',*,*,#2730,.F.);
#3993=ORIENTED_EDGE('',*,*,#3005,.T.);
#3994=ORIENTED_EDGE('',*,*,#3009,.F.);
#3995=ORIENTED_EDGE('',*,*,#3006,.T.);
#3996=ORIENTED_EDGE('',*,*,#3010,.T.);
#3997=ORIENTED_EDGE('',*,*,#3008,.T.);
#3998=ORIENTED_EDGE('',*,*,#3011,.F.);
#3999=ORIENTED_EDGE('',*,*,#3012,.F.);
#4000=ORIENTED_EDGE('',*,*,#2732,.T.);
#4001=ORIENTED_EDGE('',*,*,#2754,.F.);
#4002=ORIENTED_EDGE('',*,*,#2983,.F.);
#4003=ORIENTED_EDGE('',*,*,#3013,.F.);
#4004=ORIENTED_EDGE('',*,*,#3014,.F.);
#4005=ORIENTED_EDGE('',*,*,#2739,.T.);
#4006=ORIENTED_EDGE('',*,*,#3015,.T.);
#4007=ORIENTED_EDGE('',*,*,#3016,.T.);
#4008=ORIENTED_EDGE('',*,*,#2734,.F.);
#4009=ORIENTED_EDGE('',*,*,#3017,.F.);
#4010=ORIENTED_EDGE('',*,*,#3018,.T.);
#4011=ORIENTED_EDGE('',*,*,#3013,.T.);
#4012=ORIENTED_EDGE('',*,*,#2982,.T.);
#4013=ORIENTED_EDGE('',*,*,#2980,.T.);
#4014=ORIENTED_EDGE('',*,*,#2949,.T.);
#4015=ORIENTED_EDGE('',*,*,#2947,.T.);
#4016=ORIENTED_EDGE('',*,*,#2916,.T.);
#4017=ORIENTED_EDGE('',*,*,#2914,.T.);
#4018=ORIENTED_EDGE('',*,*,#2883,.T.);
#4019=ORIENTED_EDGE('',*,*,#2881,.T.);
#4020=ORIENTED_EDGE('',*,*,#2850,.T.);
#4021=ORIENTED_EDGE('',*,*,#2848,.T.);
#4022=ORIENTED_EDGE('',*,*,#2760,.T.);
#4023=ORIENTED_EDGE('',*,*,#2742,.T.);
#4024=ORIENTED_EDGE('',*,*,#2759,.T.);
#4025=ORIENTED_EDGE('',*,*,#3019,.F.);
#4026=ORIENTED_EDGE('',*,*,#3020,.T.);
#4027=ORIENTED_EDGE('',*,*,#3015,.F.);
#4028=ORIENTED_EDGE('',*,*,#3021,.F.);
#4029=ORIENTED_EDGE('',*,*,#3022,.T.);
#4030=ORIENTED_EDGE('',*,*,#3010,.F.);
#4031=ORIENTED_EDGE('',*,*,#3022,.F.);
#4032=ORIENTED_EDGE('',*,*,#3023,.F.);
#4033=ORIENTED_EDGE('',*,*,#3024,.F.);
#4034=ORIENTED_EDGE('',*,*,#3025,.F.);
#4035=ORIENTED_EDGE('',*,*,#2806,.F.);
#4036=ORIENTED_EDGE('',*,*,#3026,.F.);
#4037=ORIENTED_EDGE('',*,*,#3027,.F.);
#4038=ORIENTED_EDGE('',*,*,#3026,.T.);
#4039=ORIENTED_EDGE('',*,*,#2805,.F.);
#4040=ORIENTED_EDGE('',*,*,#3028,.T.);
#4041=ORIENTED_EDGE('',*,*,#3029,.T.);
#4042=ORIENTED_EDGE('',*,*,#3030,.F.);
#4043=ORIENTED_EDGE('',*,*,#3028,.F.);
#4044=ORIENTED_EDGE('',*,*,#2804,.F.);
#4045=ORIENTED_EDGE('',*,*,#2997,.F.);
#4046=ORIENTED_EDGE('',*,*,#2995,.F.);
#4047=ORIENTED_EDGE('',*,*,#3024,.T.);
#4048=ORIENTED_EDGE('',*,*,#3031,.F.);
#4049=ORIENTED_EDGE('',*,*,#3032,.F.);
#4050=ORIENTED_EDGE('',*,*,#3033,.T.);
#4051=ORIENTED_EDGE('',*,*,#3025,.T.);
#4052=ORIENTED_EDGE('',*,*,#3033,.F.);
#4053=ORIENTED_EDGE('',*,*,#3034,.F.);
#4054=ORIENTED_EDGE('',*,*,#2807,.T.);
#4055=ORIENTED_EDGE('',*,*,#2829,.F.);
#4056=ORIENTED_EDGE('',*,*,#3001,.F.);
#4057=ORIENTED_EDGE('',*,*,#3035,.F.);
#4058=ORIENTED_EDGE('',*,*,#3036,.F.);
#4059=ORIENTED_EDGE('',*,*,#2814,.T.);
#4060=ORIENTED_EDGE('',*,*,#3037,.T.);
#4061=ORIENTED_EDGE('',*,*,#3038,.T.);
#4062=ORIENTED_EDGE('',*,*,#2809,.F.);
#4063=ORIENTED_EDGE('',*,*,#3039,.F.);
#4064=ORIENTED_EDGE('',*,*,#3040,.T.);
#4065=ORIENTED_EDGE('',*,*,#3035,.T.);
#4066=ORIENTED_EDGE('',*,*,#3000,.T.);
#4067=ORIENTED_EDGE('',*,*,#2998,.T.);
#4068=ORIENTED_EDGE('',*,*,#2967,.T.);
#4069=ORIENTED_EDGE('',*,*,#2965,.T.);
#4070=ORIENTED_EDGE('',*,*,#2934,.T.);
#4071=ORIENTED_EDGE('',*,*,#2932,.T.);
#4072=ORIENTED_EDGE('',*,*,#2901,.T.);
#4073=ORIENTED_EDGE('',*,*,#2899,.T.);
#4074=ORIENTED_EDGE('',*,*,#2868,.T.);
#4075=ORIENTED_EDGE('',*,*,#2866,.T.);
#4076=ORIENTED_EDGE('',*,*,#2835,.T.);
#4077=ORIENTED_EDGE('',*,*,#2817,.T.);
#4078=ORIENTED_EDGE('',*,*,#2834,.T.);
#4079=ORIENTED_EDGE('',*,*,#3041,.F.);
#4080=ORIENTED_EDGE('',*,*,#3042,.T.);
#4081=ORIENTED_EDGE('',*,*,#3037,.F.);
#4082=ORIENTED_EDGE('',*,*,#3043,.F.);
#4083=ORIENTED_EDGE('',*,*,#3044,.T.);
#4084=ORIENTED_EDGE('',*,*,#3029,.F.);
#4085=ORIENTED_EDGE('',*,*,#3044,.F.);
#4086=ORIENTED_EDGE('',*,*,#3045,.F.);
#4087=ORIENTED_EDGE('',*,*,#3046,.F.);
#4088=ORIENTED_EDGE('',*,*,#3047,.F.);
#4089=ORIENTED_EDGE('',*,*,#3048,.T.);
#4090=ORIENTED_EDGE('',*,*,#3049,.F.);
#4091=ORIENTED_EDGE('',*,*,#3050,.T.);
#4092=ORIENTED_EDGE('',*,*,#3051,.F.);
#4093=ORIENTED_EDGE('',*,*,#3052,.T.);
#4094=ORIENTED_EDGE('',*,*,#3053,.F.);
#4095=ORIENTED_EDGE('',*,*,#3052,.F.);
#4096=ORIENTED_EDGE('',*,*,#3054,.F.);
#4097=ORIENTED_EDGE('',*,*,#3046,.T.);
#4098=ORIENTED_EDGE('',*,*,#3055,.F.);
#4099=ORIENTED_EDGE('',*,*,#3056,.F.);
#4100=ORIENTED_EDGE('',*,*,#3057,.F.);
#4101=ORIENTED_EDGE('',*,*,#3058,.T.);
#4102=ORIENTED_EDGE('',*,*,#3059,.F.);
#4103=ORIENTED_EDGE('',*,*,#3060,.T.);
#4104=ORIENTED_EDGE('',*,*,#3061,.F.);
#4105=ORIENTED_EDGE('',*,*,#3062,.T.);
#4106=ORIENTED_EDGE('',*,*,#3063,.F.);
#4107=ORIENTED_EDGE('',*,*,#3062,.F.);
#4108=ORIENTED_EDGE('',*,*,#3064,.F.);
#4109=ORIENTED_EDGE('',*,*,#3056,.T.);
#4110=ORIENTED_EDGE('',*,*,#3065,.F.);
#4111=ORIENTED_EDGE('',*,*,#3066,.F.);
#4112=ORIENTED_EDGE('',*,*,#3067,.F.);
#4113=ORIENTED_EDGE('',*,*,#3068,.T.);
#4114=ORIENTED_EDGE('',*,*,#3069,.F.);
#4115=ORIENTED_EDGE('',*,*,#3070,.F.);
#4116=ORIENTED_EDGE('',*,*,#3071,.F.);
#4117=ORIENTED_EDGE('',*,*,#3072,.T.);
#4118=ORIENTED_EDGE('',*,*,#3073,.F.);
#4119=ORIENTED_EDGE('',*,*,#3074,.F.);
#4120=ORIENTED_EDGE('',*,*,#3075,.F.);
#4121=ORIENTED_EDGE('',*,*,#3076,.T.);
#4122=ORIENTED_EDGE('',*,*,#3077,.F.);
#4123=ORIENTED_EDGE('',*,*,#3078,.F.);
#4124=ORIENTED_EDGE('',*,*,#3079,.F.);
#4125=ORIENTED_EDGE('',*,*,#3080,.T.);
#4126=ORIENTED_EDGE('',*,*,#3081,.F.);
#4127=ORIENTED_EDGE('',*,*,#3082,.F.);
#4128=ORIENTED_EDGE('',*,*,#3083,.F.);
#4129=ORIENTED_EDGE('',*,*,#3084,.T.);
#4130=ORIENTED_EDGE('',*,*,#3085,.F.);
#4131=ORIENTED_EDGE('',*,*,#3086,.T.);
#4132=ORIENTED_EDGE('',*,*,#3087,.F.);
#4133=ORIENTED_EDGE('',*,*,#3088,.T.);
#4134=ORIENTED_EDGE('',*,*,#3089,.F.);
#4135=ORIENTED_EDGE('',*,*,#3088,.F.);
#4136=ORIENTED_EDGE('',*,*,#3090,.F.);
#4137=ORIENTED_EDGE('',*,*,#3082,.T.);
#4138=ORIENTED_EDGE('',*,*,#3091,.F.);
#4139=ORIENTED_EDGE('',*,*,#3092,.F.);
#4140=ORIENTED_EDGE('',*,*,#3093,.F.);
#4141=ORIENTED_EDGE('',*,*,#3094,.T.);
#4142=ORIENTED_EDGE('',*,*,#3095,.F.);
#4143=ORIENTED_EDGE('',*,*,#3096,.T.);
#4144=ORIENTED_EDGE('',*,*,#3097,.F.);
#4145=ORIENTED_EDGE('',*,*,#3098,.T.);
#4146=ORIENTED_EDGE('',*,*,#3099,.F.);
#4147=ORIENTED_EDGE('',*,*,#3098,.F.);
#4148=ORIENTED_EDGE('',*,*,#3100,.F.);
#4149=ORIENTED_EDGE('',*,*,#3092,.T.);
#4150=ORIENTED_EDGE('',*,*,#2773,.T.);
#4151=ORIENTED_EDGE('',*,*,#2782,.T.);
#4152=ORIENTED_EDGE('',*,*,#3101,.F.);
#4153=ORIENTED_EDGE('',*,*,#3102,.F.);
#4154=ORIENTED_EDGE('',*,*,#3103,.F.);
#4155=ORIENTED_EDGE('',*,*,#3031,.T.);
#4156=ORIENTED_EDGE('',*,*,#3023,.T.);
#4157=ORIENTED_EDGE('',*,*,#3027,.T.);
#4158=ORIENTED_EDGE('',*,*,#3030,.T.);
#4159=ORIENTED_EDGE('',*,*,#2994,.T.);
#4160=ORIENTED_EDGE('',*,*,#2986,.T.);
#4161=ORIENTED_EDGE('',*,*,#2990,.T.);
#4162=ORIENTED_EDGE('',*,*,#2993,.T.);
#4163=ORIENTED_EDGE('',*,*,#2961,.T.);
#4164=ORIENTED_EDGE('',*,*,#2953,.T.);
#4165=ORIENTED_EDGE('',*,*,#2957,.T.);
#4166=ORIENTED_EDGE('',*,*,#2960,.T.);
#4167=ORIENTED_EDGE('',*,*,#2928,.T.);
#4168=ORIENTED_EDGE('',*,*,#2920,.T.);
#4169=ORIENTED_EDGE('',*,*,#2924,.T.);
#4170=ORIENTED_EDGE('',*,*,#2927,.T.);
#4171=ORIENTED_EDGE('',*,*,#2895,.T.);
#4172=ORIENTED_EDGE('',*,*,#2887,.T.);
#4173=ORIENTED_EDGE('',*,*,#2891,.T.);
#4174=ORIENTED_EDGE('',*,*,#2894,.T.);
#4175=ORIENTED_EDGE('',*,*,#2862,.T.);
#4176=ORIENTED_EDGE('',*,*,#2854,.T.);
#4177=ORIENTED_EDGE('',*,*,#2858,.T.);
#4178=ORIENTED_EDGE('',*,*,#2861,.T.);
#4179=ORIENTED_EDGE('',*,*,#2777,.T.);
#4180=ORIENTED_EDGE('',*,*,#2764,.T.);
#4181=ORIENTED_EDGE('',*,*,#2769,.T.);
#4182=ORIENTED_EDGE('',*,*,#3104,.F.);
#4183=ORIENTED_EDGE('',*,*,#3105,.T.);
#4184=ORIENTED_EDGE('',*,*,#3106,.F.);
#4185=ORIENTED_EDGE('',*,*,#3102,.T.);
#4186=ORIENTED_EDGE('',*,*,#3047,.T.);
#4187=ORIENTED_EDGE('',*,*,#3054,.T.);
#4188=ORIENTED_EDGE('',*,*,#3051,.T.);
#4189=ORIENTED_EDGE('',*,*,#3107,.F.);
#4190=ORIENTED_EDGE('',*,*,#3108,.F.);
#4191=ORIENTED_EDGE('',*,*,#3109,.F.);
#4192=ORIENTED_EDGE('',*,*,#3110,.T.);
#4193=ORIENTED_EDGE('',*,*,#3111,.F.);
#4194=ORIENTED_EDGE('',*,*,#3112,.T.);
#4195=ORIENTED_EDGE('',*,*,#3113,.T.);
#4196=ORIENTED_EDGE('',*,*,#3114,.T.);
#4197=ORIENTED_EDGE('',*,*,#3115,.F.);
#4198=ORIENTED_EDGE('',*,*,#3116,.T.);
#4199=ORIENTED_EDGE('',*,*,#3117,.F.);
#4200=ORIENTED_EDGE('',*,*,#3118,.T.);
#4201=ORIENTED_EDGE('',*,*,#3119,.T.);
#4202=ORIENTED_EDGE('',*,*,#3075,.T.);
#4203=ORIENTED_EDGE('',*,*,#3120,.T.);
#4204=ORIENTED_EDGE('',*,*,#3093,.T.);
#4205=ORIENTED_EDGE('',*,*,#3100,.T.);
#4206=ORIENTED_EDGE('',*,*,#3097,.T.);
#4207=ORIENTED_EDGE('',*,*,#3121,.F.);
#4208=ORIENTED_EDGE('',*,*,#3122,.F.);
#4209=ORIENTED_EDGE('',*,*,#3123,.F.);
#4210=ORIENTED_EDGE('',*,*,#3124,.T.);
#4211=ORIENTED_EDGE('',*,*,#3125,.F.);
#4212=ORIENTED_EDGE('',*,*,#3126,.T.);
#4213=ORIENTED_EDGE('',*,*,#3127,.T.);
#4214=ORIENTED_EDGE('',*,*,#3128,.T.);
#4215=ORIENTED_EDGE('',*,*,#3129,.F.);
#4216=ORIENTED_EDGE('',*,*,#3130,.T.);
#4217=ORIENTED_EDGE('',*,*,#3131,.F.);
#4218=ORIENTED_EDGE('',*,*,#3132,.T.);
#4219=ORIENTED_EDGE('',*,*,#3133,.T.);
#4220=ORIENTED_EDGE('',*,*,#3067,.T.);
#4221=ORIENTED_EDGE('',*,*,#3134,.T.);
#4222=ORIENTED_EDGE('',*,*,#3057,.T.);
#4223=ORIENTED_EDGE('',*,*,#3064,.T.);
#4224=ORIENTED_EDGE('',*,*,#3061,.T.);
#4225=ORIENTED_EDGE('',*,*,#3135,.F.);
#4226=ORIENTED_EDGE('',*,*,#3136,.F.);
#4227=ORIENTED_EDGE('',*,*,#3137,.F.);
#4228=ORIENTED_EDGE('',*,*,#3138,.T.);
#4229=ORIENTED_EDGE('',*,*,#3139,.F.);
#4230=ORIENTED_EDGE('',*,*,#3140,.T.);
#4231=ORIENTED_EDGE('',*,*,#3141,.T.);
#4232=ORIENTED_EDGE('',*,*,#3142,.T.);
#4233=ORIENTED_EDGE('',*,*,#3143,.F.);
#4234=ORIENTED_EDGE('',*,*,#3144,.T.);
#4235=ORIENTED_EDGE('',*,*,#3145,.F.);
#4236=ORIENTED_EDGE('',*,*,#3146,.T.);
#4237=ORIENTED_EDGE('',*,*,#3147,.T.);
#4238=ORIENTED_EDGE('',*,*,#3079,.T.);
#4239=ORIENTED_EDGE('',*,*,#3148,.T.);
#4240=ORIENTED_EDGE('',*,*,#3083,.T.);
#4241=ORIENTED_EDGE('',*,*,#3090,.T.);
#4242=ORIENTED_EDGE('',*,*,#3087,.T.);
#4243=ORIENTED_EDGE('',*,*,#3149,.F.);
#4244=ORIENTED_EDGE('',*,*,#3150,.F.);
#4245=ORIENTED_EDGE('',*,*,#3151,.F.);
#4246=ORIENTED_EDGE('',*,*,#3152,.T.);
#4247=ORIENTED_EDGE('',*,*,#3153,.F.);
#4248=ORIENTED_EDGE('',*,*,#3154,.T.);
#4249=ORIENTED_EDGE('',*,*,#3155,.T.);
#4250=ORIENTED_EDGE('',*,*,#3156,.T.);
#4251=ORIENTED_EDGE('',*,*,#3157,.F.);
#4252=ORIENTED_EDGE('',*,*,#3158,.T.);
#4253=ORIENTED_EDGE('',*,*,#3159,.F.);
#4254=ORIENTED_EDGE('',*,*,#3160,.T.);
#4255=ORIENTED_EDGE('',*,*,#3017,.T.);
#4256=ORIENTED_EDGE('',*,*,#2733,.T.);
#4257=ORIENTED_EDGE('',*,*,#3012,.T.);
#4258=ORIENTED_EDGE('',*,*,#3161,.T.);
#4259=ORIENTED_EDGE('',*,*,#3162,.F.);
#4260=ORIENTED_EDGE('',*,*,#3163,.F.);
#4261=ORIENTED_EDGE('',*,*,#3164,.F.);
#4262=ORIENTED_EDGE('',*,*,#3165,.T.);
#4263=ORIENTED_EDGE('',*,*,#3166,.F.);
#4264=ORIENTED_EDGE('',*,*,#3167,.T.);
#4265=ORIENTED_EDGE('',*,*,#3168,.T.);
#4266=ORIENTED_EDGE('',*,*,#3169,.F.);
#4267=ORIENTED_EDGE('',*,*,#3170,.T.);
#4268=ORIENTED_EDGE('',*,*,#3171,.F.);
#4269=ORIENTED_EDGE('',*,*,#3172,.T.);
#4270=ORIENTED_EDGE('',*,*,#3173,.F.);
#4271=ORIENTED_EDGE('',*,*,#3174,.T.);
#4272=ORIENTED_EDGE('',*,*,#3175,.T.);
#4273=ORIENTED_EDGE('',*,*,#3176,.F.);
#4274=ORIENTED_EDGE('',*,*,#3177,.T.);
#4275=ORIENTED_EDGE('',*,*,#3178,.F.);
#4276=ORIENTED_EDGE('',*,*,#3179,.T.);
#4277=ORIENTED_EDGE('',*,*,#3039,.T.);
#4278=ORIENTED_EDGE('',*,*,#2808,.T.);
#4279=ORIENTED_EDGE('',*,*,#3034,.T.);
#4280=ORIENTED_EDGE('',*,*,#3032,.T.);
#4281=ORIENTED_EDGE('',*,*,#3103,.T.);
#4282=ORIENTED_EDGE('',*,*,#3106,.T.);
#4283=ORIENTED_EDGE('',*,*,#3180,.F.);
#4284=ORIENTED_EDGE('',*,*,#3181,.F.);
#4285=ORIENTED_EDGE('',*,*,#3182,.F.);
#4286=ORIENTED_EDGE('',*,*,#3183,.T.);
#4287=ORIENTED_EDGE('',*,*,#3184,.F.);
#4288=ORIENTED_EDGE('',*,*,#3185,.T.);
#4289=ORIENTED_EDGE('',*,*,#3186,.T.);
#4290=ORIENTED_EDGE('',*,*,#3187,.T.);
#4291=ORIENTED_EDGE('',*,*,#3188,.F.);
#4292=ORIENTED_EDGE('',*,*,#3189,.T.);
#4293=ORIENTED_EDGE('',*,*,#3190,.F.);
#4294=ORIENTED_EDGE('',*,*,#3191,.T.);
#4295=ORIENTED_EDGE('',*,*,#3192,.T.);
#4296=ORIENTED_EDGE('',*,*,#3071,.T.);
#4297=ORIENTED_EDGE('',*,*,#3193,.T.);
#4298=ORIENTED_EDGE('',*,*,#3194,.T.);
#4299=ORIENTED_EDGE('',*,*,#3195,.T.);
#4300=ORIENTED_EDGE('',*,*,#3173,.T.);
#4301=ORIENTED_EDGE('',*,*,#3196,.T.);
#4302=ORIENTED_EDGE('',*,*,#3195,.F.);
#4303=ORIENTED_EDGE('',*,*,#3197,.F.);
#4304=ORIENTED_EDGE('',*,*,#3198,.F.);
#4305=ORIENTED_EDGE('',*,*,#3174,.F.);
#4306=ORIENTED_EDGE('',*,*,#3045,.T.);
#4307=ORIENTED_EDGE('',*,*,#3199,.T.);
#4308=ORIENTED_EDGE('',*,*,#3069,.T.);
#4309=ORIENTED_EDGE('',*,*,#3200,.F.);
#4310=ORIENTED_EDGE('',*,*,#3201,.F.);
#4311=ORIENTED_EDGE('',*,*,#3202,.F.);
#4312=ORIENTED_EDGE('',*,*,#3203,.T.);
#4313=ORIENTED_EDGE('',*,*,#3204,.F.);
#4314=ORIENTED_EDGE('',*,*,#3205,.T.);
#4315=ORIENTED_EDGE('',*,*,#3206,.T.);
#4316=ORIENTED_EDGE('',*,*,#3207,.T.);
#4317=ORIENTED_EDGE('',*,*,#3208,.F.);
#4318=ORIENTED_EDGE('',*,*,#3209,.T.);
#4319=ORIENTED_EDGE('',*,*,#3210,.F.);
#4320=ORIENTED_EDGE('',*,*,#3211,.F.);
#4321=ORIENTED_EDGE('',*,*,#3212,.F.);
#4322=ORIENTED_EDGE('',*,*,#3104,.T.);
#4323=ORIENTED_EDGE('',*,*,#3101,.T.);
#4324=ORIENTED_EDGE('',*,*,#2781,.T.);
#4325=ORIENTED_EDGE('',*,*,#2813,.T.);
#4326=ORIENTED_EDGE('',*,*,#2810,.T.);
#4327=ORIENTED_EDGE('',*,*,#3038,.F.);
#4328=ORIENTED_EDGE('',*,*,#3042,.F.);
#4329=ORIENTED_EDGE('',*,*,#3213,.F.);
#4330=ORIENTED_EDGE('',*,*,#3214,.T.);
#4331=ORIENTED_EDGE('',*,*,#3215,.F.);
#4332=ORIENTED_EDGE('',*,*,#3216,.T.);
#4333=ORIENTED_EDGE('',*,*,#3197,.T.);
#4334=ORIENTED_EDGE('',*,*,#3194,.F.);
#4335=ORIENTED_EDGE('',*,*,#3217,.T.);
#4336=ORIENTED_EDGE('',*,*,#3218,.T.);
#4337=ORIENTED_EDGE('',*,*,#3219,.T.);
#4338=ORIENTED_EDGE('',*,*,#3220,.F.);
#4339=ORIENTED_EDGE('',*,*,#3221,.T.);
#4340=ORIENTED_EDGE('',*,*,#3222,.T.);
#4341=ORIENTED_EDGE('',*,*,#3223,.F.);
#4342=ORIENTED_EDGE('',*,*,#3224,.T.);
#4343=ORIENTED_EDGE('',*,*,#3225,.F.);
#4344=ORIENTED_EDGE('',*,*,#3226,.F.);
#4345=ORIENTED_EDGE('',*,*,#3227,.F.);
#4346=ORIENTED_EDGE('',*,*,#3228,.T.);
#4347=ORIENTED_EDGE('',*,*,#3229,.T.);
#4348=ORIENTED_EDGE('',*,*,#2735,.T.);
#4349=ORIENTED_EDGE('',*,*,#3016,.F.);
#4350=ORIENTED_EDGE('',*,*,#3020,.F.);
#4351=ORIENTED_EDGE('',*,*,#3230,.F.);
#4352=ORIENTED_EDGE('',*,*,#3231,.T.);
#4353=ORIENTED_EDGE('',*,*,#3232,.F.);
#4354=ORIENTED_EDGE('',*,*,#3233,.T.);
#4355=ORIENTED_EDGE('',*,*,#3234,.T.);
#4356=ORIENTED_EDGE('',*,*,#3235,.T.);
#4357=ORIENTED_EDGE('',*,*,#3236,.F.);
#4358=ORIENTED_EDGE('',*,*,#3237,.T.);
#4359=ORIENTED_EDGE('',*,*,#3238,.F.);
#4360=ORIENTED_EDGE('',*,*,#3239,.F.);
#4361=ORIENTED_EDGE('',*,*,#3240,.F.);
#4362=ORIENTED_EDGE('',*,*,#3085,.T.);
#4363=ORIENTED_EDGE('',*,*,#3089,.T.);
#4364=ORIENTED_EDGE('',*,*,#3081,.T.);
#4365=ORIENTED_EDGE('',*,*,#3241,.T.);
#4366=ORIENTED_EDGE('',*,*,#3077,.T.);
#4367=ORIENTED_EDGE('',*,*,#3242,.F.);
#4368=ORIENTED_EDGE('',*,*,#3243,.F.);
#4369=ORIENTED_EDGE('',*,*,#3244,.F.);
#4370=ORIENTED_EDGE('',*,*,#3245,.T.);
#4371=ORIENTED_EDGE('',*,*,#3246,.F.);
#4372=ORIENTED_EDGE('',*,*,#3247,.T.);
#4373=ORIENTED_EDGE('',*,*,#3248,.T.);
#4374=ORIENTED_EDGE('',*,*,#3249,.T.);
#4375=ORIENTED_EDGE('',*,*,#3250,.F.);
#4376=ORIENTED_EDGE('',*,*,#3251,.T.);
#4377=ORIENTED_EDGE('',*,*,#3252,.F.);
#4378=ORIENTED_EDGE('',*,*,#3253,.F.);
#4379=ORIENTED_EDGE('',*,*,#3254,.F.);
#4380=ORIENTED_EDGE('',*,*,#3059,.T.);
#4381=ORIENTED_EDGE('',*,*,#3063,.T.);
#4382=ORIENTED_EDGE('',*,*,#3055,.T.);
#4383=ORIENTED_EDGE('',*,*,#3255,.T.);
#4384=ORIENTED_EDGE('',*,*,#3065,.T.);
#4385=ORIENTED_EDGE('',*,*,#3256,.F.);
#4386=ORIENTED_EDGE('',*,*,#3257,.F.);
#4387=ORIENTED_EDGE('',*,*,#3258,.F.);
#4388=ORIENTED_EDGE('',*,*,#3259,.T.);
#4389=ORIENTED_EDGE('',*,*,#3260,.F.);
#4390=ORIENTED_EDGE('',*,*,#3261,.T.);
#4391=ORIENTED_EDGE('',*,*,#3262,.T.);
#4392=ORIENTED_EDGE('',*,*,#3263,.T.);
#4393=ORIENTED_EDGE('',*,*,#3264,.F.);
#4394=ORIENTED_EDGE('',*,*,#3265,.T.);
#4395=ORIENTED_EDGE('',*,*,#3266,.F.);
#4396=ORIENTED_EDGE('',*,*,#3267,.F.);
#4397=ORIENTED_EDGE('',*,*,#3268,.F.);
#4398=ORIENTED_EDGE('',*,*,#3095,.T.);
#4399=ORIENTED_EDGE('',*,*,#3099,.T.);
#4400=ORIENTED_EDGE('',*,*,#3091,.T.);
#4401=ORIENTED_EDGE('',*,*,#3269,.T.);
#4402=ORIENTED_EDGE('',*,*,#3073,.T.);
#4403=ORIENTED_EDGE('',*,*,#3270,.F.);
#4404=ORIENTED_EDGE('',*,*,#3271,.F.);
#4405=ORIENTED_EDGE('',*,*,#3272,.F.);
#4406=ORIENTED_EDGE('',*,*,#3273,.T.);
#4407=ORIENTED_EDGE('',*,*,#3274,.F.);
#4408=ORIENTED_EDGE('',*,*,#3275,.T.);
#4409=ORIENTED_EDGE('',*,*,#3276,.T.);
#4410=ORIENTED_EDGE('',*,*,#3277,.T.);
#4411=ORIENTED_EDGE('',*,*,#3278,.F.);
#4412=ORIENTED_EDGE('',*,*,#3279,.T.);
#4413=ORIENTED_EDGE('',*,*,#3280,.F.);
#4414=ORIENTED_EDGE('',*,*,#3281,.F.);
#4415=ORIENTED_EDGE('',*,*,#3282,.F.);
#4416=ORIENTED_EDGE('',*,*,#3049,.T.);
#4417=ORIENTED_EDGE('',*,*,#3053,.T.);
#4418=ORIENTED_EDGE('',*,*,#3220,.T.);
#4419=ORIENTED_EDGE('',*,*,#3283,.T.);
#4420=ORIENTED_EDGE('',*,*,#3169,.T.);
#4421=ORIENTED_EDGE('',*,*,#3284,.T.);
#4422=ORIENTED_EDGE('',*,*,#3284,.F.);
#4423=ORIENTED_EDGE('',*,*,#3168,.F.);
#4424=ORIENTED_EDGE('',*,*,#3285,.T.);
#4425=ORIENTED_EDGE('',*,*,#3221,.F.);
#4426=ORIENTED_EDGE('',*,*,#3286,.T.);
#4427=ORIENTED_EDGE('',*,*,#3225,.T.);
#4428=ORIENTED_EDGE('',*,*,#3287,.T.);
#4429=ORIENTED_EDGE('',*,*,#3288,.T.);
#4430=ORIENTED_EDGE('',*,*,#3288,.F.);
#4431=ORIENTED_EDGE('',*,*,#3289,.F.);
#4432=ORIENTED_EDGE('',*,*,#3290,.F.);
#4433=ORIENTED_EDGE('',*,*,#3291,.T.);
#4434=ORIENTED_EDGE('',*,*,#3292,.T.);
#4435=ORIENTED_EDGE('',*,*,#3293,.T.);
#4436=ORIENTED_EDGE('',*,*,#3294,.T.);
#4437=ORIENTED_EDGE('',*,*,#3223,.T.);
#4438=ORIENTED_EDGE('',*,*,#3292,.F.);
#4439=ORIENTED_EDGE('',*,*,#3222,.F.);
#4440=ORIENTED_EDGE('',*,*,#3285,.F.);
#4441=ORIENTED_EDGE('',*,*,#3167,.F.);
#4442=ORIENTED_EDGE('',*,*,#3295,.F.);
#4443=ORIENTED_EDGE('',*,*,#3296,.T.);
#4444=ORIENTED_EDGE('',*,*,#3297,.T.);
#4445=ORIENTED_EDGE('',*,*,#3232,.T.);
#4446=ORIENTED_EDGE('',*,*,#3298,.T.);
#4447=ORIENTED_EDGE('',*,*,#3299,.T.);
#4448=ORIENTED_EDGE('',*,*,#3299,.F.);
#4449=ORIENTED_EDGE('',*,*,#3300,.F.);
#4450=ORIENTED_EDGE('',*,*,#3301,.F.);
#4451=ORIENTED_EDGE('',*,*,#3302,.F.);
#4452=ORIENTED_EDGE('',*,*,#3019,.T.);
#4453=ORIENTED_EDGE('',*,*,#2758,.T.);
#4454=ORIENTED_EDGE('',*,*,#3303,.T.);
#4455=ORIENTED_EDGE('',*,*,#3230,.T.);
#4456=ORIENTED_EDGE('',*,*,#3295,.T.);
#4457=ORIENTED_EDGE('',*,*,#3166,.T.);
#4458=ORIENTED_EDGE('',*,*,#3304,.T.);
#4459=ORIENTED_EDGE('',*,*,#3305,.T.);
#4460=ORIENTED_EDGE('',*,*,#3293,.F.);
#4461=ORIENTED_EDGE('',*,*,#3296,.F.);
#4462=ORIENTED_EDGE('',*,*,#3305,.F.);
#4463=ORIENTED_EDGE('',*,*,#3306,.T.);
#4464=ORIENTED_EDGE('',*,*,#3307,.T.);
#4465=ORIENTED_EDGE('',*,*,#3290,.T.);
#4466=ORIENTED_EDGE('',*,*,#3308,.T.);
#4467=ORIENTED_EDGE('',*,*,#3164,.T.);
#4468=ORIENTED_EDGE('',*,*,#3291,.F.);
#4469=ORIENTED_EDGE('',*,*,#3307,.F.);
#4470=ORIENTED_EDGE('',*,*,#3163,.T.);
#4471=ORIENTED_EDGE('',*,*,#3309,.T.);
#4472=ORIENTED_EDGE('',*,*,#3226,.T.);
#4473=ORIENTED_EDGE('',*,*,#3286,.F.);
#4474=ORIENTED_EDGE('',*,*,#3310,.T.);
#4475=ORIENTED_EDGE('',*,*,#3301,.T.);
#4476=ORIENTED_EDGE('',*,*,#3311,.T.);
#4477=ORIENTED_EDGE('',*,*,#3157,.T.);
#4478=ORIENTED_EDGE('',*,*,#3297,.F.);
#4479=ORIENTED_EDGE('',*,*,#3302,.T.);
#4480=ORIENTED_EDGE('',*,*,#3310,.F.);
#4481=ORIENTED_EDGE('',*,*,#3156,.F.);
#4482=ORIENTED_EDGE('',*,*,#3312,.T.);
#4483=ORIENTED_EDGE('',*,*,#3233,.F.);
#4484=ORIENTED_EDGE('',*,*,#3313,.T.);
#4485=ORIENTED_EDGE('',*,*,#3159,.T.);
#4486=ORIENTED_EDGE('',*,*,#3314,.T.);
#4487=ORIENTED_EDGE('',*,*,#2756,.T.);
#4488=ORIENTED_EDGE('',*,*,#3315,.T.);
#4489=ORIENTED_EDGE('',*,*,#3204,.T.);
#4490=ORIENTED_EDGE('',*,*,#3316,.T.);
#4491=ORIENTED_EDGE('',*,*,#3317,.T.);
#4492=ORIENTED_EDGE('',*,*,#3317,.F.);
#4493=ORIENTED_EDGE('',*,*,#3318,.F.);
#4494=ORIENTED_EDGE('',*,*,#3319,.F.);
#4495=ORIENTED_EDGE('',*,*,#3320,.F.);
#4496=ORIENTED_EDGE('',*,*,#3321,.T.);
#4497=ORIENTED_EDGE('',*,*,#3322,.T.);
#4498=ORIENTED_EDGE('',*,*,#3323,.T.);
#4499=ORIENTED_EDGE('',*,*,#3278,.T.);
#4500=ORIENTED_EDGE('',*,*,#3321,.F.);
#4501=ORIENTED_EDGE('',*,*,#3277,.F.);
#4502=ORIENTED_EDGE('',*,*,#3324,.F.);
#4503=ORIENTED_EDGE('',*,*,#3112,.F.);
#4504=ORIENTED_EDGE('',*,*,#3325,.F.);
#4505=ORIENTED_EDGE('',*,*,#3326,.T.);
#4506=ORIENTED_EDGE('',*,*,#3327,.T.);
#4507=ORIENTED_EDGE('',*,*,#3274,.T.);
#4508=ORIENTED_EDGE('',*,*,#3328,.T.);
#4509=ORIENTED_EDGE('',*,*,#3329,.T.);
#4510=ORIENTED_EDGE('',*,*,#3329,.F.);
#4511=ORIENTED_EDGE('',*,*,#3330,.F.);
#4512=ORIENTED_EDGE('',*,*,#3331,.F.);
#4513=ORIENTED_EDGE('',*,*,#3332,.F.);
#4514=ORIENTED_EDGE('',*,*,#3333,.T.);
#4515=ORIENTED_EDGE('',*,*,#3334,.T.);
#4516=ORIENTED_EDGE('',*,*,#3335,.T.);
#4517=ORIENTED_EDGE('',*,*,#3264,.T.);
#4518=ORIENTED_EDGE('',*,*,#3333,.F.);
#4519=ORIENTED_EDGE('',*,*,#3263,.F.);
#4520=ORIENTED_EDGE('',*,*,#3336,.F.);
#4521=ORIENTED_EDGE('',*,*,#3126,.F.);
#4522=ORIENTED_EDGE('',*,*,#3337,.F.);
#4523=ORIENTED_EDGE('',*,*,#3338,.T.);
#4524=ORIENTED_EDGE('',*,*,#3339,.T.);
#4525=ORIENTED_EDGE('',*,*,#3260,.T.);
#4526=ORIENTED_EDGE('',*,*,#3340,.T.);
#4527=ORIENTED_EDGE('',*,*,#3341,.T.);
#4528=ORIENTED_EDGE('',*,*,#3341,.F.);
#4529=ORIENTED_EDGE('',*,*,#3342,.F.);
#4530=ORIENTED_EDGE('',*,*,#3343,.F.);
#4531=ORIENTED_EDGE('',*,*,#3344,.F.);
#4532=ORIENTED_EDGE('',*,*,#3345,.T.);
#4533=ORIENTED_EDGE('',*,*,#3346,.T.);
#4534=ORIENTED_EDGE('',*,*,#3347,.T.);
#4535=ORIENTED_EDGE('',*,*,#3250,.T.);
#4536=ORIENTED_EDGE('',*,*,#3345,.F.);
#4537=ORIENTED_EDGE('',*,*,#3249,.F.);
#4538=ORIENTED_EDGE('',*,*,#3348,.F.);
#4539=ORIENTED_EDGE('',*,*,#3140,.F.);
#4540=ORIENTED_EDGE('',*,*,#3349,.F.);
#4541=ORIENTED_EDGE('',*,*,#3350,.T.);
#4542=ORIENTED_EDGE('',*,*,#3351,.T.);
#4543=ORIENTED_EDGE('',*,*,#3246,.T.);
#4544=ORIENTED_EDGE('',*,*,#3352,.T.);
#4545=ORIENTED_EDGE('',*,*,#3353,.T.);
#4546=ORIENTED_EDGE('',*,*,#3353,.F.);
#4547=ORIENTED_EDGE('',*,*,#3354,.F.);
#4548=ORIENTED_EDGE('',*,*,#3355,.F.);
#4549=ORIENTED_EDGE('',*,*,#3356,.F.);
#4550=ORIENTED_EDGE('',*,*,#3357,.T.);
#4551=ORIENTED_EDGE('',*,*,#3358,.T.);
#4552=ORIENTED_EDGE('',*,*,#3359,.T.);
#4553=ORIENTED_EDGE('',*,*,#3236,.T.);
#4554=ORIENTED_EDGE('',*,*,#3357,.F.);
#4555=ORIENTED_EDGE('',*,*,#3235,.F.);
#4556=ORIENTED_EDGE('',*,*,#3360,.F.);
#4557=ORIENTED_EDGE('',*,*,#3154,.F.);
#4558=ORIENTED_EDGE('',*,*,#3361,.F.);
#4559=ORIENTED_EDGE('',*,*,#3362,.T.);
#4560=ORIENTED_EDGE('',*,*,#3363,.T.);
#4561=ORIENTED_EDGE('',*,*,#3238,.T.);
#4562=ORIENTED_EDGE('',*,*,#3364,.T.);
#4563=ORIENTED_EDGE('',*,*,#3365,.T.);
#4564=ORIENTED_EDGE('',*,*,#3365,.F.);
#4565=ORIENTED_EDGE('',*,*,#3366,.F.);
#4566=ORIENTED_EDGE('',*,*,#3367,.F.);
#4567=ORIENTED_EDGE('',*,*,#3368,.T.);
#4568=ORIENTED_EDGE('',*,*,#3369,.T.);
#4569=ORIENTED_EDGE('',*,*,#3370,.T.);
#4570=ORIENTED_EDGE('',*,*,#3371,.T.);
#4571=ORIENTED_EDGE('',*,*,#3244,.T.);
#4572=ORIENTED_EDGE('',*,*,#3369,.F.);
#4573=ORIENTED_EDGE('',*,*,#3243,.T.);
#4574=ORIENTED_EDGE('',*,*,#3372,.F.);
#4575=ORIENTED_EDGE('',*,*,#3146,.F.);
#4576=ORIENTED_EDGE('',*,*,#3373,.F.);
#4577=ORIENTED_EDGE('',*,*,#3374,.T.);
#4578=ORIENTED_EDGE('',*,*,#3375,.T.);
#4579=ORIENTED_EDGE('',*,*,#3252,.T.);
#4580=ORIENTED_EDGE('',*,*,#3376,.T.);
#4581=ORIENTED_EDGE('',*,*,#3377,.T.);
#4582=ORIENTED_EDGE('',*,*,#3377,.F.);
#4583=ORIENTED_EDGE('',*,*,#3378,.F.);
#4584=ORIENTED_EDGE('',*,*,#3379,.F.);
#4585=ORIENTED_EDGE('',*,*,#3380,.T.);
#4586=ORIENTED_EDGE('',*,*,#3381,.T.);
#4587=ORIENTED_EDGE('',*,*,#3382,.T.);
#4588=ORIENTED_EDGE('',*,*,#3383,.T.);
#4589=ORIENTED_EDGE('',*,*,#3258,.T.);
#4590=ORIENTED_EDGE('',*,*,#3381,.F.);
#4591=ORIENTED_EDGE('',*,*,#3257,.T.);
#4592=ORIENTED_EDGE('',*,*,#3384,.F.);
#4593=ORIENTED_EDGE('',*,*,#3132,.F.);
#4594=ORIENTED_EDGE('',*,*,#3385,.F.);
#4595=ORIENTED_EDGE('',*,*,#3386,.T.);
#4596=ORIENTED_EDGE('',*,*,#3387,.T.);
#4597=ORIENTED_EDGE('',*,*,#3266,.T.);
#4598=ORIENTED_EDGE('',*,*,#3388,.T.);
#4599=ORIENTED_EDGE('',*,*,#3389,.T.);
#4600=ORIENTED_EDGE('',*,*,#3389,.F.);
#4601=ORIENTED_EDGE('',*,*,#3390,.F.);
#4602=ORIENTED_EDGE('',*,*,#3391,.F.);
#4603=ORIENTED_EDGE('',*,*,#3392,.T.);
#4604=ORIENTED_EDGE('',*,*,#3393,.T.);
#4605=ORIENTED_EDGE('',*,*,#3394,.T.);
#4606=ORIENTED_EDGE('',*,*,#3395,.T.);
#4607=ORIENTED_EDGE('',*,*,#3272,.T.);
#4608=ORIENTED_EDGE('',*,*,#3393,.F.);
#4609=ORIENTED_EDGE('',*,*,#3271,.T.);
#4610=ORIENTED_EDGE('',*,*,#3396,.F.);
#4611=ORIENTED_EDGE('',*,*,#3118,.F.);
#4612=ORIENTED_EDGE('',*,*,#3397,.F.);
#4613=ORIENTED_EDGE('',*,*,#3398,.T.);
#4614=ORIENTED_EDGE('',*,*,#3399,.T.);
#4615=ORIENTED_EDGE('',*,*,#3280,.T.);
#4616=ORIENTED_EDGE('',*,*,#3400,.T.);
#4617=ORIENTED_EDGE('',*,*,#3401,.T.);
#4618=ORIENTED_EDGE('',*,*,#3401,.F.);
#4619=ORIENTED_EDGE('',*,*,#3402,.F.);
#4620=ORIENTED_EDGE('',*,*,#3403,.F.);
#4621=ORIENTED_EDGE('',*,*,#3404,.T.);
#4622=ORIENTED_EDGE('',*,*,#3405,.T.);
#4623=ORIENTED_EDGE('',*,*,#3406,.T.);
#4624=ORIENTED_EDGE('',*,*,#3407,.T.);
#4625=ORIENTED_EDGE('',*,*,#3202,.T.);
#4626=ORIENTED_EDGE('',*,*,#3361,.T.);
#4627=ORIENTED_EDGE('',*,*,#3153,.T.);
#4628=ORIENTED_EDGE('',*,*,#3408,.T.);
#4629=ORIENTED_EDGE('',*,*,#3409,.T.);
#4630=ORIENTED_EDGE('',*,*,#3358,.F.);
#4631=ORIENTED_EDGE('',*,*,#3362,.F.);
#4632=ORIENTED_EDGE('',*,*,#3409,.F.);
#4633=ORIENTED_EDGE('',*,*,#3410,.T.);
#4634=ORIENTED_EDGE('',*,*,#3411,.T.);
#4635=ORIENTED_EDGE('',*,*,#3367,.T.);
#4636=ORIENTED_EDGE('',*,*,#3412,.T.);
#4637=ORIENTED_EDGE('',*,*,#3151,.T.);
#4638=ORIENTED_EDGE('',*,*,#3363,.F.);
#4639=ORIENTED_EDGE('',*,*,#3368,.F.);
#4640=ORIENTED_EDGE('',*,*,#3411,.F.);
#4641=ORIENTED_EDGE('',*,*,#3150,.T.);
#4642=ORIENTED_EDGE('',*,*,#3413,.T.);
#4643=ORIENTED_EDGE('',*,*,#3239,.T.);
#4644=ORIENTED_EDGE('',*,*,#3373,.T.);
#4645=ORIENTED_EDGE('',*,*,#3145,.T.);
#4646=ORIENTED_EDGE('',*,*,#3414,.T.);
#4647=ORIENTED_EDGE('',*,*,#3415,.T.);
#4648=ORIENTED_EDGE('',*,*,#3370,.F.);
#4649=ORIENTED_EDGE('',*,*,#3374,.F.);
#4650=ORIENTED_EDGE('',*,*,#3415,.F.);
#4651=ORIENTED_EDGE('',*,*,#3416,.T.);
#4652=ORIENTED_EDGE('',*,*,#3417,.T.);
#4653=ORIENTED_EDGE('',*,*,#3355,.T.);
#4654=ORIENTED_EDGE('',*,*,#3418,.T.);
#4655=ORIENTED_EDGE('',*,*,#3143,.T.);
#4656=ORIENTED_EDGE('',*,*,#3351,.F.);
#4657=ORIENTED_EDGE('',*,*,#3356,.T.);
#4658=ORIENTED_EDGE('',*,*,#3417,.F.);
#4659=ORIENTED_EDGE('',*,*,#3142,.F.);
#4660=ORIENTED_EDGE('',*,*,#3419,.T.);
#4661=ORIENTED_EDGE('',*,*,#3247,.F.);
#4662=ORIENTED_EDGE('',*,*,#3349,.T.);
#4663=ORIENTED_EDGE('',*,*,#3139,.T.);
#4664=ORIENTED_EDGE('',*,*,#3420,.T.);
#4665=ORIENTED_EDGE('',*,*,#3421,.T.);
#4666=ORIENTED_EDGE('',*,*,#3346,.F.);
#4667=ORIENTED_EDGE('',*,*,#3350,.F.);
#4668=ORIENTED_EDGE('',*,*,#3421,.F.);
#4669=ORIENTED_EDGE('',*,*,#3422,.T.);
#4670=ORIENTED_EDGE('',*,*,#3423,.T.);
#4671=ORIENTED_EDGE('',*,*,#3379,.T.);
#4672=ORIENTED_EDGE('',*,*,#3424,.T.);
#4673=ORIENTED_EDGE('',*,*,#3137,.T.);
#4674=ORIENTED_EDGE('',*,*,#3375,.F.);
#4675=ORIENTED_EDGE('',*,*,#3380,.F.);
#4676=ORIENTED_EDGE('',*,*,#3423,.F.);
#4677=ORIENTED_EDGE('',*,*,#3136,.T.);
#4678=ORIENTED_EDGE('',*,*,#3425,.T.);
#4679=ORIENTED_EDGE('',*,*,#3253,.T.);
#4680=ORIENTED_EDGE('',*,*,#3385,.T.);
#4681=ORIENTED_EDGE('',*,*,#3131,.T.);
#4682=ORIENTED_EDGE('',*,*,#3426,.T.);
#4683=ORIENTED_EDGE('',*,*,#3427,.T.);
#4684=ORIENTED_EDGE('',*,*,#3382,.F.);
#4685=ORIENTED_EDGE('',*,*,#3386,.F.);
#4686=ORIENTED_EDGE('',*,*,#3427,.F.);
#4687=ORIENTED_EDGE('',*,*,#3428,.T.);
#4688=ORIENTED_EDGE('',*,*,#3429,.T.);
#4689=ORIENTED_EDGE('',*,*,#3343,.T.);
#4690=ORIENTED_EDGE('',*,*,#3430,.T.);
#4691=ORIENTED_EDGE('',*,*,#3129,.T.);
#4692=ORIENTED_EDGE('',*,*,#3339,.F.);
#4693=ORIENTED_EDGE('',*,*,#3344,.T.);
#4694=ORIENTED_EDGE('',*,*,#3429,.F.);
#4695=ORIENTED_EDGE('',*,*,#3128,.F.);
#4696=ORIENTED_EDGE('',*,*,#3431,.T.);
#4697=ORIENTED_EDGE('',*,*,#3261,.F.);
#4698=ORIENTED_EDGE('',*,*,#3337,.T.);
#4699=ORIENTED_EDGE('',*,*,#3125,.T.);
#4700=ORIENTED_EDGE('',*,*,#3432,.T.);
#4701=ORIENTED_EDGE('',*,*,#3433,.T.);
#4702=ORIENTED_EDGE('',*,*,#3334,.F.);
#4703=ORIENTED_EDGE('',*,*,#3338,.F.);
#4704=ORIENTED_EDGE('',*,*,#3433,.F.);
#4705=ORIENTED_EDGE('',*,*,#3434,.T.);
#4706=ORIENTED_EDGE('',*,*,#3435,.T.);
#4707=ORIENTED_EDGE('',*,*,#3391,.T.);
#4708=ORIENTED_EDGE('',*,*,#3436,.T.);
#4709=ORIENTED_EDGE('',*,*,#3123,.T.);
#4710=ORIENTED_EDGE('',*,*,#3387,.F.);
#4711=ORIENTED_EDGE('',*,*,#3392,.F.);
#4712=ORIENTED_EDGE('',*,*,#3435,.F.);
#4713=ORIENTED_EDGE('',*,*,#3122,.T.);
#4714=ORIENTED_EDGE('',*,*,#3437,.T.);
#4715=ORIENTED_EDGE('',*,*,#3267,.T.);
#4716=ORIENTED_EDGE('',*,*,#3397,.T.);
#4717=ORIENTED_EDGE('',*,*,#3117,.T.);
#4718=ORIENTED_EDGE('',*,*,#3438,.T.);
#4719=ORIENTED_EDGE('',*,*,#3439,.T.);
#4720=ORIENTED_EDGE('',*,*,#3394,.F.);
#4721=ORIENTED_EDGE('',*,*,#3398,.F.);
#4722=ORIENTED_EDGE('',*,*,#3439,.F.);
#4723=ORIENTED_EDGE('',*,*,#3440,.T.);
#4724=ORIENTED_EDGE('',*,*,#3441,.T.);
#4725=ORIENTED_EDGE('',*,*,#3331,.T.);
#4726=ORIENTED_EDGE('',*,*,#3442,.T.);
#4727=ORIENTED_EDGE('',*,*,#3115,.T.);
#4728=ORIENTED_EDGE('',*,*,#3327,.F.);
#4729=ORIENTED_EDGE('',*,*,#3332,.T.);
#4730=ORIENTED_EDGE('',*,*,#3441,.F.);
#4731=ORIENTED_EDGE('',*,*,#3114,.F.);
#4732=ORIENTED_EDGE('',*,*,#3443,.T.);
#4733=ORIENTED_EDGE('',*,*,#3275,.F.);
#4734=ORIENTED_EDGE('',*,*,#3325,.T.);
#4735=ORIENTED_EDGE('',*,*,#3111,.T.);
#4736=ORIENTED_EDGE('',*,*,#3444,.T.);
#4737=ORIENTED_EDGE('',*,*,#3445,.T.);
#4738=ORIENTED_EDGE('',*,*,#3322,.F.);
#4739=ORIENTED_EDGE('',*,*,#3326,.F.);
#4740=ORIENTED_EDGE('',*,*,#3445,.F.);
#4741=ORIENTED_EDGE('',*,*,#3446,.T.);
#4742=ORIENTED_EDGE('',*,*,#3447,.T.);
#4743=ORIENTED_EDGE('',*,*,#3403,.T.);
#4744=ORIENTED_EDGE('',*,*,#3448,.T.);
#4745=ORIENTED_EDGE('',*,*,#3109,.T.);
#4746=ORIENTED_EDGE('',*,*,#3399,.F.);
#4747=ORIENTED_EDGE('',*,*,#3404,.F.);
#4748=ORIENTED_EDGE('',*,*,#3447,.F.);
#4749=ORIENTED_EDGE('',*,*,#3108,.T.);
#4750=ORIENTED_EDGE('',*,*,#3449,.T.);
#4751=ORIENTED_EDGE('',*,*,#3281,.T.);
#4752=ORIENTED_EDGE('',*,*,#3450,.T.);
#4753=ORIENTED_EDGE('',*,*,#3319,.T.);
#4754=ORIENTED_EDGE('',*,*,#3451,.T.);
#4755=ORIENTED_EDGE('',*,*,#3188,.T.);
#4756=ORIENTED_EDGE('',*,*,#3315,.F.);
#4757=ORIENTED_EDGE('',*,*,#3320,.T.);
#4758=ORIENTED_EDGE('',*,*,#3450,.F.);
#4759=ORIENTED_EDGE('',*,*,#3187,.F.);
#4760=ORIENTED_EDGE('',*,*,#3452,.T.);
#4761=ORIENTED_EDGE('',*,*,#3205,.F.);
#4762=ORIENTED_EDGE('',*,*,#3453,.T.);
#4763=ORIENTED_EDGE('',*,*,#3190,.T.);
#4764=ORIENTED_EDGE('',*,*,#3454,.T.);
#4765=ORIENTED_EDGE('',*,*,#3455,.T.);
#4766=ORIENTED_EDGE('',*,*,#3406,.F.);
#4767=ORIENTED_EDGE('',*,*,#3456,.F.);
#4768=ORIENTED_EDGE('',*,*,#3455,.F.);
#4769=ORIENTED_EDGE('',*,*,#3457,.T.);
#4770=ORIENTED_EDGE('',*,*,#3458,.T.);
#4771=ORIENTED_EDGE('',*,*,#3178,.T.);
#4772=ORIENTED_EDGE('',*,*,#3459,.T.);
#4773=ORIENTED_EDGE('',*,*,#2831,.T.);
#4774=ORIENTED_EDGE('',*,*,#3460,.T.);
#4775=ORIENTED_EDGE('',*,*,#3461,.T.);
#4776=ORIENTED_EDGE('',*,*,#3462,.T.);
#4777=ORIENTED_EDGE('',*,*,#3182,.T.);
#4778=ORIENTED_EDGE('',*,*,#3041,.T.);
#4779=ORIENTED_EDGE('',*,*,#2833,.T.);
#4780=ORIENTED_EDGE('',*,*,#3463,.T.);
#4781=ORIENTED_EDGE('',*,*,#3213,.T.);
#4782=ORIENTED_EDGE('',*,*,#3036,.T.);
#4783=ORIENTED_EDGE('',*,*,#3040,.F.);
#4784=ORIENTED_EDGE('',*,*,#3179,.F.);
#4785=ORIENTED_EDGE('',*,*,#3458,.F.);
#4786=ORIENTED_EDGE('',*,*,#2830,.T.);
#4787=ORIENTED_EDGE('',*,*,#3464,.T.);
#4788=ORIENTED_EDGE('',*,*,#3210,.T.);
#4789=ORIENTED_EDGE('',*,*,#3465,.T.);
#4790=ORIENTED_EDGE('',*,*,#3466,.T.);
#4791=ORIENTED_EDGE('',*,*,#3461,.F.);
#4792=ORIENTED_EDGE('',*,*,#3467,.T.);
#4793=ORIENTED_EDGE('',*,*,#3466,.F.);
#4794=ORIENTED_EDGE('',*,*,#3468,.F.);
#4795=ORIENTED_EDGE('',*,*,#3469,.T.);
#4796=ORIENTED_EDGE('',*,*,#3215,.T.);
#4797=ORIENTED_EDGE('',*,*,#3470,.T.);
#4798=ORIENTED_EDGE('',*,*,#3471,.T.);
#4799=ORIENTED_EDGE('',*,*,#3471,.F.);
#4800=ORIENTED_EDGE('',*,*,#3472,.F.);
#4801=ORIENTED_EDGE('',*,*,#3473,.F.);
#4802=ORIENTED_EDGE('',*,*,#3474,.F.);
#4803=ORIENTED_EDGE('',*,*,#3475,.T.);
#4804=ORIENTED_EDGE('',*,*,#3476,.T.);
#4805=ORIENTED_EDGE('',*,*,#3477,.T.);
#4806=ORIENTED_EDGE('',*,*,#3208,.T.);
#4807=ORIENTED_EDGE('',*,*,#3478,.T.);
#4808=ORIENTED_EDGE('',*,*,#3473,.T.);
#4809=ORIENTED_EDGE('',*,*,#3479,.T.);
#4810=ORIENTED_EDGE('',*,*,#3176,.T.);
#4811=ORIENTED_EDGE('',*,*,#3469,.F.);
#4812=ORIENTED_EDGE('',*,*,#3474,.T.);
#4813=ORIENTED_EDGE('',*,*,#3478,.F.);
#4814=ORIENTED_EDGE('',*,*,#3175,.F.);
#4815=ORIENTED_EDGE('',*,*,#3198,.T.);
#4816=ORIENTED_EDGE('',*,*,#3216,.F.);
#4817=ORIENTED_EDGE('',*,*,#3480,.T.);
#4818=ORIENTED_EDGE('',*,*,#3184,.T.);
#4819=ORIENTED_EDGE('',*,*,#3481,.T.);
#4820=ORIENTED_EDGE('',*,*,#3482,.T.);
#4821=ORIENTED_EDGE('',*,*,#3476,.F.);
#4822=ORIENTED_EDGE('',*,*,#3483,.F.);
#4823=ORIENTED_EDGE('',*,*,#3482,.F.);
#4824=ORIENTED_EDGE('',*,*,#3484,.T.);
#4825=ORIENTED_EDGE('',*,*,#3224,.F.);
#4826=ORIENTED_EDGE('',*,*,#3294,.F.);
#4827=ORIENTED_EDGE('',*,*,#3306,.F.);
#4828=ORIENTED_EDGE('',*,*,#3304,.F.);
#4829=ORIENTED_EDGE('',*,*,#3165,.F.);
#4830=ORIENTED_EDGE('',*,*,#3308,.F.);
#4831=ORIENTED_EDGE('',*,*,#3289,.T.);
#4832=ORIENTED_EDGE('',*,*,#3287,.F.);
#4833=ORIENTED_EDGE('',*,*,#3231,.F.);
#4834=ORIENTED_EDGE('',*,*,#3303,.F.);
#4835=ORIENTED_EDGE('',*,*,#2757,.F.);
#4836=ORIENTED_EDGE('',*,*,#3314,.F.);
#4837=ORIENTED_EDGE('',*,*,#3158,.F.);
#4838=ORIENTED_EDGE('',*,*,#3311,.F.);
#4839=ORIENTED_EDGE('',*,*,#3300,.T.);
#4840=ORIENTED_EDGE('',*,*,#3298,.F.);
#4841=ORIENTED_EDGE('',*,*,#3237,.F.);
#4842=ORIENTED_EDGE('',*,*,#3359,.F.);
#4843=ORIENTED_EDGE('',*,*,#3410,.F.);
#4844=ORIENTED_EDGE('',*,*,#3408,.F.);
#4845=ORIENTED_EDGE('',*,*,#3152,.F.);
#4846=ORIENTED_EDGE('',*,*,#3412,.F.);
#4847=ORIENTED_EDGE('',*,*,#3366,.T.);
#4848=ORIENTED_EDGE('',*,*,#3364,.F.);
#4849=ORIENTED_EDGE('',*,*,#3245,.F.);
#4850=ORIENTED_EDGE('',*,*,#3371,.F.);
#4851=ORIENTED_EDGE('',*,*,#3416,.F.);
#4852=ORIENTED_EDGE('',*,*,#3414,.F.);
#4853=ORIENTED_EDGE('',*,*,#3144,.F.);
#4854=ORIENTED_EDGE('',*,*,#3418,.F.);
#4855=ORIENTED_EDGE('',*,*,#3354,.T.);
#4856=ORIENTED_EDGE('',*,*,#3352,.F.);
#4857=ORIENTED_EDGE('',*,*,#3251,.F.);
#4858=ORIENTED_EDGE('',*,*,#3347,.F.);
#4859=ORIENTED_EDGE('',*,*,#3422,.F.);
#4860=ORIENTED_EDGE('',*,*,#3420,.F.);
#4861=ORIENTED_EDGE('',*,*,#3138,.F.);
#4862=ORIENTED_EDGE('',*,*,#3424,.F.);
#4863=ORIENTED_EDGE('',*,*,#3378,.T.);
#4864=ORIENTED_EDGE('',*,*,#3376,.F.);
#4865=ORIENTED_EDGE('',*,*,#3259,.F.);
#4866=ORIENTED_EDGE('',*,*,#3383,.F.);
#4867=ORIENTED_EDGE('',*,*,#3428,.F.);
#4868=ORIENTED_EDGE('',*,*,#3426,.F.);
#4869=ORIENTED_EDGE('',*,*,#3130,.F.);
#4870=ORIENTED_EDGE('',*,*,#3430,.F.);
#4871=ORIENTED_EDGE('',*,*,#3342,.T.);
#4872=ORIENTED_EDGE('',*,*,#3340,.F.);
#4873=ORIENTED_EDGE('',*,*,#3265,.F.);
#4874=ORIENTED_EDGE('',*,*,#3335,.F.);
#4875=ORIENTED_EDGE('',*,*,#3434,.F.);
#4876=ORIENTED_EDGE('',*,*,#3432,.F.);
#4877=ORIENTED_EDGE('',*,*,#3124,.F.);
#4878=ORIENTED_EDGE('',*,*,#3436,.F.);
#4879=ORIENTED_EDGE('',*,*,#3390,.T.);
#4880=ORIENTED_EDGE('',*,*,#3388,.F.);
#4881=ORIENTED_EDGE('',*,*,#3273,.F.);
#4882=ORIENTED_EDGE('',*,*,#3395,.F.);
#4883=ORIENTED_EDGE('',*,*,#3440,.F.);
#4884=ORIENTED_EDGE('',*,*,#3438,.F.);
#4885=ORIENTED_EDGE('',*,*,#3116,.F.);
#4886=ORIENTED_EDGE('',*,*,#3442,.F.);
#4887=ORIENTED_EDGE('',*,*,#3330,.T.);
#4888=ORIENTED_EDGE('',*,*,#3328,.F.);
#4889=ORIENTED_EDGE('',*,*,#3279,.F.);
#4890=ORIENTED_EDGE('',*,*,#3323,.F.);
#4891=ORIENTED_EDGE('',*,*,#3446,.F.);
#4892=ORIENTED_EDGE('',*,*,#3444,.F.);
#4893=ORIENTED_EDGE('',*,*,#3110,.F.);
#4894=ORIENTED_EDGE('',*,*,#3448,.F.);
#4895=ORIENTED_EDGE('',*,*,#3402,.T.);
#4896=ORIENTED_EDGE('',*,*,#3400,.F.);
#4897=ORIENTED_EDGE('',*,*,#3203,.F.);
#4898=ORIENTED_EDGE('',*,*,#3407,.F.);
#4899=ORIENTED_EDGE('',*,*,#3457,.F.);
#4900=ORIENTED_EDGE('',*,*,#3454,.F.);
#4901=ORIENTED_EDGE('',*,*,#3189,.F.);
#4902=ORIENTED_EDGE('',*,*,#3451,.F.);
#4903=ORIENTED_EDGE('',*,*,#3318,.T.);
#4904=ORIENTED_EDGE('',*,*,#3316,.F.);
#4905=ORIENTED_EDGE('',*,*,#3209,.F.);
#4906=ORIENTED_EDGE('',*,*,#3477,.F.);
#4907=ORIENTED_EDGE('',*,*,#3484,.F.);
#4908=ORIENTED_EDGE('',*,*,#3481,.F.);
#4909=ORIENTED_EDGE('',*,*,#3183,.F.);
#4910=ORIENTED_EDGE('',*,*,#3462,.F.);
#4911=ORIENTED_EDGE('',*,*,#3468,.T.);
#4912=ORIENTED_EDGE('',*,*,#3465,.F.);
#4913=ORIENTED_EDGE('',*,*,#3214,.F.);
#4914=ORIENTED_EDGE('',*,*,#3463,.F.);
#4915=ORIENTED_EDGE('',*,*,#2832,.F.);
#4916=ORIENTED_EDGE('',*,*,#3459,.F.);
#4917=ORIENTED_EDGE('',*,*,#3177,.F.);
#4918=ORIENTED_EDGE('',*,*,#3479,.F.);
#4919=ORIENTED_EDGE('',*,*,#3472,.T.);
#4920=ORIENTED_EDGE('',*,*,#3470,.F.);
#4921=ORIENTED_EDGE('',*,*,#3014,.T.);
#4922=ORIENTED_EDGE('',*,*,#3018,.F.);
#4923=ORIENTED_EDGE('',*,*,#3160,.F.);
#4924=ORIENTED_EDGE('',*,*,#3313,.F.);
#4925=ORIENTED_EDGE('',*,*,#2755,.T.);
#4926=ORIENTED_EDGE('',*,*,#3227,.T.);
#4927=ORIENTED_EDGE('',*,*,#3309,.F.);
#4928=ORIENTED_EDGE('',*,*,#3162,.T.);
#4929=ORIENTED_EDGE('',*,*,#3485,.F.);
#4930=ORIENTED_EDGE('',*,*,#2699,.T.);
#4931=ORIENTED_EDGE('',*,*,#3486,.T.);
#4932=ORIENTED_EDGE('',*,*,#3228,.F.);
#4933=ORIENTED_EDGE('',*,*,#3485,.T.);
#4934=ORIENTED_EDGE('',*,*,#3161,.F.);
#4935=ORIENTED_EDGE('',*,*,#3011,.T.);
#4936=ORIENTED_EDGE('',*,*,#3007,.T.);
#4937=ORIENTED_EDGE('',*,*,#3009,.T.);
#4938=ORIENTED_EDGE('',*,*,#3004,.T.);
#4939=ORIENTED_EDGE('',*,*,#2978,.T.);
#4940=ORIENTED_EDGE('',*,*,#2974,.T.);
#4941=ORIENTED_EDGE('',*,*,#2976,.T.);
#4942=ORIENTED_EDGE('',*,*,#2971,.T.);
#4943=ORIENTED_EDGE('',*,*,#2945,.T.);
#4944=ORIENTED_EDGE('',*,*,#2941,.T.);
#4945=ORIENTED_EDGE('',*,*,#2943,.T.);
#4946=ORIENTED_EDGE('',*,*,#2938,.T.);
#4947=ORIENTED_EDGE('',*,*,#2912,.T.);
#4948=ORIENTED_EDGE('',*,*,#2908,.T.);
#4949=ORIENTED_EDGE('',*,*,#2910,.T.);
#4950=ORIENTED_EDGE('',*,*,#2905,.T.);
#4951=ORIENTED_EDGE('',*,*,#2879,.T.);
#4952=ORIENTED_EDGE('',*,*,#2875,.T.);
#4953=ORIENTED_EDGE('',*,*,#2877,.T.);
#4954=ORIENTED_EDGE('',*,*,#2872,.T.);
#4955=ORIENTED_EDGE('',*,*,#2846,.T.);
#4956=ORIENTED_EDGE('',*,*,#2842,.T.);
#4957=ORIENTED_EDGE('',*,*,#2844,.T.);
#4958=ORIENTED_EDGE('',*,*,#2839,.T.);
#4959=ORIENTED_EDGE('',*,*,#2737,.T.);
#4960=ORIENTED_EDGE('',*,*,#2703,.T.);
#4961=ORIENTED_EDGE('',*,*,#2706,.T.);
#4962=ORIENTED_EDGE('',*,*,#3242,.T.);
#4963=ORIENTED_EDGE('',*,*,#3080,.F.);
#4964=ORIENTED_EDGE('',*,*,#3147,.F.);
#4965=ORIENTED_EDGE('',*,*,#3372,.T.);
#4966=ORIENTED_EDGE('',*,*,#3240,.T.);
#4967=ORIENTED_EDGE('',*,*,#3413,.F.);
#4968=ORIENTED_EDGE('',*,*,#3149,.T.);
#4969=ORIENTED_EDGE('',*,*,#3086,.F.);
#4970=ORIENTED_EDGE('',*,*,#3256,.T.);
#4971=ORIENTED_EDGE('',*,*,#3068,.F.);
#4972=ORIENTED_EDGE('',*,*,#3133,.F.);
#4973=ORIENTED_EDGE('',*,*,#3384,.T.);
#4974=ORIENTED_EDGE('',*,*,#3254,.T.);
#4975=ORIENTED_EDGE('',*,*,#3425,.F.);
#4976=ORIENTED_EDGE('',*,*,#3135,.T.);
#4977=ORIENTED_EDGE('',*,*,#3060,.F.);
#4978=ORIENTED_EDGE('',*,*,#3270,.T.);
#4979=ORIENTED_EDGE('',*,*,#3076,.F.);
#4980=ORIENTED_EDGE('',*,*,#3119,.F.);
#4981=ORIENTED_EDGE('',*,*,#3396,.T.);
#4982=ORIENTED_EDGE('',*,*,#3268,.T.);
#4983=ORIENTED_EDGE('',*,*,#3437,.F.);
#4984=ORIENTED_EDGE('',*,*,#3121,.T.);
#4985=ORIENTED_EDGE('',*,*,#3096,.F.);
#4986=ORIENTED_EDGE('',*,*,#3405,.F.);
#4987=ORIENTED_EDGE('',*,*,#3201,.T.);
#4988=ORIENTED_EDGE('',*,*,#3487,.F.);
#4989=ORIENTED_EDGE('',*,*,#3191,.F.);
#4990=ORIENTED_EDGE('',*,*,#3453,.F.);
#4991=ORIENTED_EDGE('',*,*,#3456,.T.);
#4992=ORIENTED_EDGE('',*,*,#3200,.T.);
#4993=ORIENTED_EDGE('',*,*,#3072,.F.);
#4994=ORIENTED_EDGE('',*,*,#3192,.F.);
#4995=ORIENTED_EDGE('',*,*,#3487,.T.);
#4996=ORIENTED_EDGE('',*,*,#3282,.T.);
#4997=ORIENTED_EDGE('',*,*,#3449,.F.);
#4998=ORIENTED_EDGE('',*,*,#3107,.T.);
#4999=ORIENTED_EDGE('',*,*,#3050,.F.);
#5000=ORIENTED_EDGE('',*,*,#3467,.F.);
#5001=ORIENTED_EDGE('',*,*,#3460,.F.);
#5002=ORIENTED_EDGE('',*,*,#3181,.T.);
#5003=ORIENTED_EDGE('',*,*,#3488,.T.);
#5004=ORIENTED_EDGE('',*,*,#3211,.T.);
#5005=ORIENTED_EDGE('',*,*,#3464,.F.);
#5006=ORIENTED_EDGE('',*,*,#3212,.T.);
#5007=ORIENTED_EDGE('',*,*,#3488,.F.);
#5008=ORIENTED_EDGE('',*,*,#3180,.T.);
#5009=ORIENTED_EDGE('',*,*,#3105,.F.);
#5010=ORIENTED_EDGE('',*,*,#3475,.F.);
#5011=ORIENTED_EDGE('',*,*,#3207,.F.);
#5012=ORIENTED_EDGE('',*,*,#3489,.F.);
#5013=ORIENTED_EDGE('',*,*,#3185,.F.);
#5014=ORIENTED_EDGE('',*,*,#3480,.F.);
#5015=ORIENTED_EDGE('',*,*,#3483,.T.);
#5016=ORIENTED_EDGE('',*,*,#3196,.F.);
#5017=ORIENTED_EDGE('',*,*,#3172,.F.);
#5018=ORIENTED_EDGE('',*,*,#3490,.T.);
#5019=ORIENTED_EDGE('',*,*,#3217,.F.);
#5020=ORIENTED_EDGE('',*,*,#3186,.F.);
#5021=ORIENTED_EDGE('',*,*,#3489,.T.);
#5022=ORIENTED_EDGE('',*,*,#3206,.F.);
#5023=ORIENTED_EDGE('',*,*,#3452,.F.);
#5024=ORIENTED_EDGE('',*,*,#3193,.F.);
#5025=ORIENTED_EDGE('',*,*,#3070,.T.);
#5026=ORIENTED_EDGE('',*,*,#3199,.F.);
#5027=ORIENTED_EDGE('',*,*,#3048,.F.);
#5028=ORIENTED_EDGE('',*,*,#3113,.F.);
#5029=ORIENTED_EDGE('',*,*,#3324,.T.);
#5030=ORIENTED_EDGE('',*,*,#3276,.F.);
#5031=ORIENTED_EDGE('',*,*,#3443,.F.);
#5032=ORIENTED_EDGE('',*,*,#3120,.F.);
#5033=ORIENTED_EDGE('',*,*,#3074,.T.);
#5034=ORIENTED_EDGE('',*,*,#3269,.F.);
#5035=ORIENTED_EDGE('',*,*,#3094,.F.);
#5036=ORIENTED_EDGE('',*,*,#3127,.F.);
#5037=ORIENTED_EDGE('',*,*,#3336,.T.);
#5038=ORIENTED_EDGE('',*,*,#3262,.F.);
#5039=ORIENTED_EDGE('',*,*,#3431,.F.);
#5040=ORIENTED_EDGE('',*,*,#3134,.F.);
#5041=ORIENTED_EDGE('',*,*,#3066,.T.);
#5042=ORIENTED_EDGE('',*,*,#3255,.F.);
#5043=ORIENTED_EDGE('',*,*,#3058,.F.);
#5044=ORIENTED_EDGE('',*,*,#3141,.F.);
#5045=ORIENTED_EDGE('',*,*,#3348,.T.);
#5046=ORIENTED_EDGE('',*,*,#3248,.F.);
#5047=ORIENTED_EDGE('',*,*,#3419,.F.);
#5048=ORIENTED_EDGE('',*,*,#3148,.F.);
#5049=ORIENTED_EDGE('',*,*,#3078,.T.);
#5050=ORIENTED_EDGE('',*,*,#3241,.F.);
#5051=ORIENTED_EDGE('',*,*,#3084,.F.);
#5052=ORIENTED_EDGE('',*,*,#3155,.F.);
#5053=ORIENTED_EDGE('',*,*,#3360,.T.);
#5054=ORIENTED_EDGE('',*,*,#3234,.F.);
#5055=ORIENTED_EDGE('',*,*,#3312,.F.);
#5056=ORIENTED_EDGE('',*,*,#2698,.T.);
#5057=ORIENTED_EDGE('',*,*,#2736,.T.);
#5058=ORIENTED_EDGE('',*,*,#3229,.F.);
#5059=ORIENTED_EDGE('',*,*,#3486,.F.);
#5060=ORIENTED_EDGE('',*,*,#3283,.F.);
#5061=ORIENTED_EDGE('',*,*,#3219,.F.);
#5062=ORIENTED_EDGE('',*,*,#3491,.F.);
#5063=ORIENTED_EDGE('',*,*,#3170,.F.);
#5064=ORIENTED_EDGE('',*,*,#3171,.T.);
#5065=ORIENTED_EDGE('',*,*,#3491,.T.);
#5066=ORIENTED_EDGE('',*,*,#3218,.F.);
#5067=ORIENTED_EDGE('',*,*,#3490,.F.);
#5068=ORIENTED_EDGE('',*,*,#2762,.T.);
#5069=ORIENTED_EDGE('',*,*,#2837,.T.);
#5070=ORIENTED_EDGE('',*,*,#2852,.T.);
#5071=ORIENTED_EDGE('',*,*,#2870,.T.);
#5072=ORIENTED_EDGE('',*,*,#2885,.T.);
#5073=ORIENTED_EDGE('',*,*,#2903,.T.);
#5074=ORIENTED_EDGE('',*,*,#2918,.T.);
#5075=ORIENTED_EDGE('',*,*,#2936,.T.);
#5076=ORIENTED_EDGE('',*,*,#3043,.T.);
#5077=ORIENTED_EDGE('',*,*,#3021,.T.);
#5078=ORIENTED_EDGE('',*,*,#3002,.T.);
#5079=ORIENTED_EDGE('',*,*,#2984,.T.);
#5080=ORIENTED_EDGE('',*,*,#2969,.T.);
#5081=ORIENTED_EDGE('',*,*,#2951,.T.);
#5082=PLANE('',#5602);
#5083=PLANE('',#5603);
#5084=PLANE('',#5604);
#5085=PLANE('',#5606);
#5086=PLANE('',#5607);
#5087=PLANE('',#5611);
#5088=PLANE('',#5618);
#5089=PLANE('',#5621);
#5090=PLANE('',#5622);
#5091=PLANE('',#5624);
#5092=PLANE('',#5625);
#5093=PLANE('',#5626);
#5094=PLANE('',#5627);
#5095=PLANE('',#5628);
#5096=PLANE('',#5629);
#5097=PLANE('',#5633);
#5098=PLANE('',#5640);
#5099=PLANE('',#5643);
#5100=PLANE('',#5644);
#5101=PLANE('',#5645);
#5102=PLANE('',#5647);
#5103=PLANE('',#5650);
#5104=PLANE('',#5653);
#5105=PLANE('',#5654);
#5106=PLANE('',#5656);
#5107=PLANE('',#5657);
#5108=PLANE('',#5658);
#5109=PLANE('',#5661);
#5110=PLANE('',#5664);
#5111=PLANE('',#5665);
#5112=PLANE('',#5666);
#5113=PLANE('',#5668);
#5114=PLANE('',#5671);
#5115=PLANE('',#5674);
#5116=PLANE('',#5675);
#5117=PLANE('',#5677);
#5118=PLANE('',#5678);
#5119=PLANE('',#5679);
#5120=PLANE('',#5682);
#5121=PLANE('',#5685);
#5122=PLANE('',#5686);
#5123=PLANE('',#5687);
#5124=PLANE('',#5689);
#5125=PLANE('',#5692);
#5126=PLANE('',#5695);
#5127=PLANE('',#5696);
#5128=PLANE('',#5698);
#5129=PLANE('',#5699);
#5130=PLANE('',#5700);
#5131=PLANE('',#5703);
#5132=PLANE('',#5706);
#5133=PLANE('',#5707);
#5134=PLANE('',#5708);
#5135=PLANE('',#5710);
#5136=PLANE('',#5713);
#5137=PLANE('',#5716);
#5138=PLANE('',#5717);
#5139=PLANE('',#5719);
#5140=PLANE('',#5720);
#5141=PLANE('',#5721);
#5142=PLANE('',#5724);
#5143=PLANE('',#5727);
#5144=PLANE('',#5728);
#5145=PLANE('',#5729);
#5146=PLANE('',#5731);
#5147=PLANE('',#5734);
#5148=PLANE('',#5737);
#5149=PLANE('',#5738);
#5150=PLANE('',#5740);
#5151=PLANE('',#5741);
#5152=PLANE('',#5742);
#5153=PLANE('',#5745);
#5154=PLANE('',#5748);
#5155=PLANE('',#5749);
#5156=PLANE('',#5750);
#5157=PLANE('',#5752);
#5158=PLANE('',#5755);
#5159=PLANE('',#5756);
#5160=PLANE('',#5759);
#5161=PLANE('',#5760);
#5162=PLANE('',#5762);
#5163=PLANE('',#5763);
#5164=PLANE('',#5764);
#5165=PLANE('',#5767);
#5166=PLANE('',#5768);
#5167=PLANE('',#5771);
#5168=PLANE('',#5772);
#5169=PLANE('',#5773);
#5170=PLANE('',#5774);
#5171=PLANE('',#5775);
#5172=PLANE('',#5776);
#5173=PLANE('',#5777);
#5174=PLANE('',#5778);
#5175=PLANE('',#5779);
#5176=PLANE('',#5780);
#5177=PLANE('',#5781);
#5178=PLANE('',#5782);
#5179=PLANE('',#5783);
#5180=PLANE('',#5784);
#5181=PLANE('',#5785);
#5182=PLANE('',#5786);
#5183=PLANE('',#5787);
#5184=PLANE('',#5788);
#5185=PLANE('',#5789);
#5186=PLANE('',#5790);
#5187=PLANE('',#5791);
#5188=PLANE('',#5792);
#5189=PLANE('',#5793);
#5190=PLANE('',#5794);
#5191=PLANE('',#5795);
#5192=PLANE('',#5796);
#5193=PLANE('',#5797);
#5194=PLANE('',#5798);
#5195=PLANE('',#5799);
#5196=PLANE('',#5800);
#5197=PLANE('',#5801);
#5198=PLANE('',#5802);
#5199=PLANE('',#5803);
#5200=PLANE('',#5804);
#5201=PLANE('',#5805);
#5202=PLANE('',#5806);
#5203=PLANE('',#5807);
#5204=PLANE('',#5808);
#5205=PLANE('',#5809);
#5206=PLANE('',#5810);
#5207=PLANE('',#5811);
#5208=PLANE('',#5812);
#5209=PLANE('',#5813);
#5210=PLANE('',#5814);
#5211=PLANE('',#5815);
#5212=PLANE('',#5816);
#5213=PLANE('',#5817);
#5214=PLANE('',#5818);
#5215=PLANE('',#5819);
#5216=PLANE('',#5820);
#5217=PLANE('',#5821);
#5218=PLANE('',#5822);
#5219=PLANE('',#5823);
#5220=PLANE('',#5824);
#5221=PLANE('',#5825);
#5222=PLANE('',#5826);
#5223=PLANE('',#5827);
#5224=PLANE('',#5828);
#5225=PLANE('',#5829);
#5226=PLANE('',#5830);
#5227=PLANE('',#5831);
#5228=PLANE('',#5832);
#5229=PLANE('',#5833);
#5230=PLANE('',#5834);
#5231=PLANE('',#5835);
#5232=PLANE('',#5836);
#5233=PLANE('',#5837);
#5234=PLANE('',#5838);
#5235=PLANE('',#5839);
#5236=PLANE('',#5840);
#5237=PLANE('',#5841);
#5238=PLANE('',#5842);
#5239=PLANE('',#5843);
#5240=PLANE('',#5844);
#5241=PLANE('',#5845);
#5242=PLANE('',#5846);
#5243=PLANE('',#5847);
#5244=PLANE('',#5848);
#5245=PLANE('',#5849);
#5246=PLANE('',#5850);
#5247=PLANE('',#5851);
#5248=PLANE('',#5852);
#5249=PLANE('',#5853);
#5250=PLANE('',#5854);
#5251=PLANE('',#5855);
#5252=PLANE('',#5856);
#5253=PLANE('',#5857);
#5254=PLANE('',#5858);
#5255=PLANE('',#5859);
#5256=PLANE('',#5860);
#5257=PLANE('',#5861);
#5258=PLANE('',#5862);
#5259=PLANE('',#5863);
#5260=PLANE('',#5864);
#5261=PLANE('',#5865);
#5262=PLANE('',#5866);
#5263=PLANE('',#5867);
#5264=PLANE('',#5868);
#5265=PLANE('',#5869);
#5266=PLANE('',#5870);
#5267=PLANE('',#5871);
#5268=PLANE('',#5872);
#5269=PLANE('',#5873);
#5270=PLANE('',#5874);
#5271=PLANE('',#5875);
#5272=PLANE('',#5876);
#5273=PLANE('',#5877);
#5274=PLANE('',#5878);
#5275=PLANE('',#5879);
#5276=PLANE('',#5880);
#5277=PLANE('',#5881);
#5278=PLANE('',#5882);
#5279=PLANE('',#5883);
#5280=PLANE('',#5884);
#5281=PLANE('',#5885);
#5282=PLANE('',#5886);
#5283=PLANE('',#5887);
#5284=PLANE('',#5888);
#5285=PLANE('',#5889);
#5286=PLANE('',#5890);
#5287=PLANE('',#5891);
#5288=PLANE('',#5892);
#5289=PLANE('',#5893);
#5290=PLANE('',#5894);
#5291=PLANE('',#5895);
#5292=PLANE('',#5896);
#5293=PLANE('',#5897);
#5294=PLANE('',#5898);
#5295=PLANE('',#5899);
#5296=PLANE('',#5900);
#5297=PLANE('',#5901);
#5298=PLANE('',#5902);
#5299=PLANE('',#5903);
#5300=PLANE('',#5904);
#5301=PLANE('',#5905);
#5302=PLANE('',#5906);
#5303=PLANE('',#5907);
#5304=PLANE('',#5908);
#5305=PLANE('',#5909);
#5306=PLANE('',#5910);
#5307=PLANE('',#5911);
#5308=PLANE('',#5912);
#5309=PLANE('',#5913);
#5310=PLANE('',#5914);
#5311=PLANE('',#5915);
#5312=PLANE('',#5916);
#5313=PLANE('',#5917);
#5314=PLANE('',#5918);
#5315=PLANE('',#5919);
#5316=PLANE('',#5920);
#5317=PLANE('',#5921);
#5318=PLANE('',#5922);
#5319=PLANE('',#5923);
#5320=PLANE('',#5924);
#5321=ADVANCED_FACE('',(#127),#5082,.T.);
#5322=ADVANCED_FACE('',(#128),#5083,.T.);
#5323=ADVANCED_FACE('',(#129,#57),#5084,.F.);
#5324=ADVANCED_FACE('',(#130),#5085,.F.);
#5325=ADVANCED_FACE('',(#131),#5086,.T.);
#5326=ADVANCED_FACE('',(#132),#29,.F.);
#5327=ADVANCED_FACE('',(#133),#5087,.T.);
#5328=ADVANCED_FACE('',(#134),#5088,.T.);
#5329=ADVANCED_FACE('',(#135),#30,.F.);
#5330=ADVANCED_FACE('',(#136),#5089,.T.);
#5331=ADVANCED_FACE('',(#137,#58),#5090,.F.);
#5332=ADVANCED_FACE('',(#138),#5091,.T.);
#5333=ADVANCED_FACE('',(#139),#5092,.F.);
#5334=ADVANCED_FACE('',(#140),#5093,.F.);
#5335=ADVANCED_FACE('',(#141),#5094,.T.);
#5336=ADVANCED_FACE('',(#142),#5095,.T.);
#5337=ADVANCED_FACE('',(#143),#5096,.T.);
#5338=ADVANCED_FACE('',(#144),#31,.F.);
#5339=ADVANCED_FACE('',(#145),#5097,.T.);
#5340=ADVANCED_FACE('',(#146),#5098,.T.);
#5341=ADVANCED_FACE('',(#147),#32,.F.);
#5342=ADVANCED_FACE('',(#148),#5099,.T.);
#5343=ADVANCED_FACE('',(#149),#5100,.T.);
#5344=ADVANCED_FACE('',(#150,#59),#5101,.F.);
#5345=ADVANCED_FACE('',(#151),#5102,.T.);
#5346=ADVANCED_FACE('',(#152),#33,.F.);
#5347=ADVANCED_FACE('',(#153),#5103,.T.);
#5348=ADVANCED_FACE('',(#154),#34,.F.);
#5349=ADVANCED_FACE('',(#155),#5104,.T.);
#5350=ADVANCED_FACE('',(#156,#60),#5105,.F.);
#5351=ADVANCED_FACE('',(#157),#5106,.T.);
#5352=ADVANCED_FACE('',(#158),#5107,.F.);
#5353=ADVANCED_FACE('',(#159),#5108,.T.);
#5354=ADVANCED_FACE('',(#160),#35,.F.);
#5355=ADVANCED_FACE('',(#161),#5109,.T.);
#5356=ADVANCED_FACE('',(#162),#36,.F.);
#5357=ADVANCED_FACE('',(#163),#5110,.T.);
#5358=ADVANCED_FACE('',(#164),#5111,.T.);
#5359=ADVANCED_FACE('',(#165,#61),#5112,.F.);
#5360=ADVANCED_FACE('',(#166),#5113,.T.);
#5361=ADVANCED_FACE('',(#167),#37,.F.);
#5362=ADVANCED_FACE('',(#168),#5114,.T.);
#5363=ADVANCED_FACE('',(#169),#38,.F.);
#5364=ADVANCED_FACE('',(#170),#5115,.T.);
#5365=ADVANCED_FACE('',(#171,#62),#5116,.F.);
#5366=ADVANCED_FACE('',(#172),#5117,.T.);
#5367=ADVANCED_FACE('',(#173),#5118,.F.);
#5368=ADVANCED_FACE('',(#174),#5119,.T.);
#5369=ADVANCED_FACE('',(#175),#39,.F.);
#5370=ADVANCED_FACE('',(#176),#5120,.T.);
#5371=ADVANCED_FACE('',(#177),#40,.F.);
#5372=ADVANCED_FACE('',(#178),#5121,.T.);
#5373=ADVANCED_FACE('',(#179),#5122,.T.);
#5374=ADVANCED_FACE('',(#180,#63),#5123,.F.);
#5375=ADVANCED_FACE('',(#181),#5124,.T.);
#5376=ADVANCED_FACE('',(#182),#41,.F.);
#5377=ADVANCED_FACE('',(#183),#5125,.T.);
#5378=ADVANCED_FACE('',(#184),#42,.F.);
#5379=ADVANCED_FACE('',(#185),#5126,.T.);
#5380=ADVANCED_FACE('',(#186,#64),#5127,.F.);
#5381=ADVANCED_FACE('',(#187),#5128,.T.);
#5382=ADVANCED_FACE('',(#188),#5129,.F.);
#5383=ADVANCED_FACE('',(#189),#5130,.T.);
#5384=ADVANCED_FACE('',(#190),#43,.F.);
#5385=ADVANCED_FACE('',(#191),#5131,.T.);
#5386=ADVANCED_FACE('',(#192),#44,.F.);
#5387=ADVANCED_FACE('',(#193),#5132,.T.);
#5388=ADVANCED_FACE('',(#194),#5133,.T.);
#5389=ADVANCED_FACE('',(#195,#65),#5134,.F.);
#5390=ADVANCED_FACE('',(#196),#5135,.T.);
#5391=ADVANCED_FACE('',(#197),#45,.F.);
#5392=ADVANCED_FACE('',(#198),#5136,.T.);
#5393=ADVANCED_FACE('',(#199),#46,.F.);
#5394=ADVANCED_FACE('',(#200),#5137,.T.);
#5395=ADVANCED_FACE('',(#201,#66),#5138,.F.);
#5396=ADVANCED_FACE('',(#202),#5139,.T.);
#5397=ADVANCED_FACE('',(#203),#5140,.F.);
#5398=ADVANCED_FACE('',(#204),#5141,.T.);
#5399=ADVANCED_FACE('',(#205),#47,.F.);
#5400=ADVANCED_FACE('',(#206),#5142,.T.);
#5401=ADVANCED_FACE('',(#207),#48,.F.);
#5402=ADVANCED_FACE('',(#208),#5143,.T.);
#5403=ADVANCED_FACE('',(#209),#5144,.T.);
#5404=ADVANCED_FACE('',(#210,#67),#5145,.F.);
#5405=ADVANCED_FACE('',(#211),#5146,.T.);
#5406=ADVANCED_FACE('',(#212),#49,.F.);
#5407=ADVANCED_FACE('',(#213),#5147,.T.);
#5408=ADVANCED_FACE('',(#214),#50,.F.);
#5409=ADVANCED_FACE('',(#215),#5148,.T.);
#5410=ADVANCED_FACE('',(#216,#68),#5149,.F.);
#5411=ADVANCED_FACE('',(#217),#5150,.T.);
#5412=ADVANCED_FACE('',(#218),#5151,.F.);
#5413=ADVANCED_FACE('',(#219),#5152,.T.);
#5414=ADVANCED_FACE('',(#220),#51,.F.);
#5415=ADVANCED_FACE('',(#221),#5153,.T.);
#5416=ADVANCED_FACE('',(#222),#52,.F.);
#5417=ADVANCED_FACE('',(#223),#5154,.T.);
#5418=ADVANCED_FACE('',(#224),#5155,.T.);
#5419=ADVANCED_FACE('',(#225,#69),#5156,.F.);
#5420=ADVANCED_FACE('',(#226),#5157,.T.);
#5421=ADVANCED_FACE('',(#227),#53,.F.);
#5422=ADVANCED_FACE('',(#228),#5158,.T.);
#5423=ADVANCED_FACE('',(#229),#5159,.T.);
#5424=ADVANCED_FACE('',(#230),#54,.F.);
#5425=ADVANCED_FACE('',(#231),#5160,.T.);
#5426=ADVANCED_FACE('',(#232,#70),#5161,.F.);
#5427=ADVANCED_FACE('',(#233),#5162,.T.);
#5428=ADVANCED_FACE('',(#234),#5163,.F.);
#5429=ADVANCED_FACE('',(#235),#5164,.T.);
#5430=ADVANCED_FACE('',(#236),#55,.F.);
#5431=ADVANCED_FACE('',(#237),#5165,.T.);
#5432=ADVANCED_FACE('',(#238),#5166,.T.);
#5433=ADVANCED_FACE('',(#239),#56,.F.);
#5434=ADVANCED_FACE('',(#240),#5167,.F.);
#5435=ADVANCED_FACE('',(#241),#5168,.F.);
#5436=ADVANCED_FACE('',(#242),#5169,.F.);
#5437=ADVANCED_FACE('',(#243),#5170,.F.);
#5438=ADVANCED_FACE('',(#244),#5171,.F.);
#5439=ADVANCED_FACE('',(#245),#5172,.F.);
#5440=ADVANCED_FACE('',(#246),#5173,.F.);
#5441=ADVANCED_FACE('',(#247),#5174,.F.);
#5442=ADVANCED_FACE('',(#248),#5175,.F.);
#5443=ADVANCED_FACE('',(#249),#5176,.F.);
#5444=ADVANCED_FACE('',(#250),#5177,.F.);
#5445=ADVANCED_FACE('',(#251),#5178,.F.);
#5446=ADVANCED_FACE('',(#252),#5179,.F.);
#5447=ADVANCED_FACE('',(#253),#5180,.F.);
#5448=ADVANCED_FACE('',(#254),#5181,.F.);
#5449=ADVANCED_FACE('',(#255),#5182,.F.);
#5450=ADVANCED_FACE('',(#256),#5183,.F.);
#5451=ADVANCED_FACE('',(#257),#5184,.F.);
#5452=ADVANCED_FACE('',(#258),#5185,.F.);
#5453=ADVANCED_FACE('',(#259),#5186,.T.);
#5454=ADVANCED_FACE('',(#260),#5187,.T.);
#5455=ADVANCED_FACE('',(#261),#5188,.T.);
#5456=ADVANCED_FACE('',(#262),#5189,.T.);
#5457=ADVANCED_FACE('',(#263),#5190,.T.);
#5458=ADVANCED_FACE('',(#264),#5191,.T.);
#5459=ADVANCED_FACE('',(#265),#5192,.T.);
#5460=ADVANCED_FACE('',(#266),#5193,.T.);
#5461=ADVANCED_FACE('',(#267),#5194,.T.);
#5462=ADVANCED_FACE('',(#268),#5195,.T.);
#5463=ADVANCED_FACE('',(#269),#5196,.F.);
#5464=ADVANCED_FACE('',(#270),#5197,.T.);
#5465=ADVANCED_FACE('',(#271),#5198,.T.);
#5466=ADVANCED_FACE('',(#272),#5199,.F.);
#5467=ADVANCED_FACE('',(#273),#5200,.T.);
#5468=ADVANCED_FACE('',(#274),#5201,.T.);
#5469=ADVANCED_FACE('',(#275),#5202,.T.);
#5470=ADVANCED_FACE('',(#276),#5203,.T.);
#5471=ADVANCED_FACE('',(#277),#5204,.T.);
#5472=ADVANCED_FACE('',(#278),#5205,.T.);
#5473=ADVANCED_FACE('',(#279),#5206,.F.);
#5474=ADVANCED_FACE('',(#280),#5207,.T.);
#5475=ADVANCED_FACE('',(#281),#5208,.T.);
#5476=ADVANCED_FACE('',(#282),#5209,.T.);
#5477=ADVANCED_FACE('',(#283),#5210,.F.);
#5478=ADVANCED_FACE('',(#284),#5211,.T.);
#5479=ADVANCED_FACE('',(#285),#5212,.T.);
#5480=ADVANCED_FACE('',(#286),#5213,.T.);
#5481=ADVANCED_FACE('',(#287),#5214,.F.);
#5482=ADVANCED_FACE('',(#288),#5215,.T.);
#5483=ADVANCED_FACE('',(#289),#5216,.T.);
#5484=ADVANCED_FACE('',(#290),#5217,.T.);
#5485=ADVANCED_FACE('',(#291),#5218,.F.);
#5486=ADVANCED_FACE('',(#292),#5219,.T.);
#5487=ADVANCED_FACE('',(#293),#5220,.T.);
#5488=ADVANCED_FACE('',(#294),#5221,.T.);
#5489=ADVANCED_FACE('',(#295),#5222,.T.);
#5490=ADVANCED_FACE('',(#296),#5223,.T.);
#5491=ADVANCED_FACE('',(#297),#5224,.T.);
#5492=ADVANCED_FACE('',(#298),#5225,.T.);
#5493=ADVANCED_FACE('',(#299),#5226,.T.);
#5494=ADVANCED_FACE('',(#300),#5227,.T.);
#5495=ADVANCED_FACE('',(#301),#5228,.T.);
#5496=ADVANCED_FACE('',(#302),#5229,.T.);
#5497=ADVANCED_FACE('',(#303),#5230,.T.);
#5498=ADVANCED_FACE('',(#304),#5231,.T.);
#5499=ADVANCED_FACE('',(#305),#5232,.T.);
#5500=ADVANCED_FACE('',(#306),#5233,.T.);
#5501=ADVANCED_FACE('',(#307),#5234,.T.);
#5502=ADVANCED_FACE('',(#308),#5235,.T.);
#5503=ADVANCED_FACE('',(#309),#5236,.T.);
#5504=ADVANCED_FACE('',(#310),#5237,.F.);
#5505=ADVANCED_FACE('',(#311),#5238,.T.);
#5506=ADVANCED_FACE('',(#312),#5239,.T.);
#5507=ADVANCED_FACE('',(#313),#5240,.T.);
#5508=ADVANCED_FACE('',(#314),#5241,.T.);
#5509=ADVANCED_FACE('',(#315),#5242,.T.);
#5510=ADVANCED_FACE('',(#316),#5243,.T.);
#5511=ADVANCED_FACE('',(#317),#5244,.T.);
#5512=ADVANCED_FACE('',(#318),#5245,.F.);
#5513=ADVANCED_FACE('',(#319),#5246,.T.);
#5514=ADVANCED_FACE('',(#320),#5247,.T.);
#5515=ADVANCED_FACE('',(#321),#5248,.T.);
#5516=ADVANCED_FACE('',(#322),#5249,.T.);
#5517=ADVANCED_FACE('',(#323),#5250,.T.);
#5518=ADVANCED_FACE('',(#324),#5251,.T.);
#5519=ADVANCED_FACE('',(#325),#5252,.T.);
#5520=ADVANCED_FACE('',(#326),#5253,.F.);
#5521=ADVANCED_FACE('',(#327),#5254,.T.);
#5522=ADVANCED_FACE('',(#328),#5255,.T.);
#5523=ADVANCED_FACE('',(#329),#5256,.T.);
#5524=ADVANCED_FACE('',(#330),#5257,.T.);
#5525=ADVANCED_FACE('',(#331),#5258,.T.);
#5526=ADVANCED_FACE('',(#332),#5259,.T.);
#5527=ADVANCED_FACE('',(#333),#5260,.T.);
#5528=ADVANCED_FACE('',(#334),#5261,.F.);
#5529=ADVANCED_FACE('',(#335),#5262,.T.);
#5530=ADVANCED_FACE('',(#336),#5263,.T.);
#5531=ADVANCED_FACE('',(#337),#5264,.T.);
#5532=ADVANCED_FACE('',(#338),#5265,.T.);
#5533=ADVANCED_FACE('',(#339),#5266,.T.);
#5534=ADVANCED_FACE('',(#340),#5267,.T.);
#5535=ADVANCED_FACE('',(#341),#5268,.T.);
#5536=ADVANCED_FACE('',(#342),#5269,.T.);
#5537=ADVANCED_FACE('',(#343),#5270,.T.);
#5538=ADVANCED_FACE('',(#344),#5271,.T.);
#5539=ADVANCED_FACE('',(#345),#5272,.T.);
#5540=ADVANCED_FACE('',(#346),#5273,.T.);
#5541=ADVANCED_FACE('',(#347),#5274,.T.);
#5542=ADVANCED_FACE('',(#348),#5275,.F.);
#5543=ADVANCED_FACE('',(#349),#5276,.T.);
#5544=ADVANCED_FACE('',(#350),#5277,.T.);
#5545=ADVANCED_FACE('',(#351),#5278,.T.);
#5546=ADVANCED_FACE('',(#352),#5279,.T.);
#5547=ADVANCED_FACE('',(#353),#5280,.F.);
#5548=ADVANCED_FACE('',(#354),#5281,.F.);
#5549=ADVANCED_FACE('',(#355),#5282,.F.);
#5550=ADVANCED_FACE('',(#356),#5283,.F.);
#5551=ADVANCED_FACE('',(#357),#5284,.F.);
#5552=ADVANCED_FACE('',(#358),#5285,.F.);
#5553=ADVANCED_FACE('',(#359),#5286,.F.);
#5554=ADVANCED_FACE('',(#360),#5287,.F.);
#5555=ADVANCED_FACE('',(#361),#5288,.F.);
#5556=ADVANCED_FACE('',(#362),#5289,.F.);
#5557=ADVANCED_FACE('',(#363),#5290,.F.);
#5558=ADVANCED_FACE('',(#364),#5291,.F.);
#5559=ADVANCED_FACE('',(#365),#5292,.F.);
#5560=ADVANCED_FACE('',(#366),#5293,.T.);
#5561=ADVANCED_FACE('',(#367),#5294,.T.);
#5562=ADVANCED_FACE('',(#368),#5295,.T.);
#5563=ADVANCED_FACE('',(#369),#5296,.T.);
#5564=ADVANCED_FACE('',(#370),#5297,.T.);
#5565=ADVANCED_FACE('',(#371),#5298,.T.);
#5566=ADVANCED_FACE('',(#372),#5299,.T.);
#5567=ADVANCED_FACE('',(#373),#5300,.T.);
#5568=ADVANCED_FACE('',(#374),#5301,.T.);
#5569=ADVANCED_FACE('',(#375),#5302,.T.);
#5570=ADVANCED_FACE('',(#376),#5303,.T.);
#5571=ADVANCED_FACE('',(#377),#5304,.T.);
#5572=ADVANCED_FACE('',(#378),#5305,.T.);
#5573=ADVANCED_FACE('',(#379),#5306,.T.);
#5574=ADVANCED_FACE('',(#380),#5307,.T.);
#5575=ADVANCED_FACE('',(#381),#5308,.T.);
#5576=ADVANCED_FACE('',(#382),#5309,.T.);
#5577=ADVANCED_FACE('',(#383),#5310,.T.);
#5578=ADVANCED_FACE('',(#384),#5311,.T.);
#5579=ADVANCED_FACE('',(#385),#5312,.T.);
#5580=ADVANCED_FACE('',(#386),#5313,.T.);
#5581=ADVANCED_FACE('',(#387),#5314,.T.);
#5582=ADVANCED_FACE('',(#388),#5315,.T.);
#5583=ADVANCED_FACE('',(#389),#5316,.T.);
#5584=ADVANCED_FACE('',(#390),#5317,.T.);
#5585=ADVANCED_FACE('',(#391),#5318,.T.);
#5586=ADVANCED_FACE('',(#392),#5319,.T.);
#5587=ADVANCED_FACE('',(#393,#71,#72,#73,#74,#75,#76,#77,#78,#79,#80,#81,
#82,#83,#84),#5320,.T.);
#5588=CLOSED_SHELL('',(#5321,#5322,#5323,#5324,#5325,#5326,#5327,#5328,
#5329,#5330,#5331,#5332,#5333,#5334,#5335,#5336,#5337,#5338,#5339,#5340,
#5341,#5342,#5343,#5344,#5345,#5346,#5347,#5348,#5349,#5350,#5351,#5352,
#5353,#5354,#5355,#5356,#5357,#5358,#5359,#5360,#5361,#5362,#5363,#5364,
#5365,#5366,#5367,#5368,#5369,#5370,#5371,#5372,#5373,#5374,#5375,#5376,
#5377,#5378,#5379,#5380,#5381,#5382,#5383,#5384,#5385,#5386,#5387,#5388,
#5389,#5390,#5391,#5392,#5393,#5394,#5395,#5396,#5397,#5398,#5399,#5400,
#5401,#5402,#5403,#5404,#5405,#5406,#5407,#5408,#5409,#5410,#5411,#5412,
#5413,#5414,#5415,#5416,#5417,#5418,#5419,#5420,#5421,#5422,#5423,#5424,
#5425,#5426,#5427,#5428,#5429,#5430,#5431,#5432,#5433,#5434,#5435,#5436,
#5437,#5438,#5439,#5440,#5441,#5442,#5443,#5444,#5445,#5446,#5447,#5448,
#5449,#5450,#5451,#5452,#5453,#5454,#5455,#5456,#5457,#5458,#5459,#5460,
#5461,#5462,#5463,#5464,#5465,#5466,#5467,#5468,#5469,#5470,#5471,#5472,
#5473,#5474,#5475,#5476,#5477,#5478,#5479,#5480,#5481,#5482,#5483,#5484,
#5485,#5486,#5487,#5488,#5489,#5490,#5491,#5492,#5493,#5494,#5495,#5496,
#5497,#5498,#5499,#5500,#5501,#5502,#5503,#5504,#5505,#5506,#5507,#5508,
#5509,#5510,#5511,#5512,#5513,#5514,#5515,#5516,#5517,#5518,#5519,#5520,
#5521,#5522,#5523,#5524,#5525,#5526,#5527,#5528,#5529,#5530,#5531,#5532,
#5533,#5534,#5535,#5536,#5537,#5538,#5539,#5540,#5541,#5542,#5543,#5544,
#5545,#5546,#5547,#5548,#5549,#5550,#5551,#5552,#5553,#5554,#5555,#5556,
#5557,#5558,#5559,#5560,#5561,#5562,#5563,#5564,#5565,#5566,#5567,#5568,
#5569,#5570,#5571,#5572,#5573,#5574,#5575,#5576,#5577,#5578,#5579,#5580,
#5581,#5582,#5583,#5584,#5585,#5586,#5587));
#5589=DERIVED_UNIT_ELEMENT(#5591,1.);
#5590=DERIVED_UNIT_ELEMENT(#8910,-3.);
#5591=(
MASS_UNIT()
NAMED_UNIT(*)
SI_UNIT(.KILO.,.GRAM.)
);
#5592=DERIVED_UNIT((#5589,#5590));
#5593=MEASURE_REPRESENTATION_ITEM('density measure',
POSITIVE_RATIO_MEASURE(7850.),#5592);
#5594=PROPERTY_DEFINITION_REPRESENTATION(#5599,#5596);
#5595=PROPERTY_DEFINITION_REPRESENTATION(#5600,#5597);
#5596=REPRESENTATION('material name',(#5598),#8907);
#5597=REPRESENTATION('density',(#5593),#8907);
#5598=DESCRIPTIVE_REPRESENTATION_ITEM('Steel','Steel');
#5599=PROPERTY_DEFINITION('material property','material name',#8917);
#5600=PROPERTY_DEFINITION('material property','density of part',#8917);
#5601=AXIS2_PLACEMENT_3D('',#7312,#5925,#5926);
#5602=AXIS2_PLACEMENT_3D('',#7313,#5927,#5928);
#5603=AXIS2_PLACEMENT_3D('',#7322,#5933,#5934);
#5604=AXIS2_PLACEMENT_3D('',#7331,#5939,#5940);
#5605=AXIS2_PLACEMENT_3D('',#7335,#5943,#5944);
#5606=AXIS2_PLACEMENT_3D('',#7336,#5945,#5946);
#5607=AXIS2_PLACEMENT_3D('',#7394,#5976,#5977);
#5608=AXIS2_PLACEMENT_3D('',#7398,#5980,#5981);
#5609=AXIS2_PLACEMENT_3D('',#7401,#5982,#5983);
#5610=AXIS2_PLACEMENT_3D('',#7405,#5985,#5986);
#5611=AXIS2_PLACEMENT_3D('',#7407,#5988,#5989);
#5612=AXIS2_PLACEMENT_3D('',#7411,#5991,#5992);
#5613=AXIS2_PLACEMENT_3D('',#7415,#5994,#5995);
#5614=AXIS2_PLACEMENT_3D('',#7419,#5997,#5998);
#5615=AXIS2_PLACEMENT_3D('',#7423,#6000,#6001);
#5616=AXIS2_PLACEMENT_3D('',#7427,#6003,#6004);
#5617=AXIS2_PLACEMENT_3D('',#7431,#6006,#6007);
#5618=AXIS2_PLACEMENT_3D('',#7441,#6013,#6014);
#5619=AXIS2_PLACEMENT_3D('',#7445,#6017,#6018);
#5620=AXIS2_PLACEMENT_3D('',#7447,#6019,#6020);
#5621=AXIS2_PLACEMENT_3D('',#7449,#6022,#6023);
#5622=AXIS2_PLACEMENT_3D('',#7460,#6029,#6030);
#5623=AXIS2_PLACEMENT_3D('',#7467,#6034,#6035);
#5624=AXIS2_PLACEMENT_3D('',#7468,#6036,#6037);
#5625=AXIS2_PLACEMENT_3D('',#7476,#6042,#6043);
#5626=AXIS2_PLACEMENT_3D('',#7482,#6047,#6048);
#5627=AXIS2_PLACEMENT_3D('',#7488,#6052,#6053);
#5628=AXIS2_PLACEMENT_3D('',#7546,#6083,#6084);
#5629=AXIS2_PLACEMENT_3D('',#7548,#6086,#6087);
#5630=AXIS2_PLACEMENT_3D('',#7550,#6089,#6090);
#5631=AXIS2_PLACEMENT_3D('',#7553,#6091,#6092);
#5632=AXIS2_PLACEMENT_3D('',#7557,#6094,#6095);
#5633=AXIS2_PLACEMENT_3D('',#7559,#6097,#6098);
#5634=AXIS2_PLACEMENT_3D('',#7563,#6100,#6101);
#5635=AXIS2_PLACEMENT_3D('',#7567,#6103,#6104);
#5636=AXIS2_PLACEMENT_3D('',#7571,#6106,#6107);
#5637=AXIS2_PLACEMENT_3D('',#7575,#6109,#6110);
#5638=AXIS2_PLACEMENT_3D('',#7579,#6112,#6113);
#5639=AXIS2_PLACEMENT_3D('',#7583,#6115,#6116);
#5640=AXIS2_PLACEMENT_3D('',#7593,#6122,#6123);
#5641=AXIS2_PLACEMENT_3D('',#7597,#6126,#6127);
#5642=AXIS2_PLACEMENT_3D('',#7599,#6128,#6129);
#5643=AXIS2_PLACEMENT_3D('',#7601,#6131,#6132);
#5644=AXIS2_PLACEMENT_3D('',#7605,#6135,#6136);
#5645=AXIS2_PLACEMENT_3D('',#7611,#6140,#6141);
#5646=AXIS2_PLACEMENT_3D('',#7614,#6143,#6144);
#5647=AXIS2_PLACEMENT_3D('',#7615,#6145,#6146);
#5648=AXIS2_PLACEMENT_3D('',#7619,#6149,#6150);
#5649=AXIS2_PLACEMENT_3D('',#7621,#6151,#6152);
#5650=AXIS2_PLACEMENT_3D('',#7623,#6154,#6155);
#5651=AXIS2_PLACEMENT_3D('',#7627,#6158,#6159);
#5652=AXIS2_PLACEMENT_3D('',#7629,#6160,#6161);
#5653=AXIS2_PLACEMENT_3D('',#7631,#6163,#6164);
#5654=AXIS2_PLACEMENT_3D('',#7639,#6169,#6170);
#5655=AXIS2_PLACEMENT_3D('',#7644,#6173,#6174);
#5656=AXIS2_PLACEMENT_3D('',#7645,#6175,#6176);
#5657=AXIS2_PLACEMENT_3D('',#7647,#6178,#6179);
#5658=AXIS2_PLACEMENT_3D('',#7653,#6183,#6184);
#5659=AXIS2_PLACEMENT_3D('',#7655,#6186,#6187);
#5660=AXIS2_PLACEMENT_3D('',#7657,#6188,#6189);
#5661=AXIS2_PLACEMENT_3D('',#7659,#6191,#6192);
#5662=AXIS2_PLACEMENT_3D('',#7663,#6195,#6196);
#5663=AXIS2_PLACEMENT_3D('',#7665,#6197,#6198);
#5664=AXIS2_PLACEMENT_3D('',#7667,#6200,#6201);
#5665=AXIS2_PLACEMENT_3D('',#7671,#6204,#6205);
#5666=AXIS2_PLACEMENT_3D('',#7677,#6209,#6210);
#5667=AXIS2_PLACEMENT_3D('',#7680,#6212,#6213);
#5668=AXIS2_PLACEMENT_3D('',#7681,#6214,#6215);
#5669=AXIS2_PLACEMENT_3D('',#7685,#6218,#6219);
#5670=AXIS2_PLACEMENT_3D('',#7687,#6220,#6221);
#5671=AXIS2_PLACEMENT_3D('',#7689,#6223,#6224);
#5672=AXIS2_PLACEMENT_3D('',#7693,#6227,#6228);
#5673=AXIS2_PLACEMENT_3D('',#7695,#6229,#6230);
#5674=AXIS2_PLACEMENT_3D('',#7697,#6232,#6233);
#5675=AXIS2_PLACEMENT_3D('',#7705,#6238,#6239);
#5676=AXIS2_PLACEMENT_3D('',#7710,#6242,#6243);
#5677=AXIS2_PLACEMENT_3D('',#7711,#6244,#6245);
#5678=AXIS2_PLACEMENT_3D('',#7713,#6247,#6248);
#5679=AXIS2_PLACEMENT_3D('',#7719,#6252,#6253);
#5680=AXIS2_PLACEMENT_3D('',#7721,#6255,#6256);
#5681=AXIS2_PLACEMENT_3D('',#7723,#6257,#6258);
#5682=AXIS2_PLACEMENT_3D('',#7725,#6260,#6261);
#5683=AXIS2_PLACEMENT_3D('',#7729,#6264,#6265);
#5684=AXIS2_PLACEMENT_3D('',#7731,#6266,#6267);
#5685=AXIS2_PLACEMENT_3D('',#7733,#6269,#6270);
#5686=AXIS2_PLACEMENT_3D('',#7737,#6273,#6274);
#5687=AXIS2_PLACEMENT_3D('',#7743,#6278,#6279);
#5688=AXIS2_PLACEMENT_3D('',#7746,#6281,#6282);
#5689=AXIS2_PLACEMENT_3D('',#7747,#6283,#6284);
#5690=AXIS2_PLACEMENT_3D('',#7751,#6287,#6288);
#5691=AXIS2_PLACEMENT_3D('',#7753,#6289,#6290);
#5692=AXIS2_PLACEMENT_3D('',#7755,#6292,#6293);
#5693=AXIS2_PLACEMENT_3D('',#7759,#6296,#6297);
#5694=AXIS2_PLACEMENT_3D('',#7761,#6298,#6299);
#5695=AXIS2_PLACEMENT_3D('',#7763,#6301,#6302);
#5696=AXIS2_PLACEMENT_3D('',#7771,#6307,#6308);
#5697=AXIS2_PLACEMENT_3D('',#7776,#6311,#6312);
#5698=AXIS2_PLACEMENT_3D('',#7777,#6313,#6314);
#5699=AXIS2_PLACEMENT_3D('',#7779,#6316,#6317);
#5700=AXIS2_PLACEMENT_3D('',#7785,#6321,#6322);
#5701=AXIS2_PLACEMENT_3D('',#7787,#6324,#6325);
#5702=AXIS2_PLACEMENT_3D('',#7789,#6326,#6327);
#5703=AXIS2_PLACEMENT_3D('',#7791,#6329,#6330);
#5704=AXIS2_PLACEMENT_3D('',#7795,#6333,#6334);
#5705=AXIS2_PLACEMENT_3D('',#7797,#6335,#6336);
#5706=AXIS2_PLACEMENT_3D('',#7799,#6338,#6339);
#5707=AXIS2_PLACEMENT_3D('',#7803,#6342,#6343);
#5708=AXIS2_PLACEMENT_3D('',#7809,#6347,#6348);
#5709=AXIS2_PLACEMENT_3D('',#7812,#6350,#6351);
#5710=AXIS2_PLACEMENT_3D('',#7813,#6352,#6353);
#5711=AXIS2_PLACEMENT_3D('',#7817,#6356,#6357);
#5712=AXIS2_PLACEMENT_3D('',#7819,#6358,#6359);
#5713=AXIS2_PLACEMENT_3D('',#7821,#6361,#6362);
#5714=AXIS2_PLACEMENT_3D('',#7825,#6365,#6366);
#5715=AXIS2_PLACEMENT_3D('',#7827,#6367,#6368);
#5716=AXIS2_PLACEMENT_3D('',#7829,#6370,#6371);
#5717=AXIS2_PLACEMENT_3D('',#7837,#6376,#6377);
#5718=AXIS2_PLACEMENT_3D('',#7842,#6380,#6381);
#5719=AXIS2_PLACEMENT_3D('',#7843,#6382,#6383);
#5720=AXIS2_PLACEMENT_3D('',#7845,#6385,#6386);
#5721=AXIS2_PLACEMENT_3D('',#7851,#6390,#6391);
#5722=AXIS2_PLACEMENT_3D('',#7853,#6393,#6394);
#5723=AXIS2_PLACEMENT_3D('',#7855,#6395,#6396);
#5724=AXIS2_PLACEMENT_3D('',#7857,#6398,#6399);
#5725=AXIS2_PLACEMENT_3D('',#7861,#6402,#6403);
#5726=AXIS2_PLACEMENT_3D('',#7863,#6404,#6405);
#5727=AXIS2_PLACEMENT_3D('',#7865,#6407,#6408);
#5728=AXIS2_PLACEMENT_3D('',#7869,#6411,#6412);
#5729=AXIS2_PLACEMENT_3D('',#7875,#6416,#6417);
#5730=AXIS2_PLACEMENT_3D('',#7878,#6419,#6420);
#5731=AXIS2_PLACEMENT_3D('',#7879,#6421,#6422);
#5732=AXIS2_PLACEMENT_3D('',#7883,#6425,#6426);
#5733=AXIS2_PLACEMENT_3D('',#7885,#6427,#6428);
#5734=AXIS2_PLACEMENT_3D('',#7887,#6430,#6431);
#5735=AXIS2_PLACEMENT_3D('',#7891,#6434,#6435);
#5736=AXIS2_PLACEMENT_3D('',#7893,#6436,#6437);
#5737=AXIS2_PLACEMENT_3D('',#7895,#6439,#6440);
#5738=AXIS2_PLACEMENT_3D('',#7903,#6445,#6446);
#5739=AXIS2_PLACEMENT_3D('',#7908,#6449,#6450);
#5740=AXIS2_PLACEMENT_3D('',#7909,#6451,#6452);
#5741=AXIS2_PLACEMENT_3D('',#7911,#6454,#6455);
#5742=AXIS2_PLACEMENT_3D('',#7917,#6459,#6460);
#5743=AXIS2_PLACEMENT_3D('',#7919,#6462,#6463);
#5744=AXIS2_PLACEMENT_3D('',#7921,#6464,#6465);
#5745=AXIS2_PLACEMENT_3D('',#7923,#6467,#6468);
#5746=AXIS2_PLACEMENT_3D('',#7927,#6471,#6472);
#5747=AXIS2_PLACEMENT_3D('',#7929,#6473,#6474);
#5748=AXIS2_PLACEMENT_3D('',#7931,#6476,#6477);
#5749=AXIS2_PLACEMENT_3D('',#7935,#6480,#6481);
#5750=AXIS2_PLACEMENT_3D('',#7941,#6485,#6486);
#5751=AXIS2_PLACEMENT_3D('',#7944,#6488,#6489);
#5752=AXIS2_PLACEMENT_3D('',#7945,#6490,#6491);
#5753=AXIS2_PLACEMENT_3D('',#7949,#6494,#6495);
#5754=AXIS2_PLACEMENT_3D('',#7951,#6496,#6497);
#5755=AXIS2_PLACEMENT_3D('',#7953,#6499,#6500);
#5756=AXIS2_PLACEMENT_3D('',#7960,#6505,#6506);
#5757=AXIS2_PLACEMENT_3D('',#7964,#6509,#6510);
#5758=AXIS2_PLACEMENT_3D('',#7966,#6511,#6512);
#5759=AXIS2_PLACEMENT_3D('',#7968,#6514,#6515);
#5760=AXIS2_PLACEMENT_3D('',#7976,#6520,#6521);
#5761=AXIS2_PLACEMENT_3D('',#7981,#6524,#6525);
#5762=AXIS2_PLACEMENT_3D('',#7982,#6526,#6527);
#5763=AXIS2_PLACEMENT_3D('',#7984,#6529,#6530);
#5764=AXIS2_PLACEMENT_3D('',#7990,#6534,#6535);
#5765=AXIS2_PLACEMENT_3D('',#7992,#6537,#6538);
#5766=AXIS2_PLACEMENT_3D('',#7994,#6539,#6540);
#5767=AXIS2_PLACEMENT_3D('',#7996,#6542,#6543);
#5768=AXIS2_PLACEMENT_3D('',#8003,#6548,#6549);
#5769=AXIS2_PLACEMENT_3D('',#8007,#6552,#6553);
#5770=AXIS2_PLACEMENT_3D('',#8009,#6554,#6555);
#5771=AXIS2_PLACEMENT_3D('',#8011,#6557,#6558);
#5772=AXIS2_PLACEMENT_3D('',#8020,#6563,#6564);
#5773=AXIS2_PLACEMENT_3D('',#8029,#6569,#6570);
#5774=AXIS2_PLACEMENT_3D('',#8032,#6573,#6574);
#5775=AXIS2_PLACEMENT_3D('',#8041,#6579,#6580);
#5776=AXIS2_PLACEMENT_3D('',#8050,#6585,#6586);
#5777=AXIS2_PLACEMENT_3D('',#8053,#6589,#6590);
#5778=AXIS2_PLACEMENT_3D('',#8062,#6595,#6596);
#5779=AXIS2_PLACEMENT_3D('',#8071,#6601,#6602);
#5780=AXIS2_PLACEMENT_3D('',#8080,#6607,#6608);
#5781=AXIS2_PLACEMENT_3D('',#8089,#6613,#6614);
#5782=AXIS2_PLACEMENT_3D('',#8098,#6619,#6620);
#5783=AXIS2_PLACEMENT_3D('',#8107,#6625,#6626);
#5784=AXIS2_PLACEMENT_3D('',#8110,#6629,#6630);
#5785=AXIS2_PLACEMENT_3D('',#8119,#6635,#6636);
#5786=AXIS2_PLACEMENT_3D('',#8128,#6641,#6642);
#5787=AXIS2_PLACEMENT_3D('',#8131,#6645,#6646);
#5788=AXIS2_PLACEMENT_3D('',#8137,#6650,#6651);
#5789=AXIS2_PLACEMENT_3D('',#8143,#6655,#6656);
#5790=AXIS2_PLACEMENT_3D('',#8308,#6744,#6745);
#5791=AXIS2_PLACEMENT_3D('',#8314,#6749,#6750);
#5792=AXIS2_PLACEMENT_3D('',#8318,#6753,#6754);
#5793=AXIS2_PLACEMENT_3D('',#8476,#6839,#6840);
#5794=AXIS2_PLACEMENT_3D('',#8479,#6843,#6844);
#5795=AXIS2_PLACEMENT_3D('',#8481,#6846,#6847);
#5796=AXIS2_PLACEMENT_3D('',#8487,#6851,#6852);
#5797=AXIS2_PLACEMENT_3D('',#8493,#6856,#6857);
#5798=AXIS2_PLACEMENT_3D('',#8499,#6861,#6862);
#5799=AXIS2_PLACEMENT_3D('',#8503,#6865,#6866);
#5800=AXIS2_PLACEMENT_3D('',#8509,#6870,#6871);
#5801=AXIS2_PLACEMENT_3D('',#8515,#6875,#6876);
#5802=AXIS2_PLACEMENT_3D('',#8517,#6878,#6879);
#5803=AXIS2_PLACEMENT_3D('',#8521,#6882,#6883);
#5804=AXIS2_PLACEMENT_3D('',#8523,#6885,#6886);
#5805=AXIS2_PLACEMENT_3D('',#8526,#6889,#6890);
#5806=AXIS2_PLACEMENT_3D('',#8528,#6892,#6893);
#5807=AXIS2_PLACEMENT_3D('',#8531,#6896,#6897);
#5808=AXIS2_PLACEMENT_3D('',#8533,#6899,#6900);
#5809=AXIS2_PLACEMENT_3D('',#8536,#6903,#6904);
#5810=AXIS2_PLACEMENT_3D('',#8542,#6908,#6909);
#5811=AXIS2_PLACEMENT_3D('',#8548,#6913,#6914);
#5812=AXIS2_PLACEMENT_3D('',#8554,#6918,#6919);
#5813=AXIS2_PLACEMENT_3D('',#8559,#6923,#6924);
#5814=AXIS2_PLACEMENT_3D('',#8565,#6928,#6929);
#5815=AXIS2_PLACEMENT_3D('',#8571,#6933,#6934);
#5816=AXIS2_PLACEMENT_3D('',#8577,#6938,#6939);
#5817=AXIS2_PLACEMENT_3D('',#8582,#6943,#6944);
#5818=AXIS2_PLACEMENT_3D('',#8588,#6948,#6949);
#5819=AXIS2_PLACEMENT_3D('',#8594,#6953,#6954);
#5820=AXIS2_PLACEMENT_3D('',#8600,#6958,#6959);
#5821=AXIS2_PLACEMENT_3D('',#8605,#6963,#6964);
#5822=AXIS2_PLACEMENT_3D('',#8611,#6968,#6969);
#5823=AXIS2_PLACEMENT_3D('',#8617,#6973,#6974);
#5824=AXIS2_PLACEMENT_3D('',#8623,#6978,#6979);
#5825=AXIS2_PLACEMENT_3D('',#8628,#6983,#6984);
#5826=AXIS2_PLACEMENT_3D('',#8634,#6988,#6989);
#5827=AXIS2_PLACEMENT_3D('',#8640,#6993,#6994);
#5828=AXIS2_PLACEMENT_3D('',#8646,#6998,#6999);
#5829=AXIS2_PLACEMENT_3D('',#8651,#7003,#7004);
#5830=AXIS2_PLACEMENT_3D('',#8657,#7008,#7009);
#5831=AXIS2_PLACEMENT_3D('',#8663,#7013,#7014);
#5832=AXIS2_PLACEMENT_3D('',#8669,#7018,#7019);
#5833=AXIS2_PLACEMENT_3D('',#8674,#7023,#7024);
#5834=AXIS2_PLACEMENT_3D('',#8680,#7028,#7029);
#5835=AXIS2_PLACEMENT_3D('',#8686,#7033,#7034);
#5836=AXIS2_PLACEMENT_3D('',#8692,#7038,#7039);
#5837=AXIS2_PLACEMENT_3D('',#8697,#7043,#7044);
#5838=AXIS2_PLACEMENT_3D('',#8703,#7048,#7049);
#5839=AXIS2_PLACEMENT_3D('',#8709,#7053,#7054);
#5840=AXIS2_PLACEMENT_3D('',#8715,#7058,#7059);
#5841=AXIS2_PLACEMENT_3D('',#8719,#7062,#7063);
#5842=AXIS2_PLACEMENT_3D('',#8721,#7065,#7066);
#5843=AXIS2_PLACEMENT_3D('',#8724,#7069,#7070);
#5844=AXIS2_PLACEMENT_3D('',#8726,#7072,#7073);
#5845=AXIS2_PLACEMENT_3D('',#8730,#7076,#7077);
#5846=AXIS2_PLACEMENT_3D('',#8732,#7079,#7080);
#5847=AXIS2_PLACEMENT_3D('',#8735,#7083,#7084);
#5848=AXIS2_PLACEMENT_3D('',#8737,#7086,#7087);
#5849=AXIS2_PLACEMENT_3D('',#8741,#7090,#7091);
#5850=AXIS2_PLACEMENT_3D('',#8743,#7093,#7094);
#5851=AXIS2_PLACEMENT_3D('',#8746,#7097,#7098);
#5852=AXIS2_PLACEMENT_3D('',#8748,#7100,#7101);
#5853=AXIS2_PLACEMENT_3D('',#8752,#7104,#7105);
#5854=AXIS2_PLACEMENT_3D('',#8754,#7107,#7108);
#5855=AXIS2_PLACEMENT_3D('',#8757,#7111,#7112);
#5856=AXIS2_PLACEMENT_3D('',#8759,#7114,#7115);
#5857=AXIS2_PLACEMENT_3D('',#8763,#7118,#7119);
#5858=AXIS2_PLACEMENT_3D('',#8765,#7121,#7122);
#5859=AXIS2_PLACEMENT_3D('',#8768,#7125,#7126);
#5860=AXIS2_PLACEMENT_3D('',#8770,#7128,#7129);
#5861=AXIS2_PLACEMENT_3D('',#8774,#7132,#7133);
#5862=AXIS2_PLACEMENT_3D('',#8776,#7135,#7136);
#5863=AXIS2_PLACEMENT_3D('',#8779,#7139,#7140);
#5864=AXIS2_PLACEMENT_3D('',#8781,#7142,#7143);
#5865=AXIS2_PLACEMENT_3D('',#8785,#7146,#7147);
#5866=AXIS2_PLACEMENT_3D('',#8787,#7149,#7150);
#5867=AXIS2_PLACEMENT_3D('',#8790,#7153,#7154);
#5868=AXIS2_PLACEMENT_3D('',#8792,#7156,#7157);
#5869=AXIS2_PLACEMENT_3D('',#8795,#7160,#7161);
#5870=AXIS2_PLACEMENT_3D('',#8797,#7163,#7164);
#5871=AXIS2_PLACEMENT_3D('',#8803,#7168,#7169);
#5872=AXIS2_PLACEMENT_3D('',#8806,#7172,#7173);
#5873=AXIS2_PLACEMENT_3D('',#8809,#7176,#7177);
#5874=AXIS2_PLACEMENT_3D('',#8815,#7181,#7182);
#5875=AXIS2_PLACEMENT_3D('',#8817,#7184,#7185);
#5876=AXIS2_PLACEMENT_3D('',#8818,#7186,#7187);
#5877=AXIS2_PLACEMENT_3D('',#8824,#7191,#7192);
#5878=AXIS2_PLACEMENT_3D('',#8827,#7195,#7196);
#5879=AXIS2_PLACEMENT_3D('',#8833,#7200,#7201);
#5880=AXIS2_PLACEMENT_3D('',#8839,#7205,#7206);
#5881=AXIS2_PLACEMENT_3D('',#8845,#7210,#7211);
#5882=AXIS2_PLACEMENT_3D('',#8848,#7214,#7215);
#5883=AXIS2_PLACEMENT_3D('',#8849,#7216,#7217);
#5884=AXIS2_PLACEMENT_3D('',#8855,#7221,#7222);
#5885=AXIS2_PLACEMENT_3D('',#8858,#7225,#7226);
#5886=AXIS2_PLACEMENT_3D('',#8859,#7227,#7228);
#5887=AXIS2_PLACEMENT_3D('',#8860,#7229,#7230);
#5888=AXIS2_PLACEMENT_3D('',#8861,#7231,#7232);
#5889=AXIS2_PLACEMENT_3D('',#8862,#7233,#7234);
#5890=AXIS2_PLACEMENT_3D('',#8863,#7235,#7236);
#5891=AXIS2_PLACEMENT_3D('',#8864,#7237,#7238);
#5892=AXIS2_PLACEMENT_3D('',#8865,#7239,#7240);
#5893=AXIS2_PLACEMENT_3D('',#8866,#7241,#7242);
#5894=AXIS2_PLACEMENT_3D('',#8867,#7243,#7244);
#5895=AXIS2_PLACEMENT_3D('',#8868,#7245,#7246);
#5896=AXIS2_PLACEMENT_3D('',#8869,#7247,#7248);
#5897=AXIS2_PLACEMENT_3D('',#8870,#7249,#7250);
#5898=AXIS2_PLACEMENT_3D('',#8871,#7251,#7252);
#5899=AXIS2_PLACEMENT_3D('',#8873,#7254,#7255);
#5900=AXIS2_PLACEMENT_3D('',#8875,#7257,#7258);
#5901=AXIS2_PLACEMENT_3D('',#8876,#7259,#7260);
#5902=AXIS2_PLACEMENT_3D('',#8877,#7261,#7262);
#5903=AXIS2_PLACEMENT_3D('',#8878,#7263,#7264);
#5904=AXIS2_PLACEMENT_3D('',#8879,#7265,#7266);
#5905=AXIS2_PLACEMENT_3D('',#8880,#7267,#7268);
#5906=AXIS2_PLACEMENT_3D('',#8881,#7269,#7270);
#5907=AXIS2_PLACEMENT_3D('',#8883,#7272,#7273);
#5908=AXIS2_PLACEMENT_3D('',#8884,#7274,#7275);
#5909=AXIS2_PLACEMENT_3D('',#8885,#7276,#7277);
#5910=AXIS2_PLACEMENT_3D('',#8887,#7279,#7280);
#5911=AXIS2_PLACEMENT_3D('',#8888,#7281,#7282);
#5912=AXIS2_PLACEMENT_3D('',#8890,#7284,#7285);
#5913=AXIS2_PLACEMENT_3D('',#8892,#7287,#7288);
#5914=AXIS2_PLACEMENT_3D('',#8893,#7289,#7290);
#5915=AXIS2_PLACEMENT_3D('',#8894,#7291,#7292);
#5916=AXIS2_PLACEMENT_3D('',#8895,#7293,#7294);
#5917=AXIS2_PLACEMENT_3D('',#8896,#7295,#7296);
#5918=AXIS2_PLACEMENT_3D('',#8897,#7297,#7298);
#5919=AXIS2_PLACEMENT_3D('',#8898,#7299,#7300);
#5920=AXIS2_PLACEMENT_3D('',#8899,#7301,#7302);
#5921=AXIS2_PLACEMENT_3D('',#8900,#7303,#7304);
#5922=AXIS2_PLACEMENT_3D('',#8901,#7305,#7306);
#5923=AXIS2_PLACEMENT_3D('',#8902,#7307,#7308);
#5924=AXIS2_PLACEMENT_3D('',#8904,#7310,#7311);
#5925=DIRECTION('axis',(0.,0.,1.));
#5926=DIRECTION('refdir',(1.,0.,0.));
#5927=DIRECTION('center_axis',(1.,0.,0.));
#5928=DIRECTION('ref_axis',(0.,1.,0.));
#5929=DIRECTION('',(0.,0.,1.));
#5930=DIRECTION('',(0.,-1.,0.));
#5931=DIRECTION('',(0.,-8.54017696566441E-16,-1.));
#5932=DIRECTION('',(0.,1.,0.));
#5933=DIRECTION('center_axis',(-1.,2.96059473233375E-16,0.));
#5934=DIRECTION('ref_axis',(-2.96059473233375E-16,-1.,0.));
#5935=DIRECTION('',(0.,0.,-1.));
#5936=DIRECTION('',(-2.96059473233375E-16,-1.,0.));
#5937=DIRECTION('',(2.52840029377441E-31,8.54017696566441E-16,1.));
#5938=DIRECTION('',(2.96059473233375E-16,1.,0.));
#5939=DIRECTION('center_axis',(0.,0.,-1.));
#5940=DIRECTION('ref_axis',(1.,0.,0.));
#5941=DIRECTION('',(-1.,0.,0.));
#5942=DIRECTION('',(1.,0.,0.));
#5943=DIRECTION('center_axis',(0.,0.,-1.));
#5944=DIRECTION('ref_axis',(1.,0.,0.));
#5945=DIRECTION('center_axis',(0.,-1.,0.));
#5946=DIRECTION('ref_axis',(0.,0.,-1.));
#5947=DIRECTION('',(1.,0.,0.));
#5948=DIRECTION('',(0.,0.,1.));
#5949=DIRECTION('',(-1.,0.,0.));
#5950=DIRECTION('',(0.,0.,-1.));
#5951=DIRECTION('',(1.,0.,0.));
#5952=DIRECTION('',(0.,0.,1.));
#5953=DIRECTION('',(-1.,0.,0.));
#5954=DIRECTION('',(0.,0.,-1.));
#5955=DIRECTION('',(1.,0.,0.));
#5956=DIRECTION('',(0.,0.,1.));
#5957=DIRECTION('',(-1.,0.,0.));
#5958=DIRECTION('',(0.,0.,-1.));
#5959=DIRECTION('',(1.,0.,0.));
#5960=DIRECTION('',(0.,0.,1.));
#5961=DIRECTION('',(-1.,0.,0.));
#5962=DIRECTION('',(0.,0.,-1.));
#5963=DIRECTION('',(1.,0.,0.));
#5964=DIRECTION('',(0.,0.,1.));
#5965=DIRECTION('',(-1.,0.,0.));
#5966=DIRECTION('',(0.,0.,-1.));
#5967=DIRECTION('',(1.,0.,0.));
#5968=DIRECTION('',(0.,0.,1.));
#5969=DIRECTION('',(-1.,0.,0.));
#5970=DIRECTION('',(0.,0.,-1.));
#5971=DIRECTION('',(1.,0.,0.));
#5972=DIRECTION('',(0.,0.,-1.));
#5973=DIRECTION('',(1.,0.,0.));
#5974=DIRECTION('',(0.,0.,1.));
#5975=DIRECTION('',(1.,0.,0.));
#5976=DIRECTION('center_axis',(0.,0.,1.));
#5977=DIRECTION('ref_axis',(0.,-1.,0.));
#5978=DIRECTION('',(1.,0.,0.));
#5979=DIRECTION('',(0.,-1.,0.));
#5980=DIRECTION('center_axis',(0.,0.,1.));
#5981=DIRECTION('ref_axis',(1.,0.,0.));
#5982=DIRECTION('center_axis',(0.,-0.866025391211584,0.500000021776822));
#5983=DIRECTION('ref_axis',(0.,0.500000021776822,0.866025391211584));
#5984=DIRECTION('',(0.,0.,-1.));
#5985=DIRECTION('center_axis',(0.,0.,-1.));
#5986=DIRECTION('ref_axis',(1.,0.,0.));
#5987=DIRECTION('',(0.,0.,1.));
#5988=DIRECTION('center_axis',(0.,0.,1.));
#5989=DIRECTION('ref_axis',(0.,-1.,0.));
#5990=DIRECTION('',(1.,0.,0.));
#5991=DIRECTION('center_axis',(0.,0.,-1.));
#5992=DIRECTION('ref_axis',(1.,0.,0.));
#5993=DIRECTION('',(1.,0.,0.));
#5994=DIRECTION('center_axis',(0.,0.,-1.));
#5995=DIRECTION('ref_axis',(1.,0.,0.));
#5996=DIRECTION('',(1.,0.,0.));
#5997=DIRECTION('center_axis',(0.,0.,-1.));
#5998=DIRECTION('ref_axis',(1.,0.,0.));
#5999=DIRECTION('',(1.,0.,0.));
#6000=DIRECTION('center_axis',(0.,0.,-1.));
#6001=DIRECTION('ref_axis',(1.,0.,0.));
#6002=DIRECTION('',(1.,0.,0.));
#6003=DIRECTION('center_axis',(0.,0.,-1.));
#6004=DIRECTION('ref_axis',(1.,0.,0.));
#6005=DIRECTION('',(1.,0.,0.));
#6006=DIRECTION('center_axis',(0.,0.,-1.));
#6007=DIRECTION('ref_axis',(1.,0.,0.));
#6008=DIRECTION('',(1.,0.,0.));
#6009=DIRECTION('',(0.,1.,0.));
#6010=DIRECTION('',(1.,0.,0.));
#6011=DIRECTION('',(0.,-1.,0.));
#6012=DIRECTION('',(1.,0.,0.));
#6013=DIRECTION('center_axis',(0.,1.,0.));
#6014=DIRECTION('ref_axis',(0.,0.,1.));
#6015=DIRECTION('',(1.,0.,0.));
#6016=DIRECTION('',(0.,0.,1.));
#6017=DIRECTION('center_axis',(0.,0.,1.));
#6018=DIRECTION('ref_axis',(1.,0.,0.));
#6019=DIRECTION('center_axis',(0.,-2.8741087473226E-18,1.));
#6020=DIRECTION('ref_axis',(1.,0.,0.));
#6021=DIRECTION('',(0.,0.,1.));
#6022=DIRECTION('center_axis',(-1.,2.96059473233375E-16,0.));
#6023=DIRECTION('ref_axis',(-2.96059473233375E-16,-1.,0.));
#6024=DIRECTION('',(0.,0.,1.));
#6025=DIRECTION('',(2.96059473233375E-16,0.999999999999998,-5.56405834986308E-8));
#6026=DIRECTION('',(2.96059473233375E-16,1.,0.));
#6027=DIRECTION('',(2.37037527541351E-32,8.00641590531039E-17,-1.));
#6028=DIRECTION('',(-2.96059473233375E-16,-1.,0.));
#6029=DIRECTION('center_axis',(0.,0.,-1.));
#6030=DIRECTION('ref_axis',(1.,0.,0.));
#6031=DIRECTION('',(1.,0.,0.));
#6032=DIRECTION('',(-1.,0.,0.));
#6033=DIRECTION('',(0.,1.,0.));
#6034=DIRECTION('center_axis',(0.,0.,-1.));
#6035=DIRECTION('ref_axis',(1.,0.,0.));
#6036=DIRECTION('center_axis',(1.,0.,0.));
#6037=DIRECTION('ref_axis',(0.,1.,0.));
#6038=DIRECTION('',(0.,0.,-1.));
#6039=DIRECTION('',(0.,-8.00641590531039E-17,1.));
#6040=DIRECTION('',(0.,-1.,0.));
#6041=DIRECTION('',(0.,-0.999999999999998,5.56405834986308E-8));
#6042=DIRECTION('center_axis',(0.,-5.56405834986308E-8,-0.999999999999998));
#6043=DIRECTION('ref_axis',(0.,0.999999999999998,-5.56405834986308E-8));
#6044=DIRECTION('',(1.,0.,0.));
#6045=DIRECTION('',(0.,-0.999999999999998,5.56405834986308E-8));
#6046=DIRECTION('',(1.,0.,0.));
#6047=DIRECTION('center_axis',(0.,-5.56405834986308E-8,-0.999999999999998));
#6048=DIRECTION('ref_axis',(0.,0.999999999999998,-5.56405834986308E-8));
#6049=DIRECTION('',(1.,0.,0.));
#6050=DIRECTION('',(0.,-0.999999999999998,5.56405834986308E-8));
#6051=DIRECTION('',(1.,0.,0.));
#6052=DIRECTION('center_axis',(0.,1.,8.00641590531039E-17));
#6053=DIRECTION('ref_axis',(0.,-8.00641590531039E-17,1.));
#6054=DIRECTION('',(1.,0.,0.));
#6055=DIRECTION('',(0.,-8.00641590531039E-17,1.));
#6056=DIRECTION('',(-1.,0.,0.));
#6057=DIRECTION('',(2.37037527541351E-32,8.00641590531039E-17,-1.));
#6058=DIRECTION('',(1.,0.,0.));
#6059=DIRECTION('',(0.,-8.00641590531039E-17,1.));
#6060=DIRECTION('',(-1.,0.,0.));
#6061=DIRECTION('',(2.37037527541351E-32,8.00641590531039E-17,-1.));
#6062=DIRECTION('',(1.,0.,0.));
#6063=DIRECTION('',(0.,-8.00641590531039E-17,1.));
#6064=DIRECTION('',(-1.,0.,0.));
#6065=DIRECTION('',(2.37037527541351E-32,8.00641590531039E-17,-1.));
#6066=DIRECTION('',(1.,0.,0.));
#6067=DIRECTION('',(0.,-8.00641590531039E-17,1.));
#6068=DIRECTION('',(-1.,0.,0.));
#6069=DIRECTION('',(2.37037527541351E-32,8.00641590531039E-17,-1.));
#6070=DIRECTION('',(1.,0.,0.));
#6071=DIRECTION('',(0.,-8.00641590531039E-17,1.));
#6072=DIRECTION('',(-1.,0.,0.));
#6073=DIRECTION('',(2.37037527541351E-32,8.00641590531039E-17,-1.));
#6074=DIRECTION('',(1.,0.,0.));
#6075=DIRECTION('',(0.,-8.00641590531039E-17,1.));
#6076=DIRECTION('',(-1.,0.,0.));
#6077=DIRECTION('',(2.37037527541351E-32,8.00641590531039E-17,-1.));
#6078=DIRECTION('',(1.,0.,0.));
#6079=DIRECTION('',(0.,8.00641590531039E-17,-1.));
#6080=DIRECTION('',(1.,0.,0.));
#6081=DIRECTION('',(0.,-8.00641590531039E-17,1.));
#6082=DIRECTION('',(1.,0.,0.));
#6083=DIRECTION('center_axis',(0.,0.,1.));
#6084=DIRECTION('ref_axis',(0.,-1.,0.));
#6085=DIRECTION('',(0.,-1.,0.));
#6086=DIRECTION('center_axis',(0.,0.,1.));
#6087=DIRECTION('ref_axis',(0.,-1.,0.));
#6088=DIRECTION('',(0.,-1.,0.));
#6089=DIRECTION('center_axis',(0.,0.,1.));
#6090=DIRECTION('ref_axis',(1.,0.,0.));
#6091=DIRECTION('center_axis',(0.,-0.866025391211584,0.500000021776822));
#6092=DIRECTION('ref_axis',(0.,0.500000021776822,0.866025391211584));
#6093=DIRECTION('',(0.,0.,-1.));
#6094=DIRECTION('center_axis',(0.,0.,-1.));
#6095=DIRECTION('ref_axis',(1.,0.,0.));
#6096=DIRECTION('',(0.,0.,1.));
#6097=DIRECTION('center_axis',(0.,0.,1.));
#6098=DIRECTION('ref_axis',(0.,-1.,0.));
#6099=DIRECTION('',(1.,0.,0.));
#6100=DIRECTION('center_axis',(0.,0.,-1.));
#6101=DIRECTION('ref_axis',(1.,0.,0.));
#6102=DIRECTION('',(1.,0.,0.));
#6103=DIRECTION('center_axis',(0.,0.,-1.));
#6104=DIRECTION('ref_axis',(1.,0.,0.));
#6105=DIRECTION('',(1.,0.,0.));
#6106=DIRECTION('center_axis',(0.,0.,-1.));
#6107=DIRECTION('ref_axis',(1.,0.,0.));
#6108=DIRECTION('',(1.,0.,0.));
#6109=DIRECTION('center_axis',(0.,0.,-1.));
#6110=DIRECTION('ref_axis',(1.,0.,0.));
#6111=DIRECTION('',(1.,0.,0.));
#6112=DIRECTION('center_axis',(0.,0.,-1.));
#6113=DIRECTION('ref_axis',(1.,0.,0.));
#6114=DIRECTION('',(1.,0.,0.));
#6115=DIRECTION('center_axis',(0.,0.,-1.));
#6116=DIRECTION('ref_axis',(1.,0.,0.));
#6117=DIRECTION('',(1.,0.,0.));
#6118=DIRECTION('',(0.,1.,0.));
#6119=DIRECTION('',(1.,0.,0.));
#6120=DIRECTION('',(0.,-1.,0.));
#6121=DIRECTION('',(1.,0.,0.));
#6122=DIRECTION('center_axis',(0.,1.,0.));
#6123=DIRECTION('ref_axis',(0.,0.,1.));
#6124=DIRECTION('',(1.,0.,0.));
#6125=DIRECTION('',(0.,0.,1.));
#6126=DIRECTION('center_axis',(0.,0.,1.));
#6127=DIRECTION('ref_axis',(1.,0.,0.));
#6128=DIRECTION('center_axis',(0.,-2.8741087473226E-18,1.));
#6129=DIRECTION('ref_axis',(1.,0.,0.));
#6130=DIRECTION('',(0.,0.,1.));
#6131=DIRECTION('center_axis',(1.,0.,0.));
#6132=DIRECTION('ref_axis',(0.,1.,0.));
#6133=DIRECTION('',(0.,-8.54017696566441E-16,-1.));
#6134=DIRECTION('',(0.,1.,0.));
#6135=DIRECTION('center_axis',(-1.,2.96059473233375E-16,0.));
#6136=DIRECTION('ref_axis',(-2.96059473233375E-16,-1.,0.));
#6137=DIRECTION('',(-2.96059473233375E-16,-1.,0.));
#6138=DIRECTION('',(2.52840029377441E-31,8.54017696566441E-16,1.));
#6139=DIRECTION('',(2.96059473233375E-16,1.,0.));
#6140=DIRECTION('center_axis',(0.,0.,-1.));
#6141=DIRECTION('ref_axis',(1.,0.,0.));
#6142=DIRECTION('',(1.,0.,0.));
#6143=DIRECTION('center_axis',(0.,0.,-1.));
#6144=DIRECTION('ref_axis',(1.,0.,0.));
#6145=DIRECTION('center_axis',(0.,0.,1.));
#6146=DIRECTION('ref_axis',(0.,-1.,0.));
#6147=DIRECTION('',(1.,0.,0.));
#6148=DIRECTION('',(0.,-1.,0.));
#6149=DIRECTION('center_axis',(0.,0.,1.));
#6150=DIRECTION('ref_axis',(1.,0.,0.));
#6151=DIRECTION('center_axis',(0.,-0.866025391211584,0.500000021776822));
#6152=DIRECTION('ref_axis',(0.,0.500000021776822,0.866025391211584));
#6153=DIRECTION('',(0.,0.,-1.));
#6154=DIRECTION('center_axis',(0.,1.,0.));
#6155=DIRECTION('ref_axis',(0.,0.,1.));
#6156=DIRECTION('',(1.,0.,0.));
#6157=DIRECTION('',(0.,0.,1.));
#6158=DIRECTION('center_axis',(0.,0.,1.));
#6159=DIRECTION('ref_axis',(1.,0.,0.));
#6160=DIRECTION('center_axis',(0.,-2.8741087473226E-18,1.));
#6161=DIRECTION('ref_axis',(1.,0.,0.));
#6162=DIRECTION('',(0.,0.,1.));
#6163=DIRECTION('center_axis',(-1.,2.96059473233375E-16,0.));
#6164=DIRECTION('ref_axis',(-2.96059473233375E-16,-1.,0.));
#6165=DIRECTION('',(0.,0.,1.));
#6166=DIRECTION('',(2.96059473233375E-16,0.999999999999998,-5.56405834986308E-8));
#6167=DIRECTION('',(2.96059473233375E-16,1.,0.));
#6168=DIRECTION('',(-2.96059473233375E-16,-1.,0.));
#6169=DIRECTION('center_axis',(0.,0.,-1.));
#6170=DIRECTION('ref_axis',(1.,0.,0.));
#6171=DIRECTION('',(1.,0.,0.));
#6172=DIRECTION('',(0.,1.,0.));
#6173=DIRECTION('center_axis',(0.,0.,-1.));
#6174=DIRECTION('ref_axis',(1.,0.,0.));
#6175=DIRECTION('center_axis',(1.,0.,0.));
#6176=DIRECTION('ref_axis',(0.,1.,0.));
#6177=DIRECTION('',(0.,0.,-1.));
#6178=DIRECTION('center_axis',(0.,-5.56405834986308E-8,-0.999999999999998));
#6179=DIRECTION('ref_axis',(0.,0.999999999999998,-5.56405834986308E-8));
#6180=DIRECTION('',(1.,0.,0.));
#6181=DIRECTION('',(0.,-0.999999999999998,5.56405834986308E-8));
#6182=DIRECTION('',(1.,0.,0.));
#6183=DIRECTION('center_axis',(0.,0.,1.));
#6184=DIRECTION('ref_axis',(0.,-1.,0.));
#6185=DIRECTION('',(0.,-1.,0.));
#6186=DIRECTION('center_axis',(0.,0.,1.));
#6187=DIRECTION('ref_axis',(1.,0.,0.));
#6188=DIRECTION('center_axis',(0.,-0.866025391211584,0.500000021776822));
#6189=DIRECTION('ref_axis',(0.,0.500000021776822,0.866025391211584));
#6190=DIRECTION('',(0.,0.,-1.));
#6191=DIRECTION('center_axis',(0.,1.,0.));
#6192=DIRECTION('ref_axis',(0.,0.,1.));
#6193=DIRECTION('',(1.,0.,0.));
#6194=DIRECTION('',(0.,0.,1.));
#6195=DIRECTION('center_axis',(0.,0.,1.));
#6196=DIRECTION('ref_axis',(1.,0.,0.));
#6197=DIRECTION('center_axis',(0.,-2.8741087473226E-18,1.));
#6198=DIRECTION('ref_axis',(1.,0.,0.));
#6199=DIRECTION('',(0.,0.,1.));
#6200=DIRECTION('center_axis',(1.,0.,0.));
#6201=DIRECTION('ref_axis',(0.,1.,0.));
#6202=DIRECTION('',(0.,-8.54017696566441E-16,-1.));
#6203=DIRECTION('',(0.,1.,0.));
#6204=DIRECTION('center_axis',(-1.,2.96059473233375E-16,0.));
#6205=DIRECTION('ref_axis',(-2.96059473233375E-16,-1.,0.));
#6206=DIRECTION('',(-2.96059473233375E-16,-1.,0.));
#6207=DIRECTION('',(2.52840029377441E-31,8.54017696566441E-16,1.));
#6208=DIRECTION('',(2.96059473233375E-16,1.,0.));
#6209=DIRECTION('center_axis',(0.,0.,-1.));
#6210=DIRECTION('ref_axis',(1.,0.,0.));
#6211=DIRECTION('',(1.,0.,0.));
#6212=DIRECTION('center_axis',(0.,0.,-1.));
#6213=DIRECTION('ref_axis',(1.,0.,0.));
#6214=DIRECTION('center_axis',(0.,0.,1.));
#6215=DIRECTION('ref_axis',(0.,-1.,0.));
#6216=DIRECTION('',(1.,0.,0.));
#6217=DIRECTION('',(0.,-1.,0.));
#6218=DIRECTION('center_axis',(0.,0.,1.));
#6219=DIRECTION('ref_axis',(1.,0.,0.));
#6220=DIRECTION('center_axis',(0.,-0.866025391211584,0.500000021776822));
#6221=DIRECTION('ref_axis',(0.,0.500000021776822,0.866025391211584));
#6222=DIRECTION('',(0.,0.,-1.));
#6223=DIRECTION('center_axis',(0.,1.,0.));
#6224=DIRECTION('ref_axis',(0.,0.,1.));
#6225=DIRECTION('',(1.,0.,0.));
#6226=DIRECTION('',(0.,0.,1.));
#6227=DIRECTION('center_axis',(0.,0.,1.));
#6228=DIRECTION('ref_axis',(1.,0.,0.));
#6229=DIRECTION('center_axis',(0.,-2.8741087473226E-18,1.));
#6230=DIRECTION('ref_axis',(1.,0.,0.));
#6231=DIRECTION('',(0.,0.,1.));
#6232=DIRECTION('center_axis',(-1.,2.96059473233375E-16,0.));
#6233=DIRECTION('ref_axis',(-2.96059473233375E-16,-1.,0.));
#6234=DIRECTION('',(0.,0.,1.));
#6235=DIRECTION('',(2.96059473233375E-16,0.999999999999998,-5.56405834986308E-8));
#6236=DIRECTION('',(2.96059473233375E-16,1.,0.));
#6237=DIRECTION('',(-2.96059473233375E-16,-1.,0.));
#6238=DIRECTION('center_axis',(0.,0.,-1.));
#6239=DIRECTION('ref_axis',(1.,0.,0.));
#6240=DIRECTION('',(1.,0.,0.));
#6241=DIRECTION('',(0.,1.,0.));
#6242=DIRECTION('center_axis',(0.,0.,-1.));
#6243=DIRECTION('ref_axis',(1.,0.,0.));
#6244=DIRECTION('center_axis',(1.,0.,0.));
#6245=DIRECTION('ref_axis',(0.,1.,0.));
#6246=DIRECTION('',(0.,0.,-1.));
#6247=DIRECTION('center_axis',(0.,-5.56405834986308E-8,-0.999999999999998));
#6248=DIRECTION('ref_axis',(0.,0.999999999999998,-5.56405834986308E-8));
#6249=DIRECTION('',(1.,0.,0.));
#6250=DIRECTION('',(0.,-0.999999999999998,5.56405834986308E-8));
#6251=DIRECTION('',(1.,0.,0.));
#6252=DIRECTION('center_axis',(0.,0.,1.));
#6253=DIRECTION('ref_axis',(0.,-1.,0.));
#6254=DIRECTION('',(0.,-1.,0.));
#6255=DIRECTION('center_axis',(0.,0.,1.));
#6256=DIRECTION('ref_axis',(1.,0.,0.));
#6257=DIRECTION('center_axis',(0.,-0.866025391211584,0.500000021776822));
#6258=DIRECTION('ref_axis',(0.,0.500000021776822,0.866025391211584));
#6259=DIRECTION('',(0.,0.,-1.));
#6260=DIRECTION('center_axis',(0.,1.,0.));
#6261=DIRECTION('ref_axis',(0.,0.,1.));
#6262=DIRECTION('',(1.,0.,0.));
#6263=DIRECTION('',(0.,0.,1.));
#6264=DIRECTION('center_axis',(0.,0.,1.));
#6265=DIRECTION('ref_axis',(1.,0.,0.));
#6266=DIRECTION('center_axis',(0.,-2.8741087473226E-18,1.));
#6267=DIRECTION('ref_axis',(1.,0.,0.));
#6268=DIRECTION('',(0.,0.,1.));
#6269=DIRECTION('center_axis',(1.,0.,0.));
#6270=DIRECTION('ref_axis',(0.,1.,0.));
#6271=DIRECTION('',(0.,-8.54017696566441E-16,-1.));
#6272=DIRECTION('',(0.,1.,0.));
#6273=DIRECTION('center_axis',(-1.,2.96059473233375E-16,0.));
#6274=DIRECTION('ref_axis',(-2.96059473233375E-16,-1.,0.));
#6275=DIRECTION('',(-2.96059473233375E-16,-1.,0.));
#6276=DIRECTION('',(2.52840029377441E-31,8.54017696566441E-16,1.));
#6277=DIRECTION('',(2.96059473233375E-16,1.,0.));
#6278=DIRECTION('center_axis',(0.,0.,-1.));
#6279=DIRECTION('ref_axis',(1.,0.,0.));
#6280=DIRECTION('',(1.,0.,0.));
#6281=DIRECTION('center_axis',(0.,0.,-1.));
#6282=DIRECTION('ref_axis',(1.,0.,0.));
#6283=DIRECTION('center_axis',(0.,0.,1.));
#6284=DIRECTION('ref_axis',(0.,-1.,0.));
#6285=DIRECTION('',(1.,0.,0.));
#6286=DIRECTION('',(0.,-1.,0.));
#6287=DIRECTION('center_axis',(0.,0.,1.));
#6288=DIRECTION('ref_axis',(1.,0.,0.));
#6289=DIRECTION('center_axis',(0.,-0.866025391211584,0.500000021776822));
#6290=DIRECTION('ref_axis',(0.,0.500000021776822,0.866025391211584));
#6291=DIRECTION('',(0.,0.,-1.));
#6292=DIRECTION('center_axis',(0.,1.,0.));
#6293=DIRECTION('ref_axis',(0.,0.,1.));
#6294=DIRECTION('',(1.,0.,0.));
#6295=DIRECTION('',(0.,0.,1.));
#6296=DIRECTION('center_axis',(0.,0.,1.));
#6297=DIRECTION('ref_axis',(1.,0.,0.));
#6298=DIRECTION('center_axis',(0.,-2.8741087473226E-18,1.));
#6299=DIRECTION('ref_axis',(1.,0.,0.));
#6300=DIRECTION('',(0.,0.,1.));
#6301=DIRECTION('center_axis',(-1.,2.96059473233375E-16,0.));
#6302=DIRECTION('ref_axis',(-2.96059473233375E-16,-1.,0.));
#6303=DIRECTION('',(0.,0.,1.));
#6304=DIRECTION('',(2.96059473233375E-16,0.999999999999998,-5.56405834986308E-8));
#6305=DIRECTION('',(2.96059473233375E-16,1.,0.));
#6306=DIRECTION('',(-2.96059473233375E-16,-1.,0.));
#6307=DIRECTION('center_axis',(0.,0.,-1.));
#6308=DIRECTION('ref_axis',(1.,0.,0.));
#6309=DIRECTION('',(1.,0.,0.));
#6310=DIRECTION('',(0.,1.,0.));
#6311=DIRECTION('center_axis',(0.,0.,-1.));
#6312=DIRECTION('ref_axis',(1.,0.,0.));
#6313=DIRECTION('center_axis',(1.,0.,0.));
#6314=DIRECTION('ref_axis',(0.,1.,0.));
#6315=DIRECTION('',(0.,0.,-1.));
#6316=DIRECTION('center_axis',(0.,-5.56405834986308E-8,-0.999999999999998));
#6317=DIRECTION('ref_axis',(0.,0.999999999999998,-5.56405834986308E-8));
#6318=DIRECTION('',(1.,0.,0.));
#6319=DIRECTION('',(0.,-0.999999999999998,5.56405834986308E-8));
#6320=DIRECTION('',(1.,0.,0.));
#6321=DIRECTION('center_axis',(0.,0.,1.));
#6322=DIRECTION('ref_axis',(0.,-1.,0.));
#6323=DIRECTION('',(0.,-1.,0.));
#6324=DIRECTION('center_axis',(0.,0.,1.));
#6325=DIRECTION('ref_axis',(1.,0.,0.));
#6326=DIRECTION('center_axis',(0.,-0.866025391211584,0.500000021776822));
#6327=DIRECTION('ref_axis',(0.,0.500000021776822,0.866025391211584));
#6328=DIRECTION('',(0.,0.,-1.));
#6329=DIRECTION('center_axis',(0.,1.,0.));
#6330=DIRECTION('ref_axis',(0.,0.,1.));
#6331=DIRECTION('',(1.,0.,0.));
#6332=DIRECTION('',(0.,0.,1.));
#6333=DIRECTION('center_axis',(0.,0.,1.));
#6334=DIRECTION('ref_axis',(1.,0.,0.));
#6335=DIRECTION('center_axis',(0.,-2.8741087473226E-18,1.));
#6336=DIRECTION('ref_axis',(1.,0.,0.));
#6337=DIRECTION('',(0.,0.,1.));
#6338=DIRECTION('center_axis',(1.,0.,0.));
#6339=DIRECTION('ref_axis',(0.,1.,0.));
#6340=DIRECTION('',(0.,-8.54017696566441E-16,-1.));
#6341=DIRECTION('',(0.,1.,0.));
#6342=DIRECTION('center_axis',(-1.,2.96059473233375E-16,0.));
#6343=DIRECTION('ref_axis',(-2.96059473233375E-16,-1.,0.));
#6344=DIRECTION('',(-2.96059473233375E-16,-1.,0.));
#6345=DIRECTION('',(2.52840029377441E-31,8.54017696566441E-16,1.));
#6346=DIRECTION('',(2.96059473233375E-16,1.,0.));
#6347=DIRECTION('center_axis',(0.,0.,-1.));
#6348=DIRECTION('ref_axis',(1.,0.,0.));
#6349=DIRECTION('',(1.,0.,0.));
#6350=DIRECTION('center_axis',(0.,0.,-1.));
#6351=DIRECTION('ref_axis',(1.,0.,0.));
#6352=DIRECTION('center_axis',(0.,0.,1.));
#6353=DIRECTION('ref_axis',(0.,-1.,0.));
#6354=DIRECTION('',(1.,0.,0.));
#6355=DIRECTION('',(0.,-1.,0.));
#6356=DIRECTION('center_axis',(0.,0.,1.));
#6357=DIRECTION('ref_axis',(1.,0.,0.));
#6358=DIRECTION('center_axis',(0.,-0.866025391211584,0.500000021776822));
#6359=DIRECTION('ref_axis',(0.,0.500000021776822,0.866025391211584));
#6360=DIRECTION('',(0.,0.,-1.));
#6361=DIRECTION('center_axis',(0.,1.,0.));
#6362=DIRECTION('ref_axis',(0.,0.,1.));
#6363=DIRECTION('',(1.,0.,0.));
#6364=DIRECTION('',(0.,0.,1.));
#6365=DIRECTION('center_axis',(0.,0.,1.));
#6366=DIRECTION('ref_axis',(1.,0.,0.));
#6367=DIRECTION('center_axis',(0.,-2.8741087473226E-18,1.));
#6368=DIRECTION('ref_axis',(1.,0.,0.));
#6369=DIRECTION('',(0.,0.,1.));
#6370=DIRECTION('center_axis',(-1.,2.96059473233375E-16,0.));
#6371=DIRECTION('ref_axis',(-2.96059473233375E-16,-1.,0.));
#6372=DIRECTION('',(0.,0.,1.));
#6373=DIRECTION('',(2.96059473233375E-16,0.999999999999998,-5.56405834986308E-8));
#6374=DIRECTION('',(2.96059473233375E-16,1.,0.));
#6375=DIRECTION('',(-2.96059473233375E-16,-1.,0.));
#6376=DIRECTION('center_axis',(0.,0.,-1.));
#6377=DIRECTION('ref_axis',(1.,0.,0.));
#6378=DIRECTION('',(1.,0.,0.));
#6379=DIRECTION('',(0.,1.,0.));
#6380=DIRECTION('center_axis',(0.,0.,-1.));
#6381=DIRECTION('ref_axis',(1.,0.,0.));
#6382=DIRECTION('center_axis',(1.,0.,0.));
#6383=DIRECTION('ref_axis',(0.,1.,0.));
#6384=DIRECTION('',(0.,0.,-1.));
#6385=DIRECTION('center_axis',(0.,-5.56405834986308E-8,-0.999999999999998));
#6386=DIRECTION('ref_axis',(0.,0.999999999999998,-5.56405834986308E-8));
#6387=DIRECTION('',(1.,0.,0.));
#6388=DIRECTION('',(0.,-0.999999999999998,5.56405834986308E-8));
#6389=DIRECTION('',(1.,0.,0.));
#6390=DIRECTION('center_axis',(0.,0.,1.));
#6391=DIRECTION('ref_axis',(0.,-1.,0.));
#6392=DIRECTION('',(0.,-1.,0.));
#6393=DIRECTION('center_axis',(0.,0.,1.));
#6394=DIRECTION('ref_axis',(1.,0.,0.));
#6395=DIRECTION('center_axis',(0.,-0.866025391211584,0.500000021776822));
#6396=DIRECTION('ref_axis',(0.,0.500000021776822,0.866025391211584));
#6397=DIRECTION('',(0.,0.,-1.));
#6398=DIRECTION('center_axis',(0.,1.,0.));
#6399=DIRECTION('ref_axis',(0.,0.,1.));
#6400=DIRECTION('',(1.,0.,0.));
#6401=DIRECTION('',(0.,0.,1.));
#6402=DIRECTION('center_axis',(0.,0.,1.));
#6403=DIRECTION('ref_axis',(1.,0.,0.));
#6404=DIRECTION('center_axis',(0.,-2.8741087473226E-18,1.));
#6405=DIRECTION('ref_axis',(1.,0.,0.));
#6406=DIRECTION('',(0.,0.,1.));
#6407=DIRECTION('center_axis',(1.,0.,0.));
#6408=DIRECTION('ref_axis',(0.,1.,0.));
#6409=DIRECTION('',(0.,-8.54017696566441E-16,-1.));
#6410=DIRECTION('',(0.,1.,0.));
#6411=DIRECTION('center_axis',(-1.,2.96059473233375E-16,0.));
#6412=DIRECTION('ref_axis',(-2.96059473233375E-16,-1.,0.));
#6413=DIRECTION('',(-2.96059473233375E-16,-1.,0.));
#6414=DIRECTION('',(2.52840029377441E-31,8.54017696566441E-16,1.));
#6415=DIRECTION('',(2.96059473233375E-16,1.,0.));
#6416=DIRECTION('center_axis',(0.,0.,-1.));
#6417=DIRECTION('ref_axis',(1.,0.,0.));
#6418=DIRECTION('',(1.,0.,0.));
#6419=DIRECTION('center_axis',(0.,0.,-1.));
#6420=DIRECTION('ref_axis',(1.,0.,0.));
#6421=DIRECTION('center_axis',(0.,0.,1.));
#6422=DIRECTION('ref_axis',(0.,-1.,0.));
#6423=DIRECTION('',(1.,0.,0.));
#6424=DIRECTION('',(0.,-1.,0.));
#6425=DIRECTION('center_axis',(0.,0.,1.));
#6426=DIRECTION('ref_axis',(1.,0.,0.));
#6427=DIRECTION('center_axis',(0.,-0.866025391211584,0.500000021776822));
#6428=DIRECTION('ref_axis',(0.,0.500000021776822,0.866025391211584));
#6429=DIRECTION('',(0.,0.,-1.));
#6430=DIRECTION('center_axis',(0.,1.,0.));
#6431=DIRECTION('ref_axis',(0.,0.,1.));
#6432=DIRECTION('',(1.,0.,0.));
#6433=DIRECTION('',(0.,0.,1.));
#6434=DIRECTION('center_axis',(0.,0.,1.));
#6435=DIRECTION('ref_axis',(1.,0.,0.));
#6436=DIRECTION('center_axis',(0.,-2.8741087473226E-18,1.));
#6437=DIRECTION('ref_axis',(1.,0.,0.));
#6438=DIRECTION('',(0.,0.,1.));
#6439=DIRECTION('center_axis',(-1.,2.96059473233375E-16,0.));
#6440=DIRECTION('ref_axis',(-2.96059473233375E-16,-1.,0.));
#6441=DIRECTION('',(0.,0.,1.));
#6442=DIRECTION('',(2.96059473233375E-16,0.999999999999998,-5.56405834986308E-8));
#6443=DIRECTION('',(2.96059473233375E-16,1.,0.));
#6444=DIRECTION('',(-2.96059473233375E-16,-1.,0.));
#6445=DIRECTION('center_axis',(0.,0.,-1.));
#6446=DIRECTION('ref_axis',(1.,0.,0.));
#6447=DIRECTION('',(1.,0.,0.));
#6448=DIRECTION('',(0.,1.,0.));
#6449=DIRECTION('center_axis',(0.,0.,-1.));
#6450=DIRECTION('ref_axis',(1.,0.,0.));
#6451=DIRECTION('center_axis',(1.,0.,0.));
#6452=DIRECTION('ref_axis',(0.,1.,0.));
#6453=DIRECTION('',(0.,0.,-1.));
#6454=DIRECTION('center_axis',(0.,-5.56405834986308E-8,-0.999999999999998));
#6455=DIRECTION('ref_axis',(0.,0.999999999999998,-5.56405834986308E-8));
#6456=DIRECTION('',(1.,0.,0.));
#6457=DIRECTION('',(0.,-0.999999999999998,5.56405834986308E-8));
#6458=DIRECTION('',(1.,0.,0.));
#6459=DIRECTION('center_axis',(0.,0.,1.));
#6460=DIRECTION('ref_axis',(0.,-1.,0.));
#6461=DIRECTION('',(0.,-1.,0.));
#6462=DIRECTION('center_axis',(0.,0.,1.));
#6463=DIRECTION('ref_axis',(1.,0.,0.));
#6464=DIRECTION('center_axis',(0.,-0.866025391211584,0.500000021776822));
#6465=DIRECTION('ref_axis',(0.,0.500000021776822,0.866025391211584));
#6466=DIRECTION('',(0.,0.,-1.));
#6467=DIRECTION('center_axis',(0.,1.,0.));
#6468=DIRECTION('ref_axis',(0.,0.,1.));
#6469=DIRECTION('',(1.,0.,0.));
#6470=DIRECTION('',(0.,0.,1.));
#6471=DIRECTION('center_axis',(0.,0.,1.));
#6472=DIRECTION('ref_axis',(1.,0.,0.));
#6473=DIRECTION('center_axis',(0.,-2.8741087473226E-18,1.));
#6474=DIRECTION('ref_axis',(1.,0.,0.));
#6475=DIRECTION('',(0.,0.,1.));
#6476=DIRECTION('center_axis',(1.,0.,0.));
#6477=DIRECTION('ref_axis',(0.,1.,0.));
#6478=DIRECTION('',(0.,-8.54017696566441E-16,-1.));
#6479=DIRECTION('',(0.,1.,0.));
#6480=DIRECTION('center_axis',(-1.,2.96059473233375E-16,0.));
#6481=DIRECTION('ref_axis',(-2.96059473233375E-16,-1.,0.));
#6482=DIRECTION('',(-2.96059473233375E-16,-1.,0.));
#6483=DIRECTION('',(2.52840029377441E-31,8.54017696566441E-16,1.));
#6484=DIRECTION('',(2.96059473233375E-16,1.,0.));
#6485=DIRECTION('center_axis',(0.,0.,-1.));
#6486=DIRECTION('ref_axis',(1.,0.,0.));
#6487=DIRECTION('',(1.,0.,0.));
#6488=DIRECTION('center_axis',(0.,0.,-1.));
#6489=DIRECTION('ref_axis',(1.,0.,0.));
#6490=DIRECTION('center_axis',(0.,0.,1.));
#6491=DIRECTION('ref_axis',(0.,-1.,0.));
#6492=DIRECTION('',(1.,0.,0.));
#6493=DIRECTION('',(0.,1.,0.));
#6494=DIRECTION('center_axis',(0.,0.,1.));
#6495=DIRECTION('ref_axis',(1.,0.,0.));
#6496=DIRECTION('center_axis',(0.,-0.866025391211584,0.500000021776822));
#6497=DIRECTION('ref_axis',(0.,0.500000021776822,0.866025391211584));
#6498=DIRECTION('',(0.,0.,-1.));
#6499=DIRECTION('center_axis',(0.,0.866025391211584,-0.500000021776822));
#6500=DIRECTION('ref_axis',(0.,0.500000021776822,0.866025391211584));
#6501=DIRECTION('',(1.,0.,0.));
#6502=DIRECTION('',(0.,-0.500000021776822,-0.866025391211584));
#6503=DIRECTION('',(0.,-0.500000021776824,-0.866025391211583));
#6504=DIRECTION('',(1.,0.,0.));
#6505=DIRECTION('center_axis',(0.,1.,0.));
#6506=DIRECTION('ref_axis',(0.,0.,1.));
#6507=DIRECTION('',(-0.70710678118654,0.,0.707106781186555));
#6508=DIRECTION('',(0.,0.,-1.));
#6509=DIRECTION('center_axis',(0.,0.,1.));
#6510=DIRECTION('ref_axis',(1.,0.,0.));
#6511=DIRECTION('center_axis',(0.,-2.8741087473226E-18,1.));
#6512=DIRECTION('ref_axis',(1.,0.,0.));
#6513=DIRECTION('',(0.,0.,1.));
#6514=DIRECTION('center_axis',(-1.,2.96059473233375E-16,0.));
#6515=DIRECTION('ref_axis',(-2.96059473233375E-16,-1.,0.));
#6516=DIRECTION('',(0.,0.,1.));
#6517=DIRECTION('',(2.96059473233375E-16,0.999999999999998,-5.56405834986308E-8));
#6518=DIRECTION('',(2.96059473233375E-16,1.,0.));
#6519=DIRECTION('',(-2.96059473233375E-16,-1.,0.));
#6520=DIRECTION('center_axis',(0.,0.,-1.));
#6521=DIRECTION('ref_axis',(1.,0.,0.));
#6522=DIRECTION('',(1.,0.,0.));
#6523=DIRECTION('',(0.,1.,0.));
#6524=DIRECTION('center_axis',(0.,0.,-1.));
#6525=DIRECTION('ref_axis',(1.,0.,0.));
#6526=DIRECTION('center_axis',(1.,0.,0.));
#6527=DIRECTION('ref_axis',(0.,1.,0.));
#6528=DIRECTION('',(0.,0.,-1.));
#6529=DIRECTION('center_axis',(0.,-5.56405834986308E-8,-0.999999999999998));
#6530=DIRECTION('ref_axis',(0.,0.999999999999998,-5.56405834986308E-8));
#6531=DIRECTION('',(1.,0.,0.));
#6532=DIRECTION('',(0.,0.999999999999998,-5.56405834986308E-8));
#6533=DIRECTION('',(1.,0.,0.));
#6534=DIRECTION('center_axis',(0.,0.,1.));
#6535=DIRECTION('ref_axis',(0.,-1.,0.));
#6536=DIRECTION('',(0.,1.,0.));
#6537=DIRECTION('center_axis',(0.,0.,1.));
#6538=DIRECTION('ref_axis',(1.,0.,0.));
#6539=DIRECTION('center_axis',(0.,-0.866025391211584,0.500000021776822));
#6540=DIRECTION('ref_axis',(0.,0.500000021776822,0.866025391211584));
#6541=DIRECTION('',(0.,0.,-1.));
#6542=DIRECTION('center_axis',(0.,0.866025391211584,-0.500000021776822));
#6543=DIRECTION('ref_axis',(0.,0.500000021776822,0.866025391211584));
#6544=DIRECTION('',(1.,0.,0.));
#6545=DIRECTION('',(0.,-0.500000021776822,-0.866025391211584));
#6546=DIRECTION('',(0.,-0.500000021776822,-0.866025391211584));
#6547=DIRECTION('',(1.,0.,0.));
#6548=DIRECTION('center_axis',(0.,1.,0.));
#6549=DIRECTION('ref_axis',(0.,0.,1.));
#6550=DIRECTION('',(-0.70710678118654,0.,0.707106781186555));
#6551=DIRECTION('',(0.,0.,-1.));
#6552=DIRECTION('center_axis',(0.,0.,1.));
#6553=DIRECTION('ref_axis',(1.,0.,0.));
#6554=DIRECTION('center_axis',(0.,-2.8741087473226E-18,1.));
#6555=DIRECTION('ref_axis',(1.,0.,0.));
#6556=DIRECTION('',(0.,0.,1.));
#6557=DIRECTION('center_axis',(0.,-5.56405834986309E-8,-0.999999999999998));
#6558=DIRECTION('ref_axis',(0.,0.999999999999998,-5.56405834986309E-8));
#6559=DIRECTION('',(0.,-0.999999999999998,5.56405834986309E-8));
#6560=DIRECTION('',(1.,0.,0.));
#6561=DIRECTION('',(0.,0.999999999999998,-5.56405834986309E-8));
#6562=DIRECTION('',(1.,0.,0.));
#6563=DIRECTION('center_axis',(0.,0.866025391211585,0.500000021776822));
#6564=DIRECTION('ref_axis',(0.,-0.500000021776822,0.866025391211585));
#6565=DIRECTION('',(0.,0.500000021776822,-0.866025391211585));
#6566=DIRECTION('',(-1.,0.,0.));
#6567=DIRECTION('',(0.,-0.500000021776822,0.866025391211585));
#6568=DIRECTION('',(1.,0.,0.));
#6569=DIRECTION('center_axis',(0.,1.,0.));
#6570=DIRECTION('ref_axis',(0.,0.,1.));
#6571=DIRECTION('',(0.,0.,-1.));
#6572=DIRECTION('',(0.,0.,1.));
#6573=DIRECTION('center_axis',(0.,-5.56405834986304E-8,-0.999999999999998));
#6574=DIRECTION('ref_axis',(0.,0.999999999999998,-5.56405834986304E-8));
#6575=DIRECTION('',(0.,-0.999999999999998,5.56405834986304E-8));
#6576=DIRECTION('',(1.,0.,0.));
#6577=DIRECTION('',(0.,0.999999999999998,-5.56405834986304E-8));
#6578=DIRECTION('',(1.,0.,0.));
#6579=DIRECTION('center_axis',(0.,0.866025391211582,0.500000021776825));
#6580=DIRECTION('ref_axis',(0.,-0.500000021776825,0.866025391211582));
#6581=DIRECTION('',(0.,0.500000021776825,-0.866025391211582));
#6582=DIRECTION('',(-1.,0.,0.));
#6583=DIRECTION('',(0.,-0.500000021776825,0.866025391211582));
#6584=DIRECTION('',(1.,0.,0.));
#6585=DIRECTION('center_axis',(0.,1.,0.));
#6586=DIRECTION('ref_axis',(0.,0.,1.));
#6587=DIRECTION('',(0.,0.,-1.));
#6588=DIRECTION('',(0.,0.,1.));
#6589=DIRECTION('center_axis',(0.,-1.,0.));
#6590=DIRECTION('ref_axis',(0.,0.,-1.));
#6591=DIRECTION('',(0.,0.,1.));
#6592=DIRECTION('',(1.,0.,0.));
#6593=DIRECTION('',(0.,0.,-1.));
#6594=DIRECTION('',(1.,0.,0.));
#6595=DIRECTION('center_axis',(0.,-1.,0.));
#6596=DIRECTION('ref_axis',(0.,0.,-1.));
#6597=DIRECTION('',(0.,0.,1.));
#6598=DIRECTION('',(1.,0.,0.));
#6599=DIRECTION('',(0.,0.,-1.));
#6600=DIRECTION('',(1.,0.,0.));
#6601=DIRECTION('center_axis',(0.,-1.,0.));
#6602=DIRECTION('ref_axis',(0.,0.,-1.));
#6603=DIRECTION('',(0.,0.,1.));
#6604=DIRECTION('',(1.,0.,0.));
#6605=DIRECTION('',(0.,0.,-1.));
#6606=DIRECTION('',(1.,0.,0.));
#6607=DIRECTION('center_axis',(0.,-1.,0.));
#6608=DIRECTION('ref_axis',(0.,0.,-1.));
#6609=DIRECTION('',(0.,0.,1.));
#6610=DIRECTION('',(1.,0.,0.));
#6611=DIRECTION('',(0.,0.,-1.));
#6612=DIRECTION('',(1.,0.,0.));
#6613=DIRECTION('center_axis',(0.,-5.56405834986309E-8,-0.999999999999998));
#6614=DIRECTION('ref_axis',(0.,0.999999999999998,-5.56405834986309E-8));
#6615=DIRECTION('',(0.,-0.999999999999998,5.56405834986309E-8));
#6616=DIRECTION('',(1.,0.,0.));
#6617=DIRECTION('',(0.,0.999999999999998,-5.56405834986309E-8));
#6618=DIRECTION('',(1.,0.,0.));
#6619=DIRECTION('center_axis',(0.,0.866025391211585,0.500000021776822));
#6620=DIRECTION('ref_axis',(0.,-0.500000021776822,0.866025391211585));
#6621=DIRECTION('',(0.,0.500000021776822,-0.866025391211585));
#6622=DIRECTION('',(-1.,0.,0.));
#6623=DIRECTION('',(0.,-0.500000021776822,0.866025391211585));
#6624=DIRECTION('',(1.,0.,0.));
#6625=DIRECTION('center_axis',(0.,1.,0.));
#6626=DIRECTION('ref_axis',(0.,0.,1.));
#6627=DIRECTION('',(0.,0.,-1.));
#6628=DIRECTION('',(0.,0.,1.));
#6629=DIRECTION('center_axis',(0.,-5.56405834986309E-8,-0.999999999999998));
#6630=DIRECTION('ref_axis',(0.,0.999999999999998,-5.56405834986309E-8));
#6631=DIRECTION('',(0.,-0.999999999999998,5.56405834986309E-8));
#6632=DIRECTION('',(1.,0.,0.));
#6633=DIRECTION('',(0.,0.999999999999998,-5.56405834986309E-8));
#6634=DIRECTION('',(1.,0.,0.));
#6635=DIRECTION('center_axis',(0.,0.866025391211585,0.500000021776822));
#6636=DIRECTION('ref_axis',(0.,-0.500000021776822,0.866025391211585));
#6637=DIRECTION('',(0.,0.500000021776822,-0.866025391211585));
#6638=DIRECTION('',(-1.,0.,0.));
#6639=DIRECTION('',(0.,-0.500000021776822,0.866025391211585));
#6640=DIRECTION('',(1.,0.,0.));
#6641=DIRECTION('center_axis',(0.,1.,0.));
#6642=DIRECTION('ref_axis',(0.,0.,1.));
#6643=DIRECTION('',(0.,0.,-1.));
#6644=DIRECTION('',(0.,0.,1.));
#6645=DIRECTION('center_axis',(0.,1.,0.));
#6646=DIRECTION('ref_axis',(0.,0.,1.));
#6647=DIRECTION('',(0.,0.,-1.));
#6648=DIRECTION('',(1.,0.,0.));
#6649=DIRECTION('',(0.,0.,1.));
#6650=DIRECTION('center_axis',(0.,0.866025391211584,0.500000021776823));
#6651=DIRECTION('ref_axis',(0.,-0.500000021776823,0.866025391211584));
#6652=DIRECTION('',(0.,0.500000021776823,-0.866025391211584));
#6653=DIRECTION('',(-1.,0.,0.));
#6654=DIRECTION('',(0.,-0.500000021776823,0.866025391211584));
#6655=DIRECTION('center_axis',(1.,0.,0.));
#6656=DIRECTION('ref_axis',(0.,1.,0.));
#6657=DIRECTION('',(0.,0.242535625036328,-0.970142500145333));
#6658=DIRECTION('',(0.,0.,-1.));
#6659=DIRECTION('',(0.,-1.,-1.11022302462516E-14));
#6660=DIRECTION('',(0.,0.,1.));
#6661=DIRECTION('',(0.,0.707106781186544,-0.707106781186551));
#6662=DIRECTION('',(0.,2.1350442414161E-16,1.));
#6663=DIRECTION('',(0.,1.,0.));
#6664=DIRECTION('',(0.,0.,-1.));
#6665=DIRECTION('',(0.,0.707106781186545,0.70710678118655));
#6666=DIRECTION('',(0.,0.,-1.));
#6667=DIRECTION('',(0.,-1.,0.));
#6668=DIRECTION('',(0.,0.,-1.));
#6669=DIRECTION('',(0.,-0.500000021776824,-0.866025391211583));
#6670=DIRECTION('',(0.,1.,0.));
#6671=DIRECTION('',(0.,0.242535625036328,-0.970142500145333));
#6672=DIRECTION('',(0.,0.,-1.));
#6673=DIRECTION('',(0.,-1.,-1.11022302462516E-14));
#6674=DIRECTION('',(0.,0.,1.));
#6675=DIRECTION('',(0.,0.707106781186544,-0.707106781186551));
#6676=DIRECTION('',(0.,0.,1.));
#6677=DIRECTION('',(0.,1.,0.));
#6678=DIRECTION('',(0.,0.,-1.));
#6679=DIRECTION('',(0.,0.707106781186545,0.70710678118655));
#6680=DIRECTION('',(0.,0.,-1.));
#6681=DIRECTION('',(0.,-1.,0.));
#6682=DIRECTION('',(0.,0.,-1.));
#6683=DIRECTION('',(0.,-0.500000021776824,-0.866025391211583));
#6684=DIRECTION('',(0.,1.,0.));
#6685=DIRECTION('',(0.,0.242535625036328,-0.970142500145333));
#6686=DIRECTION('',(0.,0.,-1.));
#6687=DIRECTION('',(0.,-1.,-1.11022302462516E-14));
#6688=DIRECTION('',(0.,0.,1.));
#6689=DIRECTION('',(0.,0.707106781186544,-0.707106781186551));
#6690=DIRECTION('',(0.,0.,1.));
#6691=DIRECTION('',(0.,1.,0.));
#6692=DIRECTION('',(0.,4.27008848283221E-16,-1.));
#6693=DIRECTION('',(0.,0.707106781186545,0.70710678118655));
#6694=DIRECTION('',(0.,0.,-1.));
#6695=DIRECTION('',(0.,-1.,0.));
#6696=DIRECTION('',(0.,0.,-1.));
#6697=DIRECTION('',(0.,-0.500000021776824,-0.866025391211583));
#6698=DIRECTION('',(0.,1.,0.));
#6699=DIRECTION('',(0.,0.242535625036328,-0.970142500145333));
#6700=DIRECTION('',(0.,0.,-1.));
#6701=DIRECTION('',(0.,-1.,-1.11022302462516E-14));
#6702=DIRECTION('',(0.,0.,1.));
#6703=DIRECTION('',(0.,0.707106781186544,-0.707106781186551));
#6704=DIRECTION('',(0.,-8.54017696566441E-16,1.));
#6705=DIRECTION('',(0.,1.,0.));
#6706=DIRECTION('',(0.,0.,-1.));
#6707=DIRECTION('',(0.,0.707106781186545,0.70710678118655));
#6708=DIRECTION('',(0.,0.,-1.));
#6709=DIRECTION('',(0.,-1.,0.));
#6710=DIRECTION('',(0.,0.,-1.));
#6711=DIRECTION('',(0.,8.54017696566441E-16,1.));
#6712=DIRECTION('',(0.,0.242535625036328,-0.970142500145333));
#6713=DIRECTION('',(0.,0.,-1.));
#6714=DIRECTION('',(0.,-1.,-1.11022302462516E-14));
#6715=DIRECTION('',(0.,0.,1.));
#6716=DIRECTION('',(0.,0.707106781186544,-0.707106781186551));
#6717=DIRECTION('',(0.,8.54017696566441E-16,1.));
#6718=DIRECTION('',(0.,1.,0.));
#6719=DIRECTION('',(0.,-0.707106781186546,0.707106781186549));
#6720=DIRECTION('',(0.,0.,-1.));
#6721=DIRECTION('',(0.,1.,2.8741087473226E-18));
#6722=DIRECTION('',(0.,6.12323399573677E-17,1.));
#6723=DIRECTION('',(0.,-0.707106746064173,-0.70710681630892));
#6724=DIRECTION('',(0.,0.999999999999995,9.93410736387857E-8));
#6725=DIRECTION('',(0.,8.00641590531039E-17,-1.));
#6726=DIRECTION('',(0.,0.707106781186545,0.70710678118655));
#6727=DIRECTION('',(0.,0.,-1.));
#6728=DIRECTION('',(0.,-1.,0.));
#6729=DIRECTION('',(0.,0.,-1.));
#6730=DIRECTION('',(0.,0.242535625036328,-0.970142500145333));
#6731=DIRECTION('',(0.,0.,-1.));
#6732=DIRECTION('',(0.,-1.,-1.11022302462516E-14));
#6733=DIRECTION('',(0.,0.,1.));
#6734=DIRECTION('',(0.,0.707106781186544,-0.707106781186551));
#6735=DIRECTION('',(0.,0.,1.));
#6736=DIRECTION('',(0.,1.,0.));
#6737=DIRECTION('',(0.,2.1350442414161E-16,-1.));
#6738=DIRECTION('',(0.,0.707106781186545,0.70710678118655));
#6739=DIRECTION('',(0.,0.,-1.));
#6740=DIRECTION('',(0.,-1.,0.));
#6741=DIRECTION('',(0.,0.,-1.));
#6742=DIRECTION('',(0.,-0.500000021776824,-0.866025391211583));
#6743=DIRECTION('',(0.,1.,0.));
#6744=DIRECTION('center_axis',(0.,-0.70710681630892,0.707106746064173));
#6745=DIRECTION('ref_axis',(1.,0.,0.));
#6746=DIRECTION('',(0.,0.707106746064173,0.70710681630892));
#6747=DIRECTION('',(-1.,0.,0.));
#6748=DIRECTION('',(1.,0.,0.));
#6749=DIRECTION('center_axis',(0.,-9.93410736387857E-8,0.999999999999995));
#6750=DIRECTION('ref_axis',(0.,-0.999999999999995,-9.93410736387857E-8));
#6751=DIRECTION('',(0.,-0.999999999999995,-9.93410736387857E-8));
#6752=DIRECTION('',(1.,0.,0.));
#6753=DIRECTION('center_axis',(1.,0.,0.));
#6754=DIRECTION('ref_axis',(0.,0.,-1.));
#6755=DIRECTION('',(0.,-1.,0.));
#6756=DIRECTION('',(0.,-0.500000021776822,-0.866025391211584));
#6757=DIRECTION('',(0.,0.,-1.));
#6758=DIRECTION('',(0.,1.,0.));
#6759=DIRECTION('',(0.,0.,1.));
#6760=DIRECTION('',(0.,-0.707106781186545,-0.70710678118655));
#6761=DIRECTION('',(0.,-2.1350442414161E-16,1.));
#6762=DIRECTION('',(0.,-1.,0.));
#6763=DIRECTION('',(0.,0.,-1.));
#6764=DIRECTION('',(0.,-0.707106781186544,0.707106781186551));
#6765=DIRECTION('',(0.,0.,-1.));
#6766=DIRECTION('',(0.,1.,1.11022302462516E-14));
#6767=DIRECTION('',(0.,0.,1.));
#6768=DIRECTION('',(0.,-0.242535625036328,0.970142500145333));
#6769=DIRECTION('',(0.,1.,0.));
#6770=DIRECTION('',(0.,0.,1.));
#6771=DIRECTION('',(0.,-0.707106781186545,-0.70710678118655));
#6772=DIRECTION('',(0.,-8.00641590531039E-17,1.));
#6773=DIRECTION('',(0.,-6.12323399573677E-17,-1.));
#6774=DIRECTION('',(0.,1.,2.8741087473226E-18));
#6775=DIRECTION('',(0.,0.,1.));
#6776=DIRECTION('',(0.,0.707106781186546,-0.707106781186549));
#6777=DIRECTION('',(0.,-1.,0.));
#6778=DIRECTION('',(0.,-8.54017696566441E-16,-1.));
#6779=DIRECTION('',(0.,-0.707106781186544,0.707106781186551));
#6780=DIRECTION('',(0.,0.,-1.));
#6781=DIRECTION('',(0.,1.,1.11022302462516E-14));
#6782=DIRECTION('',(0.,0.,1.));
#6783=DIRECTION('',(0.,-0.242535625036328,0.970142500145333));
#6784=DIRECTION('',(0.,-8.54017696566441E-16,-1.));
#6785=DIRECTION('',(0.,-1.,0.));
#6786=DIRECTION('',(0.,1.,0.));
#6787=DIRECTION('',(0.,0.,1.));
#6788=DIRECTION('',(0.,-0.707106781186545,-0.70710678118655));
#6789=DIRECTION('',(0.,0.,1.));
#6790=DIRECTION('',(0.,-1.,0.));
#6791=DIRECTION('',(0.,8.54017696566441E-16,-1.));
#6792=DIRECTION('',(0.,-0.707106781186544,0.707106781186551));
#6793=DIRECTION('',(0.,0.,-1.));
#6794=DIRECTION('',(0.,1.,1.11022302462516E-14));
#6795=DIRECTION('',(0.,0.,1.));
#6796=DIRECTION('',(0.,-0.242535625036328,0.970142500145333));
#6797=DIRECTION('',(0.,-1.,0.));
#6798=DIRECTION('',(0.,-0.500000021776822,-0.866025391211584));
#6799=DIRECTION('',(0.,0.,-1.));
#6800=DIRECTION('',(0.,1.,0.));
#6801=DIRECTION('',(0.,0.,1.));
#6802=DIRECTION('',(0.,-0.707106781186545,-0.70710678118655));
#6803=DIRECTION('',(0.,-4.27008848283221E-16,1.));
#6804=DIRECTION('',(0.,-1.,0.));
#6805=DIRECTION('',(0.,0.,-1.));
#6806=DIRECTION('',(0.,-0.707106781186544,0.707106781186551));
#6807=DIRECTION('',(0.,0.,-1.));
#6808=DIRECTION('',(0.,1.,1.11022302462516E-14));
#6809=DIRECTION('',(0.,0.,1.));
#6810=DIRECTION('',(0.,-0.242535625036328,0.970142500145333));
#6811=DIRECTION('',(0.,-1.,0.));
#6812=DIRECTION('',(0.,-0.500000021776822,-0.866025391211584));
#6813=DIRECTION('',(0.,0.,-1.));
#6814=DIRECTION('',(0.,1.,0.));
#6815=DIRECTION('',(0.,0.,1.));
#6816=DIRECTION('',(0.,-0.707106781186545,-0.70710678118655));
#6817=DIRECTION('',(0.,0.,1.));
#6818=DIRECTION('',(0.,-1.,0.));
#6819=DIRECTION('',(0.,0.,-1.));
#6820=DIRECTION('',(0.,-0.707106781186544,0.707106781186551));
#6821=DIRECTION('',(0.,0.,-1.));
#6822=DIRECTION('',(0.,1.,1.11022302462516E-14));
#6823=DIRECTION('',(0.,0.,1.));
#6824=DIRECTION('',(0.,-0.242535625036328,0.970142500145333));
#6825=DIRECTION('',(0.,-1.,0.));
#6826=DIRECTION('',(0.,-0.500000021776822,-0.866025391211584));
#6827=DIRECTION('',(0.,0.,-1.));
#6828=DIRECTION('',(0.,1.,0.));
#6829=DIRECTION('',(0.,0.,1.));
#6830=DIRECTION('',(0.,-0.707106781186545,-0.70710678118655));
#6831=DIRECTION('',(0.,0.,1.));
#6832=DIRECTION('',(0.,-1.,0.));
#6833=DIRECTION('',(0.,-2.1350442414161E-16,-1.));
#6834=DIRECTION('',(0.,-0.707106781186544,0.707106781186551));
#6835=DIRECTION('',(0.,0.,-1.));
#6836=DIRECTION('',(0.,1.,1.11022302462516E-14));
#6837=DIRECTION('',(0.,0.,1.));
#6838=DIRECTION('',(0.,-0.242535625036328,0.970142500145333));
#6839=DIRECTION('center_axis',(0.,0.707106781186549,0.707106781186546));
#6840=DIRECTION('ref_axis',(1.,0.,0.));
#6841=DIRECTION('',(-1.,0.,0.));
#6842=DIRECTION('',(1.,0.,0.));
#6843=DIRECTION('center_axis',(0.,0.,1.));
#6844=DIRECTION('ref_axis',(0.,-1.,0.));
#6845=DIRECTION('',(1.,0.,0.));
#6846=DIRECTION('center_axis',(0.707106781186555,-7.85046229341878E-15,
0.70710678118654));
#6847=DIRECTION('ref_axis',(0.70710678118654,0.,-0.707106781186555));
#6848=DIRECTION('',(0.70710678118654,0.,-0.707106781186555));
#6849=DIRECTION('',(0.70710678118654,0.,-0.707106781186555));
#6850=DIRECTION('',(0.,-1.,-1.11022302462516E-14));
#6851=DIRECTION('center_axis',(0.,-1.11022302462516E-14,1.));
#6852=DIRECTION('ref_axis',(0.,-1.,-1.11022302462516E-14));
#6853=DIRECTION('',(1.,0.,0.));
#6854=DIRECTION('',(0.,1.,1.11022302462516E-14));
#6855=DIRECTION('',(1.,0.,0.));
#6856=DIRECTION('center_axis',(0.707106781186554,-0.499999999999998,-0.499999999999993));
#6857=DIRECTION('ref_axis',(-0.577350269189617,0.,-0.816496580927732));
#6858=DIRECTION('',(-0.577350269189618,-6.97302529298276E-16,-0.816496580927732));
#6859=DIRECTION('',(0.,0.707106781186544,-0.707106781186551));
#6860=DIRECTION('',(-0.577350269189617,0.,-0.816496580927732));
#6861=DIRECTION('center_axis',(0.,-1.,8.54017696566441E-16));
#6862=DIRECTION('ref_axis',(0.,-8.54017696566441E-16,-1.));
#6863=DIRECTION('',(-0.577350269189626,6.97302529298271E-16,0.816496580927726));
#6864=DIRECTION('',(1.,0.,0.));
#6865=DIRECTION('center_axis',(0.707106781186555,0.499999999999997,-0.499999999999993));
#6866=DIRECTION('ref_axis',(-0.577350269189616,0.,-0.816496580927733));
#6867=DIRECTION('',(0.577350269189616,0.,0.816496580927733));
#6868=DIRECTION('',(0.577350269189616,0.,0.816496580927733));
#6869=DIRECTION('',(0.,0.707106781186545,0.70710678118655));
#6870=DIRECTION('center_axis',(0.,-0.70710678118655,0.707106781186545));
#6871=DIRECTION('ref_axis',(0.,-0.707106781186545,-0.70710678118655));
#6872=DIRECTION('',(1.,0.,0.));
#6873=DIRECTION('',(0.,-0.707106781186545,-0.70710678118655));
#6874=DIRECTION('',(-1.,0.,0.));
#6875=DIRECTION('center_axis',(0.707106781186555,0.,0.70710678118654));
#6876=DIRECTION('ref_axis',(0.70710678118654,0.,-0.707106781186555));
#6877=DIRECTION('',(-0.70710678118654,0.,0.707106781186555));
#6878=DIRECTION('center_axis',(-0.707106781186546,-0.500000000000003,-0.499999999999999));
#6879=DIRECTION('ref_axis',(-0.577350269189626,0.,0.816496580927726));
#6880=DIRECTION('',(-0.577350269189626,0.,0.816496580927726));
#6881=DIRECTION('',(0.,-0.707106781186544,0.707106781186551));
#6882=DIRECTION('center_axis',(0.,0.707106781186551,0.707106781186544));
#6883=DIRECTION('ref_axis',(0.,-0.707106781186544,0.707106781186551));
#6884=DIRECTION('',(1.,0.,0.));
#6885=DIRECTION('center_axis',(-0.707106781186552,-7.85046229341882E-15,
0.707106781186543));
#6886=DIRECTION('ref_axis',(0.707106781186543,0.,0.707106781186552));
#6887=DIRECTION('',(0.707106781186543,0.,0.707106781186552));
#6888=DIRECTION('',(0.707106781186543,0.,0.707106781186552));
#6889=DIRECTION('center_axis',(0.,-1.,0.));
#6890=DIRECTION('ref_axis',(0.,0.,-1.));
#6891=DIRECTION('',(1.,0.,0.));
#6892=DIRECTION('center_axis',(-0.707106781186547,0.500000000000002,-0.499999999999998));
#6893=DIRECTION('ref_axis',(-0.577350269189625,0.,0.816496580927727));
#6894=DIRECTION('',(0.577350269189625,0.,-0.816496580927727));
#6895=DIRECTION('',(0.577350269189625,0.,-0.816496580927727));
#6896=DIRECTION('center_axis',(0.,1.,0.));
#6897=DIRECTION('ref_axis',(0.,0.,1.));
#6898=DIRECTION('',(1.,0.,0.));
#6899=DIRECTION('center_axis',(-0.707106781186548,0.,0.707106781186547));
#6900=DIRECTION('ref_axis',(0.707106781186547,0.,0.707106781186548));
#6901=DIRECTION('',(-0.707106781186547,0.,-0.707106781186548));
#6902=DIRECTION('',(-0.707106781186547,0.,-0.707106781186548));
#6903=DIRECTION('center_axis',(0.707106781186555,0.499999999999997,-0.499999999999993));
#6904=DIRECTION('ref_axis',(-0.577350269189616,0.,-0.816496580927733));
#6905=DIRECTION('',(0.577350269189616,-1.74325632324569E-16,0.816496580927733));
#6906=DIRECTION('',(0.577350269189616,0.,0.816496580927733));
#6907=DIRECTION('',(0.,0.707106781186545,0.70710678118655));
#6908=DIRECTION('center_axis',(0.,-0.70710678118655,0.707106781186545));
#6909=DIRECTION('ref_axis',(0.,-0.707106781186545,-0.70710678118655));
#6910=DIRECTION('',(1.,0.,0.));
#6911=DIRECTION('',(0.,-0.707106781186545,-0.70710678118655));
#6912=DIRECTION('',(-1.,0.,0.));
#6913=DIRECTION('center_axis',(0.707106781186559,-0.499999999999994,-0.49999999999999));
#6914=DIRECTION('ref_axis',(-0.577350269189611,0.,-0.816496580927736));
#6915=DIRECTION('',(-0.577350269189611,-1.7432563232457E-16,-0.816496580927736));
#6916=DIRECTION('',(0.,0.707106781186544,-0.707106781186551));
#6917=DIRECTION('',(-0.577350269189611,0.,-0.816496580927736));
#6918=DIRECTION('center_axis',(0.,-1.,2.1350442414161E-16));
#6919=DIRECTION('ref_axis',(0.,-2.1350442414161E-16,-1.));
#6920=DIRECTION('',(1.,0.,0.));
#6921=DIRECTION('',(-0.57735026918962,1.74325632324569E-16,0.81649658092773));
#6922=DIRECTION('',(1.,0.,0.));
#6923=DIRECTION('center_axis',(0.707106781186559,0.499999999999994,-0.49999999999999));
#6924=DIRECTION('ref_axis',(-0.577350269189611,0.,-0.816496580927736));
#6925=DIRECTION('',(0.577350269189611,0.,0.816496580927736));
#6926=DIRECTION('',(0.577350269189611,0.,0.816496580927736));
#6927=DIRECTION('',(0.,0.707106781186545,0.70710678118655));
#6928=DIRECTION('center_axis',(0.,-0.70710678118655,0.707106781186545));
#6929=DIRECTION('ref_axis',(0.,-0.707106781186545,-0.70710678118655));
#6930=DIRECTION('',(1.,0.,0.));
#6931=DIRECTION('',(0.,-0.707106781186545,-0.70710678118655));
#6932=DIRECTION('',(-1.,0.,0.));
#6933=DIRECTION('center_axis',(0.707106781186555,-0.499999999999997,-0.499999999999993));
#6934=DIRECTION('ref_axis',(-0.577350269189617,0.,-0.816496580927733));
#6935=DIRECTION('',(-0.577350269189617,0.,-0.816496580927733));
#6936=DIRECTION('',(0.,0.707106781186544,-0.707106781186551));
#6937=DIRECTION('',(-0.577350269189617,0.,-0.816496580927733));
#6938=DIRECTION('center_axis',(0.,-1.,0.));
#6939=DIRECTION('ref_axis',(0.,0.,-1.));
#6940=DIRECTION('',(1.,0.,0.));
#6941=DIRECTION('',(-0.577350269189625,0.,0.816496580927727));
#6942=DIRECTION('',(1.,0.,0.));
#6943=DIRECTION('center_axis',(0.707106781186555,0.499999999999997,-0.499999999999993));
#6944=DIRECTION('ref_axis',(-0.577350269189617,0.,-0.816496580927732));
#6945=DIRECTION('',(0.577350269189617,0.,0.816496580927732));
#6946=DIRECTION('',(0.577350269189617,0.,0.816496580927732));
#6947=DIRECTION('',(0.,0.707106781186545,0.70710678118655));
#6948=DIRECTION('center_axis',(0.,-0.70710678118655,0.707106781186545));
#6949=DIRECTION('ref_axis',(0.,-0.707106781186545,-0.70710678118655));
#6950=DIRECTION('',(1.,0.,0.));
#6951=DIRECTION('',(0.,-0.707106781186545,-0.70710678118655));
#6952=DIRECTION('',(-1.,0.,0.));
#6953=DIRECTION('center_axis',(0.707106781186555,-0.499999999999997,-0.499999999999992));
#6954=DIRECTION('ref_axis',(-0.577350269189616,0.,-0.816496580927733));
#6955=DIRECTION('',(-0.577350269189616,0.,-0.816496580927733));
#6956=DIRECTION('',(0.,0.707106781186544,-0.707106781186551));
#6957=DIRECTION('',(-0.577350269189616,0.,-0.816496580927733));
#6958=DIRECTION('center_axis',(0.,-1.,0.));
#6959=DIRECTION('ref_axis',(0.,0.,-1.));
#6960=DIRECTION('',(1.,0.,0.));
#6961=DIRECTION('',(-0.577350269189624,0.,0.816496580927727));
#6962=DIRECTION('',(1.,0.,0.));
#6963=DIRECTION('center_axis',(0.70710678118655,0.5,-0.499999999999996));
#6964=DIRECTION('ref_axis',(-0.577350269189621,0.,-0.816496580927729));
#6965=DIRECTION('',(0.577350269189621,-3.48651264649137E-16,0.816496580927729));
#6966=DIRECTION('',(0.577350269189621,0.,0.816496580927729));
#6967=DIRECTION('',(0.,0.707106781186545,0.70710678118655));
#6968=DIRECTION('center_axis',(0.,-0.70710678118655,0.707106781186545));
#6969=DIRECTION('ref_axis',(0.,-0.707106781186545,-0.70710678118655));
#6970=DIRECTION('',(1.,0.,0.));
#6971=DIRECTION('',(0.,-0.707106781186545,-0.70710678118655));
#6972=DIRECTION('',(-1.,0.,0.));
#6973=DIRECTION('center_axis',(0.707106781186557,-0.499999999999996,-0.499999999999991));
#6974=DIRECTION('ref_axis',(-0.577350269189614,0.,-0.816496580927734));
#6975=DIRECTION('',(-0.577350269189614,6.97302529298279E-16,-0.816496580927734));
#6976=DIRECTION('',(0.,0.707106781186544,-0.707106781186551));
#6977=DIRECTION('',(-0.577350269189614,0.,-0.816496580927734));
#6978=DIRECTION('center_axis',(0.,-1.,-8.54017696566441E-16));
#6979=DIRECTION('ref_axis',(0.,8.54017696566441E-16,-1.));
#6980=DIRECTION('',(1.,0.,0.));
#6981=DIRECTION('',(-0.577350269189622,-6.97302529298274E-16,0.816496580927729));
#6982=DIRECTION('',(1.,0.,0.));
#6983=DIRECTION('center_axis',(0.707106781186555,-7.85046229341878E-15,
0.70710678118654));
#6984=DIRECTION('ref_axis',(0.70710678118654,0.,-0.707106781186555));
#6985=DIRECTION('',(0.70710678118654,0.,-0.707106781186555));
#6986=DIRECTION('',(0.70710678118654,0.,-0.707106781186555));
#6987=DIRECTION('',(0.,-1.,-1.11022302462516E-14));
#6988=DIRECTION('center_axis',(0.,-1.11022302462516E-14,1.));
#6989=DIRECTION('ref_axis',(0.,-1.,-1.11022302462516E-14));
#6990=DIRECTION('',(1.,0.,0.));
#6991=DIRECTION('',(0.,1.,1.11022302462516E-14));
#6992=DIRECTION('',(1.,0.,0.));
#6993=DIRECTION('center_axis',(0.707106781186555,0.,0.70710678118654));
#6994=DIRECTION('ref_axis',(0.70710678118654,0.,-0.707106781186555));
#6995=DIRECTION('',(-0.70710678118654,0.,0.707106781186555));
#6996=DIRECTION('',(0.,-1.,0.));
#6997=DIRECTION('',(-0.70710678118654,0.,0.707106781186555));
#6998=DIRECTION('center_axis',(0.,1.,0.));
#6999=DIRECTION('ref_axis',(0.,0.,1.));
#7000=DIRECTION('',(1.,0.,0.));
#7001=DIRECTION('',(-0.707106781186547,0.,-0.707106781186548));
#7002=DIRECTION('',(1.,0.,0.));
#7003=DIRECTION('center_axis',(0.707106781186555,-7.85046229341878E-15,
0.70710678118654));
#7004=DIRECTION('ref_axis',(0.70710678118654,0.,-0.707106781186555));
#7005=DIRECTION('',(0.70710678118654,0.,-0.707106781186555));
#7006=DIRECTION('',(0.70710678118654,0.,-0.707106781186555));
#7007=DIRECTION('',(0.,-1.,-1.11022302462516E-14));
#7008=DIRECTION('center_axis',(0.,-1.11022302462516E-14,1.));
#7009=DIRECTION('ref_axis',(0.,-1.,-1.11022302462516E-14));
#7010=DIRECTION('',(1.,0.,0.));
#7011=DIRECTION('',(0.,1.,1.11022302462516E-14));
#7012=DIRECTION('',(1.,0.,0.));
#7013=DIRECTION('center_axis',(0.707106781186555,0.,0.70710678118654));
#7014=DIRECTION('ref_axis',(0.70710678118654,0.,-0.707106781186555));
#7015=DIRECTION('',(-0.70710678118654,0.,0.707106781186555));
#7016=DIRECTION('',(0.,-1.,0.));
#7017=DIRECTION('',(-0.70710678118654,0.,0.707106781186555));
#7018=DIRECTION('center_axis',(0.,1.,0.));
#7019=DIRECTION('ref_axis',(0.,0.,1.));
#7020=DIRECTION('',(1.,0.,0.));
#7021=DIRECTION('',(-0.707106781186547,0.,-0.707106781186548));
#7022=DIRECTION('',(1.,0.,0.));
#7023=DIRECTION('center_axis',(0.707106781186555,-7.85046229341878E-15,
0.70710678118654));
#7024=DIRECTION('ref_axis',(0.70710678118654,0.,-0.707106781186555));
#7025=DIRECTION('',(0.70710678118654,0.,-0.707106781186555));
#7026=DIRECTION('',(0.70710678118654,0.,-0.707106781186555));
#7027=DIRECTION('',(0.,-1.,-1.11022302462516E-14));
#7028=DIRECTION('center_axis',(0.,-1.11022302462516E-14,1.));
#7029=DIRECTION('ref_axis',(0.,-1.,-1.11022302462516E-14));
#7030=DIRECTION('',(1.,0.,0.));
#7031=DIRECTION('',(0.,1.,1.11022302462516E-14));
#7032=DIRECTION('',(1.,0.,0.));
#7033=DIRECTION('center_axis',(0.707106781186555,0.,0.70710678118654));
#7034=DIRECTION('ref_axis',(0.70710678118654,0.,-0.707106781186555));
#7035=DIRECTION('',(-0.70710678118654,0.,0.707106781186555));
#7036=DIRECTION('',(0.,-1.,0.));
#7037=DIRECTION('',(-0.70710678118654,0.,0.707106781186555));
#7038=DIRECTION('center_axis',(0.,1.,0.));
#7039=DIRECTION('ref_axis',(0.,0.,1.));
#7040=DIRECTION('',(1.,0.,0.));
#7041=DIRECTION('',(-0.707106781186547,0.,-0.707106781186548));
#7042=DIRECTION('',(1.,0.,0.));
#7043=DIRECTION('center_axis',(0.707106781186555,-7.85046229341878E-15,
0.70710678118654));
#7044=DIRECTION('ref_axis',(0.70710678118654,0.,-0.707106781186555));
#7045=DIRECTION('',(0.70710678118654,0.,-0.707106781186555));
#7046=DIRECTION('',(0.70710678118654,0.,-0.707106781186555));
#7047=DIRECTION('',(0.,-1.,-1.11022302462516E-14));
#7048=DIRECTION('center_axis',(0.,-1.11022302462516E-14,1.));
#7049=DIRECTION('ref_axis',(0.,-1.,-1.11022302462516E-14));
#7050=DIRECTION('',(1.,0.,0.));
#7051=DIRECTION('',(0.,1.,1.11022302462516E-14));
#7052=DIRECTION('',(1.,0.,0.));
#7053=DIRECTION('center_axis',(0.707106781186555,0.,0.70710678118654));
#7054=DIRECTION('ref_axis',(0.70710678118654,0.,-0.707106781186555));
#7055=DIRECTION('',(-0.70710678118654,0.,0.707106781186555));
#7056=DIRECTION('',(0.,-1.,0.));
#7057=DIRECTION('',(-0.70710678118654,0.,0.707106781186555));
#7058=DIRECTION('center_axis',(-0.707106781186549,-0.500000000000001,-0.499999999999997));
#7059=DIRECTION('ref_axis',(-0.577350269189623,0.,0.816496580927728));
#7060=DIRECTION('',(-0.577350269189623,0.,0.816496580927728));
#7061=DIRECTION('',(0.,-0.707106781186544,0.707106781186551));
#7062=DIRECTION('center_axis',(0.,0.707106781186551,0.707106781186544));
#7063=DIRECTION('ref_axis',(0.,-0.707106781186544,0.707106781186551));
#7064=DIRECTION('',(1.,0.,0.));
#7065=DIRECTION('center_axis',(-0.707106781186552,-7.85046229341882E-15,
0.707106781186543));
#7066=DIRECTION('ref_axis',(0.707106781186543,0.,0.707106781186552));
#7067=DIRECTION('',(0.707106781186543,0.,0.707106781186552));
#7068=DIRECTION('',(0.707106781186543,0.,0.707106781186552));
#7069=DIRECTION('center_axis',(0.,-1.,0.));
#7070=DIRECTION('ref_axis',(0.,0.,-1.));
#7071=DIRECTION('',(1.,0.,0.));
#7072=DIRECTION('center_axis',(-0.707106781186548,0.,0.707106781186547));
#7073=DIRECTION('ref_axis',(0.707106781186547,0.,0.707106781186548));
#7074=DIRECTION('',(-0.707106781186547,0.,-0.707106781186548));
#7075=DIRECTION('',(0.,1.,0.));
#7076=DIRECTION('center_axis',(0.,0.,1.));
#7077=DIRECTION('ref_axis',(0.,-1.,0.));
#7078=DIRECTION('',(1.,0.,0.));
#7079=DIRECTION('center_axis',(-0.707106781186547,0.500000000000002,-0.499999999999998));
#7080=DIRECTION('ref_axis',(-0.577350269189625,0.,0.816496580927727));
#7081=DIRECTION('',(0.577350269189625,3.48651264649136E-16,-0.816496580927726));
#7082=DIRECTION('',(0.577350269189625,0.,-0.816496580927727));
#7083=DIRECTION('center_axis',(0.,1.,4.27008848283221E-16));
#7084=DIRECTION('ref_axis',(0.,-4.27008848283221E-16,1.));
#7085=DIRECTION('',(1.,0.,0.));
#7086=DIRECTION('center_axis',(-0.707106781186548,-0.500000000000002,-0.499999999999998));
#7087=DIRECTION('ref_axis',(-0.577350269189624,0.,0.816496580927727));
#7088=DIRECTION('',(-0.577350269189624,0.,0.816496580927727));
#7089=DIRECTION('',(0.,-0.707106781186544,0.707106781186551));
#7090=DIRECTION('center_axis',(0.,0.707106781186551,0.707106781186544));
#7091=DIRECTION('ref_axis',(0.,-0.707106781186544,0.707106781186551));
#7092=DIRECTION('',(1.,0.,0.));
#7093=DIRECTION('center_axis',(-0.707106781186552,-7.85046229341882E-15,
0.707106781186543));
#7094=DIRECTION('ref_axis',(0.707106781186543,0.,0.707106781186552));
#7095=DIRECTION('',(0.707106781186543,0.,0.707106781186552));
#7096=DIRECTION('',(0.707106781186543,0.,0.707106781186552));
#7097=DIRECTION('center_axis',(0.,-1.,0.));
#7098=DIRECTION('ref_axis',(0.,0.,-1.));
#7099=DIRECTION('',(1.,0.,0.));
#7100=DIRECTION('center_axis',(-0.707106781186548,0.,0.707106781186547));
#7101=DIRECTION('ref_axis',(0.707106781186547,0.,0.707106781186548));
#7102=DIRECTION('',(-0.707106781186547,0.,-0.707106781186548));
#7103=DIRECTION('',(0.,1.,0.));
#7104=DIRECTION('center_axis',(0.,0.,1.));
#7105=DIRECTION('ref_axis',(0.,-1.,0.));
#7106=DIRECTION('',(1.,0.,0.));
#7107=DIRECTION('center_axis',(-0.707106781186547,0.500000000000002,-0.499999999999998));
#7108=DIRECTION('ref_axis',(-0.577350269189625,0.,0.816496580927727));
#7109=DIRECTION('',(0.577350269189625,0.,-0.816496580927727));
#7110=DIRECTION('',(0.577350269189625,0.,-0.816496580927727));
#7111=DIRECTION('center_axis',(0.,1.,0.));
#7112=DIRECTION('ref_axis',(0.,0.,1.));
#7113=DIRECTION('',(1.,0.,0.));
#7114=DIRECTION('center_axis',(-0.707106781186547,-0.500000000000003,-0.499999999999998));
#7115=DIRECTION('ref_axis',(-0.577350269189625,0.,0.816496580927727));
#7116=DIRECTION('',(-0.577350269189625,0.,0.816496580927727));
#7117=DIRECTION('',(0.,-0.707106781186544,0.707106781186551));
#7118=DIRECTION('center_axis',(0.,0.707106781186551,0.707106781186544));
#7119=DIRECTION('ref_axis',(0.,-0.707106781186544,0.707106781186551));
#7120=DIRECTION('',(1.,0.,0.));
#7121=DIRECTION('center_axis',(-0.707106781186552,-7.85046229341882E-15,
0.707106781186543));
#7122=DIRECTION('ref_axis',(0.707106781186543,0.,0.707106781186552));
#7123=DIRECTION('',(0.707106781186543,0.,0.707106781186552));
#7124=DIRECTION('',(0.707106781186543,0.,0.707106781186552));
#7125=DIRECTION('center_axis',(0.,-1.,0.));
#7126=DIRECTION('ref_axis',(0.,0.,-1.));
#7127=DIRECTION('',(1.,0.,0.));
#7128=DIRECTION('center_axis',(-0.707106781186548,0.,0.707106781186547));
#7129=DIRECTION('ref_axis',(0.707106781186547,0.,0.707106781186548));
#7130=DIRECTION('',(-0.707106781186547,0.,-0.707106781186548));
#7131=DIRECTION('',(0.,1.,0.));
#7132=DIRECTION('center_axis',(0.,0.,1.));
#7133=DIRECTION('ref_axis',(0.,-1.,0.));
#7134=DIRECTION('',(1.,0.,0.));
#7135=DIRECTION('center_axis',(-0.707106781186552,0.499999999999999,-0.499999999999995));
#7136=DIRECTION('ref_axis',(-0.57735026918962,0.,0.81649658092773));
#7137=DIRECTION('',(0.57735026918962,0.,-0.81649658092773));
#7138=DIRECTION('',(0.57735026918962,0.,-0.81649658092773));
#7139=DIRECTION('center_axis',(0.,1.,0.));
#7140=DIRECTION('ref_axis',(0.,0.,1.));
#7141=DIRECTION('',(1.,0.,0.));
#7142=DIRECTION('center_axis',(-0.707106781186552,-0.499999999999999,-0.499999999999995));
#7143=DIRECTION('ref_axis',(-0.57735026918962,0.,0.81649658092773));
#7144=DIRECTION('',(-0.57735026918962,0.,0.81649658092773));
#7145=DIRECTION('',(0.,-0.707106781186544,0.707106781186551));
#7146=DIRECTION('center_axis',(0.,0.707106781186551,0.707106781186544));
#7147=DIRECTION('ref_axis',(0.,-0.707106781186544,0.707106781186551));
#7148=DIRECTION('',(1.,0.,0.));
#7149=DIRECTION('center_axis',(-0.707106781186552,-7.85046229341882E-15,
0.707106781186543));
#7150=DIRECTION('ref_axis',(0.707106781186543,0.,0.707106781186552));
#7151=DIRECTION('',(0.707106781186543,0.,0.707106781186552));
#7152=DIRECTION('',(0.707106781186543,0.,0.707106781186552));
#7153=DIRECTION('center_axis',(0.,-1.,0.));
#7154=DIRECTION('ref_axis',(0.,0.,-1.));
#7155=DIRECTION('',(1.,0.,0.));
#7156=DIRECTION('center_axis',(-0.707106781186548,0.500000000000002,-0.499999999999998));
#7157=DIRECTION('ref_axis',(-0.577350269189624,0.,0.816496580927727));
#7158=DIRECTION('',(0.577350269189624,1.74325632324568E-16,-0.816496580927727));
#7159=DIRECTION('',(0.577350269189624,0.,-0.816496580927727));
#7160=DIRECTION('center_axis',(0.,1.,2.1350442414161E-16));
#7161=DIRECTION('ref_axis',(0.,-2.1350442414161E-16,1.));
#7162=DIRECTION('',(1.,0.,0.));
#7163=DIRECTION('center_axis',(-0.707106781186548,0.,0.707106781186547));
#7164=DIRECTION('ref_axis',(0.707106781186547,0.,0.707106781186548));
#7165=DIRECTION('',(-0.707106781186547,0.,-0.707106781186548));
#7166=DIRECTION('',(-0.707106781186547,0.,-0.707106781186548));
#7167=DIRECTION('',(0.,1.,0.));
#7168=DIRECTION('center_axis',(0.,0.,1.));
#7169=DIRECTION('ref_axis',(0.,-1.,0.));
#7170=DIRECTION('',(1.,0.,0.));
#7171=DIRECTION('',(1.,0.,0.));
#7172=DIRECTION('center_axis',(-0.707106781186548,0.,0.707106781186547));
#7173=DIRECTION('ref_axis',(0.707106781186547,0.,0.707106781186548));
#7174=DIRECTION('',(-0.707106781186547,0.,-0.707106781186548));
#7175=DIRECTION('',(-0.707106781186547,0.,-0.707106781186548));
#7176=DIRECTION('center_axis',(-0.707106781186552,-7.85046229341882E-15,
0.707106781186543));
#7177=DIRECTION('ref_axis',(0.707106781186543,0.,0.707106781186552));
#7178=DIRECTION('',(0.707106781186543,0.,0.707106781186552));
#7179=DIRECTION('',(0.,1.,1.11022302462516E-14));
#7180=DIRECTION('',(0.707106781186543,0.,0.707106781186552));
#7181=DIRECTION('center_axis',(0.707106781186555,0.,0.70710678118654));
#7182=DIRECTION('ref_axis',(0.70710678118654,0.,-0.707106781186555));
#7183=DIRECTION('',(-0.70710678118654,0.,0.707106781186555));
#7184=DIRECTION('center_axis',(0.,1.,0.));
#7185=DIRECTION('ref_axis',(0.,0.,1.));
#7186=DIRECTION('center_axis',(0.707106781186555,-7.85046229341878E-15,
0.70710678118654));
#7187=DIRECTION('ref_axis',(0.70710678118654,0.,-0.707106781186555));
#7188=DIRECTION('',(0.70710678118654,0.,-0.707106781186555));
#7189=DIRECTION('',(0.70710678118654,0.,-0.707106781186555));
#7190=DIRECTION('',(0.,-1.,-1.11022302462516E-14));
#7191=DIRECTION('center_axis',(0.,-1.11022302462516E-14,1.));
#7192=DIRECTION('ref_axis',(0.,-1.,-1.11022302462516E-14));
#7193=DIRECTION('',(1.,0.,0.));
#7194=DIRECTION('',(1.,0.,0.));
#7195=DIRECTION('center_axis',(0.707106781186556,0.499999999999996,-0.499999999999992));
#7196=DIRECTION('ref_axis',(-0.577350269189615,0.,-0.816496580927734));
#7197=DIRECTION('',(0.577350269189615,-6.53721121217136E-17,0.816496580927734));
#7198=DIRECTION('',(0.577350269189615,0.,0.816496580927734));
#7199=DIRECTION('',(0.,0.707106781186545,0.70710678118655));
#7200=DIRECTION('center_axis',(0.,-0.70710678118655,0.707106781186545));
#7201=DIRECTION('ref_axis',(0.,-0.707106781186545,-0.70710678118655));
#7202=DIRECTION('',(1.,0.,0.));
#7203=DIRECTION('',(0.,-0.707106781186545,-0.70710678118655));
#7204=DIRECTION('',(-1.,0.,0.));
#7205=DIRECTION('center_axis',(0.707106781186555,-0.499999999999997,-0.499999999999993));
#7206=DIRECTION('ref_axis',(-0.577350269189616,0.,-0.816496580927733));
#7207=DIRECTION('',(-0.577350269189616,0.,-0.816496580927733));
#7208=DIRECTION('',(0.,0.707106781186544,-0.707106781186551));
#7209=DIRECTION('',(-0.577350269189616,0.,-0.816496580927733));
#7210=DIRECTION('center_axis',(-0.707106781186548,0.500000000000002,-0.499999999999998));
#7211=DIRECTION('ref_axis',(-0.577350269189624,0.,0.816496580927728));
#7212=DIRECTION('',(0.577350269189624,6.53721121217131E-17,-0.816496580927728));
#7213=DIRECTION('',(0.577350269189624,0.,-0.816496580927728));
#7214=DIRECTION('center_axis',(0.,1.,8.00641590531039E-17));
#7215=DIRECTION('ref_axis',(0.,-8.00641590531039E-17,1.));
#7216=DIRECTION('center_axis',(-0.707106781186547,-0.500000000000002,-0.499999999999998));
#7217=DIRECTION('ref_axis',(-0.577350269189624,0.,0.816496580927727));
#7218=DIRECTION('',(-0.577350269189624,0.,0.816496580927727));
#7219=DIRECTION('',(-0.577350269189624,0.,0.816496580927727));
#7220=DIRECTION('',(0.,-0.707106781186544,0.707106781186551));
#7221=DIRECTION('center_axis',(0.,0.707106781186551,0.707106781186544));
#7222=DIRECTION('ref_axis',(0.,-0.707106781186544,0.707106781186551));
#7223=DIRECTION('',(1.,0.,0.));
#7224=DIRECTION('',(1.,0.,0.));
#7225=DIRECTION('center_axis',(0.,1.,0.));
#7226=DIRECTION('ref_axis',(0.,0.,1.));
#7227=DIRECTION('center_axis',(0.,-1.,0.));
#7228=DIRECTION('ref_axis',(0.,0.,-1.));
#7229=DIRECTION('center_axis',(0.,1.,0.));
#7230=DIRECTION('ref_axis',(0.,0.,1.));
#7231=DIRECTION('center_axis',(0.,-1.,0.));
#7232=DIRECTION('ref_axis',(0.,0.,-1.));
#7233=DIRECTION('center_axis',(0.,1.,0.));
#7234=DIRECTION('ref_axis',(0.,0.,1.));
#7235=DIRECTION('center_axis',(0.,-1.,0.));
#7236=DIRECTION('ref_axis',(0.,0.,-1.));
#7237=DIRECTION('center_axis',(0.,1.,0.));
#7238=DIRECTION('ref_axis',(0.,0.,1.));
#7239=DIRECTION('center_axis',(0.,-1.,0.));
#7240=DIRECTION('ref_axis',(0.,0.,-1.));
#7241=DIRECTION('center_axis',(0.,1.,0.));
#7242=DIRECTION('ref_axis',(0.,0.,1.));
#7243=DIRECTION('center_axis',(0.,-1.,0.));
#7244=DIRECTION('ref_axis',(0.,0.,-1.));
#7245=DIRECTION('center_axis',(0.,1.,0.));
#7246=DIRECTION('ref_axis',(0.,0.,1.));
#7247=DIRECTION('center_axis',(0.,-1.,0.));
#7248=DIRECTION('ref_axis',(0.,0.,-1.));
#7249=DIRECTION('center_axis',(0.,1.,0.));
#7250=DIRECTION('ref_axis',(0.,0.,1.));
#7251=DIRECTION('center_axis',(0.,-0.970142500145333,-0.242535625036328));
#7252=DIRECTION('ref_axis',(0.,0.242535625036328,-0.970142500145333));
#7253=DIRECTION('',(-1.,0.,0.));
#7254=DIRECTION('center_axis',(0.,-1.,8.54017696566441E-16));
#7255=DIRECTION('ref_axis',(0.,-8.54017696566441E-16,-1.));
#7256=DIRECTION('',(1.,0.,0.));
#7257=DIRECTION('center_axis',(0.,0.866025391211584,-0.500000021776822));
#7258=DIRECTION('ref_axis',(0.,0.500000021776822,0.866025391211584));
#7259=DIRECTION('center_axis',(0.,-0.970142500145333,-0.242535625036328));
#7260=DIRECTION('ref_axis',(0.,0.242535625036328,-0.970142500145333));
#7261=DIRECTION('center_axis',(0.,0.866025391211584,-0.500000021776822));
#7262=DIRECTION('ref_axis',(0.,0.500000021776822,0.866025391211584));
#7263=DIRECTION('center_axis',(0.,-0.970142500145333,-0.242535625036328));
#7264=DIRECTION('ref_axis',(0.,0.242535625036328,-0.970142500145333));
#7265=DIRECTION('center_axis',(0.,0.866025391211584,-0.500000021776822));
#7266=DIRECTION('ref_axis',(0.,0.500000021776822,0.866025391211584));
#7267=DIRECTION('center_axis',(0.,-0.970142500145333,-0.242535625036328));
#7268=DIRECTION('ref_axis',(0.,0.242535625036328,-0.970142500145333));
#7269=DIRECTION('center_axis',(0.,1.,0.));
#7270=DIRECTION('ref_axis',(0.,0.,1.));
#7271=DIRECTION('',(1.,0.,0.));
#7272=DIRECTION('center_axis',(0.,0.866025391211584,-0.500000021776822));
#7273=DIRECTION('ref_axis',(0.,0.500000021776822,0.866025391211584));
#7274=DIRECTION('center_axis',(0.,-0.970142500145333,-0.242535625036328));
#7275=DIRECTION('ref_axis',(0.,0.242535625036328,-0.970142500145333));
#7276=DIRECTION('center_axis',(0.,-1.,0.));
#7277=DIRECTION('ref_axis',(0.,0.,-1.));
#7278=DIRECTION('',(1.,0.,0.));
#7279=DIRECTION('center_axis',(0.,-0.970142500145333,-0.242535625036328));
#7280=DIRECTION('ref_axis',(0.,0.242535625036328,-0.970142500145333));
#7281=DIRECTION('center_axis',(0.,-1.,0.));
#7282=DIRECTION('ref_axis',(0.,0.,-1.));
#7283=DIRECTION('',(1.,0.,0.));
#7284=DIRECTION('center_axis',(0.,-1.,6.12323399573677E-17));
#7285=DIRECTION('ref_axis',(0.,-6.12323399573677E-17,-1.));
#7286=DIRECTION('',(1.,0.,0.));
#7287=DIRECTION('center_axis',(0.,0.,1.));
#7288=DIRECTION('ref_axis',(0.,-1.,0.));
#7289=DIRECTION('center_axis',(0.,0.,1.));
#7290=DIRECTION('ref_axis',(0.,-1.,0.));
#7291=DIRECTION('center_axis',(0.,0.,1.));
#7292=DIRECTION('ref_axis',(0.,-1.,0.));
#7293=DIRECTION('center_axis',(0.,0.,1.));
#7294=DIRECTION('ref_axis',(0.,-1.,0.));
#7295=DIRECTION('center_axis',(0.,0.,1.));
#7296=DIRECTION('ref_axis',(0.,-1.,0.));
#7297=DIRECTION('center_axis',(0.,0.,1.));
#7298=DIRECTION('ref_axis',(0.,-1.,0.));
#7299=DIRECTION('center_axis',(0.,0.,1.));
#7300=DIRECTION('ref_axis',(0.,-1.,0.));
#7301=DIRECTION('center_axis',(0.,0.,1.));
#7302=DIRECTION('ref_axis',(0.,-1.,0.));
#7303=DIRECTION('center_axis',(0.,0.,1.));
#7304=DIRECTION('ref_axis',(0.,-1.,0.));
#7305=DIRECTION('center_axis',(0.,0.,1.));
#7306=DIRECTION('ref_axis',(0.,-1.,0.));
#7307=DIRECTION('center_axis',(0.,1.,0.));
#7308=DIRECTION('ref_axis',(0.,0.,1.));
#7309=DIRECTION('',(1.,0.,0.));
#7310=DIRECTION('center_axis',(0.,2.8741087473226E-18,-1.));
#7311=DIRECTION('ref_axis',(0.,1.,2.8741087473226E-18));
#7312=CARTESIAN_POINT('',(0.,0.,0.));
#7313=CARTESIAN_POINT('Origin',(108.,46.15,6.52422685642231E-17));
#7314=CARTESIAN_POINT('',(108.,46.35,1.6));
#7315=CARTESIAN_POINT('',(108.,46.35,3.));
#7316=CARTESIAN_POINT('',(108.,46.35,3.13086584729023));
#7317=CARTESIAN_POINT('',(108.,53.,1.6));
#7318=CARTESIAN_POINT('',(108.,49.575,1.6));
#7319=CARTESIAN_POINT('',(108.,53.,3.));
#7320=CARTESIAN_POINT('',(108.,53.,6.00000008940696));
#7321=CARTESIAN_POINT('',(108.,53.65,3.));
#7322=CARTESIAN_POINT('Origin',(102.,53.65,6.52422685642231E-17));
#7323=CARTESIAN_POINT('',(102.,46.35,3.));
#7324=CARTESIAN_POINT('',(102.,46.35,1.6));
#7325=CARTESIAN_POINT('',(102.,46.35,3.13086584729023));
#7326=CARTESIAN_POINT('',(102.,53.,3.));
#7327=CARTESIAN_POINT('',(102.,46.15,3.));
#7328=CARTESIAN_POINT('',(102.,53.,1.6));
#7329=CARTESIAN_POINT('',(102.,53.,6.00000008940697));
#7330=CARTESIAN_POINT('',(102.,53.325,1.6));
#7331=CARTESIAN_POINT('Origin',(105.,49.9,3.));
#7332=CARTESIAN_POINT('',(52.5,46.35,3.));
#7333=CARTESIAN_POINT('',(52.5,53.,3.));
#7334=CARTESIAN_POINT('',(103.2,49.9,3.));
#7335=CARTESIAN_POINT('Origin',(105.,49.9,3.));
#7336=CARTESIAN_POINT('Origin',(0.,46.35,6.26173169458045));
#7337=CARTESIAN_POINT('',(93.,46.35,1.6));
#7338=CARTESIAN_POINT('',(0.,46.35,1.6));
#7339=CARTESIAN_POINT('',(93.,46.35,3.));
#7340=CARTESIAN_POINT('',(93.,46.35,3.13086584729023));
#7341=CARTESIAN_POINT('',(87.,46.35,3.));
#7342=CARTESIAN_POINT('',(45.,46.35,3.));
#7343=CARTESIAN_POINT('',(87.,46.35,1.6));
#7344=CARTESIAN_POINT('',(87.,46.35,3.13086584729023));
#7345=CARTESIAN_POINT('',(78.,46.35,1.6));
#7346=CARTESIAN_POINT('',(0.,46.35,1.6));
#7347=CARTESIAN_POINT('',(78.,46.35,3.));
#7348=CARTESIAN_POINT('',(78.,46.35,3.13086584729023));
#7349=CARTESIAN_POINT('',(72.,46.35,3.));
#7350=CARTESIAN_POINT('',(37.5,46.35,3.));
#7351=CARTESIAN_POINT('',(72.,46.35,1.6));
#7352=CARTESIAN_POINT('',(72.,46.35,3.13086584729023));
#7353=CARTESIAN_POINT('',(63.,46.35,1.6));
#7354=CARTESIAN_POINT('',(0.,46.35,1.6));
#7355=CARTESIAN_POINT('',(63.,46.35,3.));
#7356=CARTESIAN_POINT('',(63.,46.35,3.13086584729023));
#7357=CARTESIAN_POINT('',(57.,46.35,3.));
#7358=CARTESIAN_POINT('',(30.,46.35,3.));
#7359=CARTESIAN_POINT('',(57.,46.35,1.6));
#7360=CARTESIAN_POINT('',(57.,46.35,3.13086584729023));
#7361=CARTESIAN_POINT('',(48.,46.35,1.6));
#7362=CARTESIAN_POINT('',(0.,46.35,1.6));
#7363=CARTESIAN_POINT('',(48.,46.35,3.));
#7364=CARTESIAN_POINT('',(48.,46.35,3.13086584729023));
#7365=CARTESIAN_POINT('',(42.,46.35,3.));
#7366=CARTESIAN_POINT('',(22.5,46.35,3.));
#7367=CARTESIAN_POINT('',(42.,46.35,1.6));
#7368=CARTESIAN_POINT('',(42.,46.35,3.13086584729023));
#7369=CARTESIAN_POINT('',(33.,46.35,1.6));
#7370=CARTESIAN_POINT('',(0.,46.35,1.6));
#7371=CARTESIAN_POINT('',(33.,46.35,3.));
#7372=CARTESIAN_POINT('',(33.,46.35,3.13086584729023));
#7373=CARTESIAN_POINT('',(27.,46.35,3.));
#7374=CARTESIAN_POINT('',(15.,46.35,3.));
#7375=CARTESIAN_POINT('',(27.,46.35,1.6));
#7376=CARTESIAN_POINT('',(27.,46.35,3.13086584729023));
#7377=CARTESIAN_POINT('',(18.,46.35,1.6));
#7378=CARTESIAN_POINT('',(0.,46.35,1.6));
#7379=CARTESIAN_POINT('',(18.,46.35,3.));
#7380=CARTESIAN_POINT('',(18.,46.35,3.13086584729023));
#7381=CARTESIAN_POINT('',(12.,46.35,3.));
#7382=CARTESIAN_POINT('',(7.5,46.35,3.));
#7383=CARTESIAN_POINT('',(12.,46.35,1.6));
#7384=CARTESIAN_POINT('',(12.,46.35,3.13086584729023));
#7385=CARTESIAN_POINT('',(0.,46.35,1.6));
#7386=CARTESIAN_POINT('',(0.,46.35,1.6));
#7387=CARTESIAN_POINT('',(0.,46.35,6.26173169458045));
#7388=CARTESIAN_POINT('',(0.,46.35,6.13086589199371));
#7389=CARTESIAN_POINT('',(120.,46.35,6.26173169458045));
#7390=CARTESIAN_POINT('',(0.,46.35,6.26173169458045));
#7391=CARTESIAN_POINT('',(120.,46.35,1.6));
#7392=CARTESIAN_POINT('',(120.,46.35,6.13086589199371));
#7393=CARTESIAN_POINT('',(0.,46.35,1.6));
#7394=CARTESIAN_POINT('Origin',(0.,53.,1.6));
#7395=CARTESIAN_POINT('',(93.,53.,1.6));
#7396=CARTESIAN_POINT('',(0.,53.,1.6));
#7397=CARTESIAN_POINT('',(93.,49.575,1.6));
#7398=CARTESIAN_POINT('Origin',(105.,49.9,2.));
#7399=CARTESIAN_POINT('',(102.960392194563,47.7,8.60000014901161));
#7400=CARTESIAN_POINT('',(107.039607805437,47.7,8.60000014901161));
#7401=CARTESIAN_POINT('Origin',(105.,49.9,12.4105117043809));
#7402=CARTESIAN_POINT('',(102.960392194563,47.7,9.60000014901161));
#7403=CARTESIAN_POINT('',(102.960392194563,47.7,2.));
#7404=CARTESIAN_POINT('',(107.039607805437,47.7,9.60000014901161));
#7405=CARTESIAN_POINT('Origin',(105.,49.9,9.60000014901161));
#7406=CARTESIAN_POINT('',(107.039607805437,47.7,2.));
#7407=CARTESIAN_POINT('Origin',(0.,47.7,9.60000014901161));
#7408=CARTESIAN_POINT('',(92.0396078054371,47.7,9.60000014901161));
#7409=CARTESIAN_POINT('',(0.,47.7,9.60000014901161));
#7410=CARTESIAN_POINT('',(87.9603921945629,47.7,9.60000014901161));
#7411=CARTESIAN_POINT('Origin',(90.,49.9,9.60000014901161));
#7412=CARTESIAN_POINT('',(77.0396078054371,47.7,9.60000014901161));
#7413=CARTESIAN_POINT('',(0.,47.7,9.60000014901161));
#7414=CARTESIAN_POINT('',(72.9603921945629,47.7,9.60000014901161));
#7415=CARTESIAN_POINT('Origin',(75.,49.9,9.60000014901161));
#7416=CARTESIAN_POINT('',(62.0396078054371,47.7,9.60000014901161));
#7417=CARTESIAN_POINT('',(0.,47.7,9.60000014901161));
#7418=CARTESIAN_POINT('',(57.9603921945629,47.7,9.60000014901161));
#7419=CARTESIAN_POINT('Origin',(60.,49.9,9.60000014901161));
#7420=CARTESIAN_POINT('',(47.0396078054371,47.7,9.60000014901161));
#7421=CARTESIAN_POINT('',(0.,47.7,9.60000014901161));
#7422=CARTESIAN_POINT('',(42.9603921945629,47.7,9.60000014901161));
#7423=CARTESIAN_POINT('Origin',(45.,49.9,9.60000014901161));
#7424=CARTESIAN_POINT('',(32.0396078054371,47.7,9.60000014901161));
#7425=CARTESIAN_POINT('',(0.,47.7,9.60000014901161));
#7426=CARTESIAN_POINT('',(27.9603921945629,47.7,9.60000014901161));
#7427=CARTESIAN_POINT('Origin',(30.,49.9,9.60000014901161));
#7428=CARTESIAN_POINT('',(17.0396078054371,47.7,9.60000014901161));
#7429=CARTESIAN_POINT('',(0.,47.7,9.60000014901161));
#7430=CARTESIAN_POINT('',(12.9603921945629,47.7,9.60000014901161));
#7431=CARTESIAN_POINT('Origin',(15.,49.9,9.60000014901161));
#7432=CARTESIAN_POINT('',(0.4,47.7,9.60000014901161));
#7433=CARTESIAN_POINT('',(0.,47.7,9.60000014901161));
#7434=CARTESIAN_POINT('',(0.4,45.9,9.60000014901161));
#7435=CARTESIAN_POINT('',(0.4,37.55,9.60000014901161));
#7436=CARTESIAN_POINT('',(119.6,45.9,9.60000014901161));
#7437=CARTESIAN_POINT('',(0.,45.9,9.60000014901161));
#7438=CARTESIAN_POINT('',(119.6,47.7,9.60000014901161));
#7439=CARTESIAN_POINT('',(119.6,37.55,9.60000014901161));
#7440=CARTESIAN_POINT('',(0.,47.7,9.60000014901161));
#7441=CARTESIAN_POINT('Origin',(0.,47.7,8.60000014901161));
#7442=CARTESIAN_POINT('',(92.0396078054371,47.7,8.60000014901161));
#7443=CARTESIAN_POINT('',(0.,47.7,8.60000014901161));
#7444=CARTESIAN_POINT('',(92.0396078054371,47.7,2.));
#7445=CARTESIAN_POINT('Origin',(105.,49.9,6.52422685642231E-17));
#7446=CARTESIAN_POINT('',(103.2,49.9,6.52422685642231E-17));
#7447=CARTESIAN_POINT('Origin',(105.,49.9,0.));
#7448=CARTESIAN_POINT('',(103.2,49.9,6.52422685642231E-17));
#7449=CARTESIAN_POINT('Origin',(102.,8.65000000000004,6.52422685642231E-17));
#7450=CARTESIAN_POINT('',(102.,8.45,1.59999997496174));
#7451=CARTESIAN_POINT('',(102.,8.45,3.));
#7452=CARTESIAN_POINT('',(102.,8.45,0.799999987480869));
#7453=CARTESIAN_POINT('',(102.,8.,1.6));
#7454=CARTESIAN_POINT('',(102.,8.32500004451247,1.59999998191681));
#7455=CARTESIAN_POINT('',(102.,1.8,1.6));
#7456=CARTESIAN_POINT('',(102.,8.325,1.6));
#7457=CARTESIAN_POINT('',(102.,1.8,3.));
#7458=CARTESIAN_POINT('',(102.,1.8,0.8));
#7459=CARTESIAN_POINT('',(102.,1.15000000000004,3.));
#7460=CARTESIAN_POINT('Origin',(105.,4.90000000000004,3.));
#7461=CARTESIAN_POINT('',(108.,8.45,3.));
#7462=CARTESIAN_POINT('',(52.5,8.45,3.));
#7463=CARTESIAN_POINT('',(108.,1.8,3.));
#7464=CARTESIAN_POINT('',(52.5,1.8,3.));
#7465=CARTESIAN_POINT('',(108.,8.65000000000004,3.));
#7466=CARTESIAN_POINT('',(103.2,4.90000000000002,3.));
#7467=CARTESIAN_POINT('Origin',(105.,4.90000000000002,3.));
#7468=CARTESIAN_POINT('Origin',(108.,1.15000000000004,6.52422685642231E-17));
#7469=CARTESIAN_POINT('',(108.,8.45,1.59999997496174));
#7470=CARTESIAN_POINT('',(108.,8.45,0.799999987480869));
#7471=CARTESIAN_POINT('',(108.,1.8,1.6));
#7472=CARTESIAN_POINT('',(108.,1.8,0.800000000000001));
#7473=CARTESIAN_POINT('',(108.,8.,1.6));
#7474=CARTESIAN_POINT('',(108.,4.57500000000002,1.6));
#7475=CARTESIAN_POINT('',(108.,4.5750000445125,1.600000190569));
#7476=CARTESIAN_POINT('Origin',(0.,8.,1.6));
#7477=CARTESIAN_POINT('',(93.,8.45,1.59999997496174));
#7478=CARTESIAN_POINT('',(0.,8.45,1.59999997496174));
#7479=CARTESIAN_POINT('',(93.,8.,1.6));
#7480=CARTESIAN_POINT('',(93.,4.5750000445125,1.600000190569));
#7481=CARTESIAN_POINT('',(0.,8.,1.6));
#7482=CARTESIAN_POINT('Origin',(0.,8.,1.6));
#7483=CARTESIAN_POINT('',(120.,8.,1.6));
#7484=CARTESIAN_POINT('',(0.,8.,1.6));
#7485=CARTESIAN_POINT('',(120.,8.45,1.59999997496174));
#7486=CARTESIAN_POINT('',(120.,17.6999998775907,1.59999946028635));
#7487=CARTESIAN_POINT('',(0.,8.45,1.59999997496174));
#7488=CARTESIAN_POINT('Origin',(0.,1.8,1.6));
#7489=CARTESIAN_POINT('',(93.,1.8,1.6));
#7490=CARTESIAN_POINT('',(0.,1.8,1.6));
#7491=CARTESIAN_POINT('',(93.,1.8,3.));
#7492=CARTESIAN_POINT('',(93.,1.8,0.800000000000001));
#7493=CARTESIAN_POINT('',(87.,1.8,3.));
#7494=CARTESIAN_POINT('',(45.,1.8,3.));
#7495=CARTESIAN_POINT('',(87.,1.8,1.6));
#7496=CARTESIAN_POINT('',(87.,1.8,0.8));
#7497=CARTESIAN_POINT('',(78.,1.8,1.6));
#7498=CARTESIAN_POINT('',(0.,1.8,1.6));
#7499=CARTESIAN_POINT('',(78.,1.8,3.));
#7500=CARTESIAN_POINT('',(78.,1.8,0.800000000000001));
#7501=CARTESIAN_POINT('',(72.,1.8,3.));
#7502=CARTESIAN_POINT('',(37.5,1.8,3.));
#7503=CARTESIAN_POINT('',(72.,1.8,1.6));
#7504=CARTESIAN_POINT('',(72.,1.8,0.8));
#7505=CARTESIAN_POINT('',(63.,1.8,1.6));
#7506=CARTESIAN_POINT('',(0.,1.8,1.6));
#7507=CARTESIAN_POINT('',(63.,1.8,3.));
#7508=CARTESIAN_POINT('',(63.,1.8,0.800000000000001));
#7509=CARTESIAN_POINT('',(57.,1.8,3.));
#7510=CARTESIAN_POINT('',(30.,1.8,3.));
#7511=CARTESIAN_POINT('',(57.,1.8,1.6));
#7512=CARTESIAN_POINT('',(57.,1.8,0.8));
#7513=CARTESIAN_POINT('',(48.,1.8,1.6));
#7514=CARTESIAN_POINT('',(0.,1.8,1.6));
#7515=CARTESIAN_POINT('',(48.,1.8,3.));
#7516=CARTESIAN_POINT('',(48.,1.8,0.800000000000001));
#7517=CARTESIAN_POINT('',(42.,1.8,3.));
#7518=CARTESIAN_POINT('',(22.5,1.8,3.));
#7519=CARTESIAN_POINT('',(42.,1.8,1.6));
#7520=CARTESIAN_POINT('',(42.,1.8,0.8));
#7521=CARTESIAN_POINT('',(33.,1.8,1.6));
#7522=CARTESIAN_POINT('',(0.,1.8,1.6));
#7523=CARTESIAN_POINT('',(33.,1.8,3.));
#7524=CARTESIAN_POINT('',(33.,1.8,0.800000000000001));
#7525=CARTESIAN_POINT('',(27.,1.8,3.));
#7526=CARTESIAN_POINT('',(15.,1.8,3.));
#7527=CARTESIAN_POINT('',(27.,1.8,1.6));
#7528=CARTESIAN_POINT('',(27.,1.8,0.8));
#7529=CARTESIAN_POINT('',(18.,1.8,1.6));
#7530=CARTESIAN_POINT('',(0.,1.8,1.6));
#7531=CARTESIAN_POINT('',(18.,1.8,3.));
#7532=CARTESIAN_POINT('',(18.,1.8,0.800000000000001));
#7533=CARTESIAN_POINT('',(12.,1.8,3.));
#7534=CARTESIAN_POINT('',(7.5,1.8,3.));
#7535=CARTESIAN_POINT('',(12.,1.8,1.6));
#7536=CARTESIAN_POINT('',(12.,1.8,0.8));
#7537=CARTESIAN_POINT('',(0.,1.8,1.6));
#7538=CARTESIAN_POINT('',(0.,1.8,1.6));
#7539=CARTESIAN_POINT('',(0.,1.8,7.04115451272417));
#7540=CARTESIAN_POINT('',(0.,1.8,12.0000001788139));
#7541=CARTESIAN_POINT('',(120.,1.8,7.04115451272417));
#7542=CARTESIAN_POINT('',(0.,1.8,7.04115451272417));
#7543=CARTESIAN_POINT('',(120.,1.8,1.6));
#7544=CARTESIAN_POINT('',(120.,1.8,12.0000001788139));
#7545=CARTESIAN_POINT('',(0.,1.8,1.6));
#7546=CARTESIAN_POINT('Origin',(0.,8.,1.6));
#7547=CARTESIAN_POINT('',(93.,4.57500000000002,1.6));
#7548=CARTESIAN_POINT('Origin',(0.,8.,1.6));
#7549=CARTESIAN_POINT('',(120.,1.8,1.6));
#7550=CARTESIAN_POINT('Origin',(105.,4.90000000000002,2.));
#7551=CARTESIAN_POINT('',(102.960392194563,2.7,8.60000014901161));
#7552=CARTESIAN_POINT('',(107.039607805437,2.7,8.60000014901161));
#7553=CARTESIAN_POINT('Origin',(105.,4.90000000000002,12.410511704381));
#7554=CARTESIAN_POINT('',(102.960392194563,2.7,9.60000014901161));
#7555=CARTESIAN_POINT('',(102.960392194563,2.7,2.));
#7556=CARTESIAN_POINT('',(107.039607805437,2.7,9.60000014901161));
#7557=CARTESIAN_POINT('Origin',(105.,4.90000000000002,9.60000014901161));
#7558=CARTESIAN_POINT('',(107.039607805437,2.7,2.));
#7559=CARTESIAN_POINT('Origin',(0.,2.7,9.60000014901161));
#7560=CARTESIAN_POINT('',(92.0396078054371,2.7,9.60000014901161));
#7561=CARTESIAN_POINT('',(0.,2.7,9.60000014901161));
#7562=CARTESIAN_POINT('',(87.9603921945629,2.7,9.60000014901161));
#7563=CARTESIAN_POINT('Origin',(90.,4.90000000000002,9.60000014901161));
#7564=CARTESIAN_POINT('',(77.0396078054371,2.7,9.60000014901161));
#7565=CARTESIAN_POINT('',(0.,2.7,9.60000014901161));
#7566=CARTESIAN_POINT('',(72.9603921945629,2.7,9.60000014901161));
#7567=CARTESIAN_POINT('Origin',(75.,4.90000000000002,9.60000014901161));
#7568=CARTESIAN_POINT('',(62.0396078054371,2.7,9.60000014901161));
#7569=CARTESIAN_POINT('',(0.,2.7,9.60000014901161));
#7570=CARTESIAN_POINT('',(57.9603921945629,2.7,9.60000014901161));
#7571=CARTESIAN_POINT('Origin',(60.,4.90000000000002,9.60000014901161));
#7572=CARTESIAN_POINT('',(47.0396078054371,2.7,9.60000014901161));
#7573=CARTESIAN_POINT('',(0.,2.7,9.60000014901161));
#7574=CARTESIAN_POINT('',(42.9603921945629,2.7,9.60000014901161));
#7575=CARTESIAN_POINT('Origin',(45.,4.90000000000002,9.60000014901161));
#7576=CARTESIAN_POINT('',(32.0396078054371,2.7,9.60000014901161));
#7577=CARTESIAN_POINT('',(0.,2.7,9.60000014901161));
#7578=CARTESIAN_POINT('',(27.9603921945629,2.7,9.60000014901161));
#7579=CARTESIAN_POINT('Origin',(30.,4.90000000000002,9.60000014901161));
#7580=CARTESIAN_POINT('',(17.0396078054371,2.7,9.60000014901161));
#7581=CARTESIAN_POINT('',(0.,2.7,9.60000014901161));
#7582=CARTESIAN_POINT('',(12.9603921945629,2.7,9.60000014901161));
#7583=CARTESIAN_POINT('Origin',(15.,4.90000000000002,9.60000014901161));
#7584=CARTESIAN_POINT('',(0.4,2.7,9.60000014901161));
#7585=CARTESIAN_POINT('',(0.,2.7,9.60000014901161));
#7586=CARTESIAN_POINT('',(0.4,0.9,9.60000014901161));
#7587=CARTESIAN_POINT('',(0.4,15.05,9.60000014901161));
#7588=CARTESIAN_POINT('',(119.6,0.9,9.60000014901161));
#7589=CARTESIAN_POINT('',(0.,0.9,9.60000014901161));
#7590=CARTESIAN_POINT('',(119.6,2.7,9.60000014901161));
#7591=CARTESIAN_POINT('',(119.6,15.05,9.60000014901161));
#7592=CARTESIAN_POINT('',(0.,2.7,9.60000014901161));
#7593=CARTESIAN_POINT('Origin',(0.,2.7,8.60000014901161));
#7594=CARTESIAN_POINT('',(92.0396078054371,2.7,8.60000014901161));
#7595=CARTESIAN_POINT('',(0.,2.7,8.60000014901161));
#7596=CARTESIAN_POINT('',(92.0396078054371,2.7,2.));
#7597=CARTESIAN_POINT('Origin',(105.,4.90000000000002,6.52422685642231E-17));
#7598=CARTESIAN_POINT('',(103.2,4.90000000000002,6.52422685642231E-17));
#7599=CARTESIAN_POINT('Origin',(105.,4.90000000000002,0.));
#7600=CARTESIAN_POINT('',(103.2,4.90000000000002,6.52422685642231E-17));
#7601=CARTESIAN_POINT('Origin',(93.,46.15,6.52422685642231E-17));
#7602=CARTESIAN_POINT('',(93.,53.,3.));
#7603=CARTESIAN_POINT('',(93.,53.,6.00000008940696));
#7604=CARTESIAN_POINT('',(93.,53.65,3.));
#7605=CARTESIAN_POINT('Origin',(87.,53.65,6.52422685642231E-17));
#7606=CARTESIAN_POINT('',(87.,53.,3.));
#7607=CARTESIAN_POINT('',(87.,46.15,3.));
#7608=CARTESIAN_POINT('',(87.,53.,1.6));
#7609=CARTESIAN_POINT('',(87.,53.,6.00000008940697));
#7610=CARTESIAN_POINT('',(87.,53.325,1.6));
#7611=CARTESIAN_POINT('Origin',(90.,49.9,3.));
#7612=CARTESIAN_POINT('',(45.,53.,3.));
#7613=CARTESIAN_POINT('',(88.2,49.9,3.));
#7614=CARTESIAN_POINT('Origin',(90.,49.9,3.));
#7615=CARTESIAN_POINT('Origin',(0.,53.,1.6));
#7616=CARTESIAN_POINT('',(78.,53.,1.6));
#7617=CARTESIAN_POINT('',(0.,53.,1.6));
#7618=CARTESIAN_POINT('',(78.,49.575,1.6));
#7619=CARTESIAN_POINT('Origin',(90.,49.9,2.));
#7620=CARTESIAN_POINT('',(87.9603921945629,47.7,8.60000014901161));
#7621=CARTESIAN_POINT('Origin',(90.,49.9,12.4105117043809));
#7622=CARTESIAN_POINT('',(87.9603921945629,47.7,2.));
#7623=CARTESIAN_POINT('Origin',(0.,47.7,8.60000014901161));
#7624=CARTESIAN_POINT('',(77.0396078054371,47.7,8.60000014901161));
#7625=CARTESIAN_POINT('',(0.,47.7,8.60000014901161));
#7626=CARTESIAN_POINT('',(77.0396078054371,47.7,2.));
#7627=CARTESIAN_POINT('Origin',(90.,49.9,6.52422685642231E-17));
#7628=CARTESIAN_POINT('',(88.2,49.9,6.52422685642231E-17));
#7629=CARTESIAN_POINT('Origin',(90.,49.9,0.));
#7630=CARTESIAN_POINT('',(88.2,49.9,6.52422685642231E-17));
#7631=CARTESIAN_POINT('Origin',(87.,8.65000000000004,6.52422685642231E-17));
#7632=CARTESIAN_POINT('',(87.,8.45,1.59999997496174));
#7633=CARTESIAN_POINT('',(87.,8.45,3.));
#7634=CARTESIAN_POINT('',(87.,8.45,0.799999987480869));
#7635=CARTESIAN_POINT('',(87.,8.,1.6));
#7636=CARTESIAN_POINT('',(87.,8.32500004451247,1.59999998191681));
#7637=CARTESIAN_POINT('',(87.,8.325,1.6));
#7638=CARTESIAN_POINT('',(87.,1.15000000000004,3.));
#7639=CARTESIAN_POINT('Origin',(90.,4.90000000000004,3.));
#7640=CARTESIAN_POINT('',(93.,8.45,3.));
#7641=CARTESIAN_POINT('',(45.,8.45,3.));
#7642=CARTESIAN_POINT('',(93.,8.65000000000004,3.));
#7643=CARTESIAN_POINT('',(88.2,4.90000000000002,3.));
#7644=CARTESIAN_POINT('Origin',(90.,4.90000000000002,3.));
#7645=CARTESIAN_POINT('Origin',(93.,1.15000000000004,6.52422685642231E-17));
#7646=CARTESIAN_POINT('',(93.,8.45,0.799999987480869));
#7647=CARTESIAN_POINT('Origin',(0.,8.,1.6));
#7648=CARTESIAN_POINT('',(78.,8.45,1.59999997496174));
#7649=CARTESIAN_POINT('',(0.,8.45,1.59999997496174));
#7650=CARTESIAN_POINT('',(78.,8.,1.6));
#7651=CARTESIAN_POINT('',(78.,4.5750000445125,1.600000190569));
#7652=CARTESIAN_POINT('',(0.,8.,1.6));
#7653=CARTESIAN_POINT('Origin',(0.,8.,1.6));
#7654=CARTESIAN_POINT('',(78.,4.57500000000002,1.6));
#7655=CARTESIAN_POINT('Origin',(90.,4.90000000000002,2.));
#7656=CARTESIAN_POINT('',(87.9603921945629,2.7,8.60000014901161));
#7657=CARTESIAN_POINT('Origin',(90.,4.90000000000002,12.410511704381));
#7658=CARTESIAN_POINT('',(87.9603921945629,2.7,2.));
#7659=CARTESIAN_POINT('Origin',(0.,2.7,8.60000014901161));
#7660=CARTESIAN_POINT('',(77.0396078054371,2.7,8.60000014901161));
#7661=CARTESIAN_POINT('',(0.,2.7,8.60000014901161));
#7662=CARTESIAN_POINT('',(77.0396078054371,2.7,2.));
#7663=CARTESIAN_POINT('Origin',(90.,4.90000000000002,6.52422685642231E-17));
#7664=CARTESIAN_POINT('',(88.2,4.90000000000002,6.52422685642231E-17));
#7665=CARTESIAN_POINT('Origin',(90.,4.90000000000002,0.));
#7666=CARTESIAN_POINT('',(88.2,4.90000000000002,6.52422685642231E-17));
#7667=CARTESIAN_POINT('Origin',(78.,46.15,6.52422685642231E-17));
#7668=CARTESIAN_POINT('',(78.,53.,3.));
#7669=CARTESIAN_POINT('',(78.,53.,6.00000008940696));
#7670=CARTESIAN_POINT('',(78.,53.65,3.));
#7671=CARTESIAN_POINT('Origin',(72.,53.65,6.52422685642231E-17));
#7672=CARTESIAN_POINT('',(72.,53.,3.));
#7673=CARTESIAN_POINT('',(72.,46.15,3.));
#7674=CARTESIAN_POINT('',(72.,53.,1.6));
#7675=CARTESIAN_POINT('',(72.,53.,6.00000008940697));
#7676=CARTESIAN_POINT('',(72.,53.325,1.6));
#7677=CARTESIAN_POINT('Origin',(75.,49.9,3.));
#7678=CARTESIAN_POINT('',(37.5,53.,3.));
#7679=CARTESIAN_POINT('',(73.2,49.9,3.));
#7680=CARTESIAN_POINT('Origin',(75.,49.9,3.));
#7681=CARTESIAN_POINT('Origin',(0.,53.,1.6));
#7682=CARTESIAN_POINT('',(63.,53.,1.6));
#7683=CARTESIAN_POINT('',(0.,53.,1.6));
#7684=CARTESIAN_POINT('',(63.,49.575,1.6));
#7685=CARTESIAN_POINT('Origin',(75.,49.9,2.));
#7686=CARTESIAN_POINT('',(72.9603921945629,47.7,8.60000014901161));
#7687=CARTESIAN_POINT('Origin',(75.,49.9,12.4105117043809));
#7688=CARTESIAN_POINT('',(72.9603921945629,47.7,2.));
#7689=CARTESIAN_POINT('Origin',(0.,47.7,8.60000014901161));
#7690=CARTESIAN_POINT('',(62.0396078054371,47.7,8.60000014901161));
#7691=CARTESIAN_POINT('',(0.,47.7,8.60000014901161));
#7692=CARTESIAN_POINT('',(62.0396078054371,47.7,2.));
#7693=CARTESIAN_POINT('Origin',(75.,49.9,6.52422685642231E-17));
#7694=CARTESIAN_POINT('',(73.2,49.9,6.52422685642231E-17));
#7695=CARTESIAN_POINT('Origin',(75.,49.9,0.));
#7696=CARTESIAN_POINT('',(73.2,49.9,6.52422685642231E-17));
#7697=CARTESIAN_POINT('Origin',(72.,8.65000000000004,6.52422685642231E-17));
#7698=CARTESIAN_POINT('',(72.,8.45,1.59999997496174));
#7699=CARTESIAN_POINT('',(72.,8.45,3.));
#7700=CARTESIAN_POINT('',(72.,8.45,0.799999987480869));
#7701=CARTESIAN_POINT('',(72.,8.,1.6));
#7702=CARTESIAN_POINT('',(72.,8.32500004451247,1.59999998191681));
#7703=CARTESIAN_POINT('',(72.,8.32500000000001,1.6));
#7704=CARTESIAN_POINT('',(72.,1.15000000000004,3.));
#7705=CARTESIAN_POINT('Origin',(75.,4.90000000000004,3.));
#7706=CARTESIAN_POINT('',(78.,8.45,3.));
#7707=CARTESIAN_POINT('',(37.5,8.45,3.));
#7708=CARTESIAN_POINT('',(78.,8.65000000000004,3.));
#7709=CARTESIAN_POINT('',(73.2,4.90000000000002,3.));
#7710=CARTESIAN_POINT('Origin',(75.,4.90000000000002,3.));
#7711=CARTESIAN_POINT('Origin',(78.,1.15000000000004,6.52422685642231E-17));
#7712=CARTESIAN_POINT('',(78.,8.45,0.799999987480869));
#7713=CARTESIAN_POINT('Origin',(0.,8.,1.6));
#7714=CARTESIAN_POINT('',(63.,8.45,1.59999997496174));
#7715=CARTESIAN_POINT('',(0.,8.45,1.59999997496174));
#7716=CARTESIAN_POINT('',(63.,8.,1.6));
#7717=CARTESIAN_POINT('',(63.,4.5750000445125,1.600000190569));
#7718=CARTESIAN_POINT('',(0.,8.,1.6));
#7719=CARTESIAN_POINT('Origin',(0.,8.,1.6));
#7720=CARTESIAN_POINT('',(63.,4.57500000000002,1.6));
#7721=CARTESIAN_POINT('Origin',(75.,4.90000000000002,2.));
#7722=CARTESIAN_POINT('',(72.9603921945629,2.7,8.60000014901161));
#7723=CARTESIAN_POINT('Origin',(75.,4.90000000000002,12.410511704381));
#7724=CARTESIAN_POINT('',(72.9603921945629,2.7,2.));
#7725=CARTESIAN_POINT('Origin',(0.,2.7,8.60000014901161));
#7726=CARTESIAN_POINT('',(62.0396078054371,2.7,8.60000014901161));
#7727=CARTESIAN_POINT('',(0.,2.7,8.60000014901161));
#7728=CARTESIAN_POINT('',(62.0396078054371,2.7,2.));
#7729=CARTESIAN_POINT('Origin',(75.,4.90000000000002,6.52422685642231E-17));
#7730=CARTESIAN_POINT('',(73.2,4.90000000000002,6.52422685642231E-17));
#7731=CARTESIAN_POINT('Origin',(75.,4.90000000000002,0.));
#7732=CARTESIAN_POINT('',(73.2,4.90000000000002,6.52422685642231E-17));
#7733=CARTESIAN_POINT('Origin',(63.,46.15,6.52422685642231E-17));
#7734=CARTESIAN_POINT('',(63.,53.,3.));
#7735=CARTESIAN_POINT('',(63.,53.,6.00000008940696));
#7736=CARTESIAN_POINT('',(63.,53.65,3.));
#7737=CARTESIAN_POINT('Origin',(57.,53.65,6.52422685642231E-17));
#7738=CARTESIAN_POINT('',(57.,53.,3.));
#7739=CARTESIAN_POINT('',(57.,46.15,3.));
#7740=CARTESIAN_POINT('',(57.,53.,1.6));
#7741=CARTESIAN_POINT('',(57.,53.,6.00000008940697));
#7742=CARTESIAN_POINT('',(57.,53.325,1.6));
#7743=CARTESIAN_POINT('Origin',(60.,49.9,3.));
#7744=CARTESIAN_POINT('',(30.,53.,3.));
#7745=CARTESIAN_POINT('',(58.2,49.9,3.));
#7746=CARTESIAN_POINT('Origin',(60.,49.9,3.));
#7747=CARTESIAN_POINT('Origin',(0.,53.,1.6));
#7748=CARTESIAN_POINT('',(48.,53.,1.6));
#7749=CARTESIAN_POINT('',(0.,53.,1.6));
#7750=CARTESIAN_POINT('',(48.,49.575,1.6));
#7751=CARTESIAN_POINT('Origin',(60.,49.9,2.));
#7752=CARTESIAN_POINT('',(57.9603921945629,47.7,8.60000014901161));
#7753=CARTESIAN_POINT('Origin',(60.,49.9,12.4105117043809));
#7754=CARTESIAN_POINT('',(57.9603921945629,47.7,2.));
#7755=CARTESIAN_POINT('Origin',(0.,47.7,8.60000014901161));
#7756=CARTESIAN_POINT('',(47.0396078054371,47.7,8.60000014901161));
#7757=CARTESIAN_POINT('',(0.,47.7,8.60000014901161));
#7758=CARTESIAN_POINT('',(47.0396078054371,47.7,2.));
#7759=CARTESIAN_POINT('Origin',(60.,49.9,6.52422685642231E-17));
#7760=CARTESIAN_POINT('',(58.2,49.9,6.52422685642231E-17));
#7761=CARTESIAN_POINT('Origin',(60.,49.9,0.));
#7762=CARTESIAN_POINT('',(58.2,49.9,6.52422685642231E-17));
#7763=CARTESIAN_POINT('Origin',(57.,8.65000000000004,6.52422685642231E-17));
#7764=CARTESIAN_POINT('',(57.,8.45,1.59999997496174));
#7765=CARTESIAN_POINT('',(57.,8.45,3.));
#7766=CARTESIAN_POINT('',(57.,8.45,0.799999987480869));
#7767=CARTESIAN_POINT('',(57.,8.,1.6));
#7768=CARTESIAN_POINT('',(57.,8.32500004451247,1.59999998191681));
#7769=CARTESIAN_POINT('',(57.,8.32500000000001,1.6));
#7770=CARTESIAN_POINT('',(57.,1.15000000000004,3.));
#7771=CARTESIAN_POINT('Origin',(60.,4.90000000000004,3.));
#7772=CARTESIAN_POINT('',(63.,8.45,3.));
#7773=CARTESIAN_POINT('',(30.,8.45,3.));
#7774=CARTESIAN_POINT('',(63.,8.65000000000004,3.));
#7775=CARTESIAN_POINT('',(58.2,4.90000000000002,3.));
#7776=CARTESIAN_POINT('Origin',(60.,4.90000000000002,3.));
#7777=CARTESIAN_POINT('Origin',(63.,1.15000000000004,6.52422685642231E-17));
#7778=CARTESIAN_POINT('',(63.,8.45,0.799999987480869));
#7779=CARTESIAN_POINT('Origin',(0.,8.,1.6));
#7780=CARTESIAN_POINT('',(48.,8.45,1.59999997496174));
#7781=CARTESIAN_POINT('',(0.,8.45,1.59999997496174));
#7782=CARTESIAN_POINT('',(48.,8.,1.6));
#7783=CARTESIAN_POINT('',(48.,4.5750000445125,1.600000190569));
#7784=CARTESIAN_POINT('',(0.,8.,1.6));
#7785=CARTESIAN_POINT('Origin',(0.,8.,1.6));
#7786=CARTESIAN_POINT('',(48.,4.57500000000002,1.6));
#7787=CARTESIAN_POINT('Origin',(60.,4.90000000000002,2.));
#7788=CARTESIAN_POINT('',(57.9603921945629,2.7,8.60000014901161));
#7789=CARTESIAN_POINT('Origin',(60.,4.90000000000002,12.410511704381));
#7790=CARTESIAN_POINT('',(57.9603921945629,2.7,2.));
#7791=CARTESIAN_POINT('Origin',(0.,2.7,8.60000014901161));
#7792=CARTESIAN_POINT('',(47.0396078054371,2.7,8.60000014901161));
#7793=CARTESIAN_POINT('',(0.,2.7,8.60000014901161));
#7794=CARTESIAN_POINT('',(47.0396078054371,2.7,2.));
#7795=CARTESIAN_POINT('Origin',(60.,4.90000000000002,6.52422685642231E-17));
#7796=CARTESIAN_POINT('',(58.2,4.90000000000002,6.52422685642231E-17));
#7797=CARTESIAN_POINT('Origin',(60.,4.90000000000002,0.));
#7798=CARTESIAN_POINT('',(58.2,4.90000000000002,6.52422685642231E-17));
#7799=CARTESIAN_POINT('Origin',(48.,46.15,6.52422685642231E-17));
#7800=CARTESIAN_POINT('',(48.,53.,3.));
#7801=CARTESIAN_POINT('',(48.,53.,6.00000008940696));
#7802=CARTESIAN_POINT('',(48.,53.65,3.));
#7803=CARTESIAN_POINT('Origin',(42.,53.65,6.52422685642231E-17));
#7804=CARTESIAN_POINT('',(42.,53.,3.));
#7805=CARTESIAN_POINT('',(42.,46.15,3.));
#7806=CARTESIAN_POINT('',(42.,53.,1.6));
#7807=CARTESIAN_POINT('',(42.,53.,6.00000008940697));
#7808=CARTESIAN_POINT('',(42.,53.325,1.6));
#7809=CARTESIAN_POINT('Origin',(45.,49.9,3.));
#7810=CARTESIAN_POINT('',(22.5,53.,3.));
#7811=CARTESIAN_POINT('',(43.2,49.9,3.));
#7812=CARTESIAN_POINT('Origin',(45.,49.9,3.));
#7813=CARTESIAN_POINT('Origin',(0.,53.,1.6));
#7814=CARTESIAN_POINT('',(33.,53.,1.6));
#7815=CARTESIAN_POINT('',(0.,53.,1.6));
#7816=CARTESIAN_POINT('',(33.,49.575,1.6));
#7817=CARTESIAN_POINT('Origin',(45.,49.9,2.));
#7818=CARTESIAN_POINT('',(42.9603921945629,47.7,8.60000014901161));
#7819=CARTESIAN_POINT('Origin',(45.,49.9,12.4105117043809));
#7820=CARTESIAN_POINT('',(42.9603921945629,47.7,2.));
#7821=CARTESIAN_POINT('Origin',(0.,47.7,8.60000014901161));
#7822=CARTESIAN_POINT('',(32.0396078054371,47.7,8.60000014901161));
#7823=CARTESIAN_POINT('',(0.,47.7,8.60000014901161));
#7824=CARTESIAN_POINT('',(32.0396078054371,47.7,2.));
#7825=CARTESIAN_POINT('Origin',(45.,49.9,6.52422685642231E-17));
#7826=CARTESIAN_POINT('',(43.2,49.9,6.52422685642231E-17));
#7827=CARTESIAN_POINT('Origin',(45.,49.9,0.));
#7828=CARTESIAN_POINT('',(43.2,49.9,6.52422685642231E-17));
#7829=CARTESIAN_POINT('Origin',(42.,8.65000000000004,6.52422685642231E-17));
#7830=CARTESIAN_POINT('',(42.,8.45,1.59999997496174));
#7831=CARTESIAN_POINT('',(42.,8.45,3.));
#7832=CARTESIAN_POINT('',(42.,8.45,0.799999987480869));
#7833=CARTESIAN_POINT('',(42.,8.,1.6));
#7834=CARTESIAN_POINT('',(42.,8.32500004451248,1.59999998191681));
#7835=CARTESIAN_POINT('',(42.,8.32500000000001,1.6));
#7836=CARTESIAN_POINT('',(42.,1.15000000000004,3.));
#7837=CARTESIAN_POINT('Origin',(45.,4.90000000000004,3.));
#7838=CARTESIAN_POINT('',(48.,8.45,3.));
#7839=CARTESIAN_POINT('',(22.5,8.45,3.));
#7840=CARTESIAN_POINT('',(48.,8.65000000000004,3.));
#7841=CARTESIAN_POINT('',(43.2,4.90000000000002,3.));
#7842=CARTESIAN_POINT('Origin',(45.,4.90000000000002,3.));
#7843=CARTESIAN_POINT('Origin',(48.,1.15000000000004,6.52422685642231E-17));
#7844=CARTESIAN_POINT('',(48.,8.45,0.799999987480869));
#7845=CARTESIAN_POINT('Origin',(0.,8.,1.6));
#7846=CARTESIAN_POINT('',(33.,8.45,1.59999997496174));
#7847=CARTESIAN_POINT('',(0.,8.45,1.59999997496174));
#7848=CARTESIAN_POINT('',(33.,8.,1.6));
#7849=CARTESIAN_POINT('',(33.,4.5750000445125,1.600000190569));
#7850=CARTESIAN_POINT('',(0.,8.,1.6));
#7851=CARTESIAN_POINT('Origin',(0.,8.,1.6));
#7852=CARTESIAN_POINT('',(33.,4.57500000000002,1.6));
#7853=CARTESIAN_POINT('Origin',(45.,4.90000000000002,2.));
#7854=CARTESIAN_POINT('',(42.9603921945629,2.7,8.60000014901161));
#7855=CARTESIAN_POINT('Origin',(45.,4.90000000000002,12.410511704381));
#7856=CARTESIAN_POINT('',(42.9603921945629,2.7,2.));
#7857=CARTESIAN_POINT('Origin',(0.,2.7,8.60000014901161));
#7858=CARTESIAN_POINT('',(32.0396078054371,2.7,8.60000014901161));
#7859=CARTESIAN_POINT('',(0.,2.7,8.60000014901161));
#7860=CARTESIAN_POINT('',(32.0396078054371,2.7,2.));
#7861=CARTESIAN_POINT('Origin',(45.,4.90000000000002,6.52422685642231E-17));
#7862=CARTESIAN_POINT('',(43.2,4.90000000000002,6.52422685642231E-17));
#7863=CARTESIAN_POINT('Origin',(45.,4.90000000000002,0.));
#7864=CARTESIAN_POINT('',(43.2,4.90000000000002,6.52422685642231E-17));
#7865=CARTESIAN_POINT('Origin',(33.,46.15,6.52422685642231E-17));
#7866=CARTESIAN_POINT('',(33.,53.,3.));
#7867=CARTESIAN_POINT('',(33.,53.,6.00000008940696));
#7868=CARTESIAN_POINT('',(33.,53.65,3.));
#7869=CARTESIAN_POINT('Origin',(27.,53.65,6.52422685642231E-17));
#7870=CARTESIAN_POINT('',(27.,53.,3.));
#7871=CARTESIAN_POINT('',(27.,46.15,3.));
#7872=CARTESIAN_POINT('',(27.,53.,1.6));
#7873=CARTESIAN_POINT('',(27.,53.,6.00000008940697));
#7874=CARTESIAN_POINT('',(27.,53.325,1.6));
#7875=CARTESIAN_POINT('Origin',(30.,49.9,3.));
#7876=CARTESIAN_POINT('',(15.,53.,3.));
#7877=CARTESIAN_POINT('',(28.2,49.9,3.));
#7878=CARTESIAN_POINT('Origin',(30.,49.9,3.));
#7879=CARTESIAN_POINT('Origin',(0.,53.,1.6));
#7880=CARTESIAN_POINT('',(18.,53.,1.6));
#7881=CARTESIAN_POINT('',(0.,53.,1.6));
#7882=CARTESIAN_POINT('',(18.,49.575,1.6));
#7883=CARTESIAN_POINT('Origin',(30.,49.9,2.));
#7884=CARTESIAN_POINT('',(27.9603921945629,47.7,8.60000014901161));
#7885=CARTESIAN_POINT('Origin',(30.,49.9,12.4105117043809));
#7886=CARTESIAN_POINT('',(27.9603921945629,47.7,2.));
#7887=CARTESIAN_POINT('Origin',(0.,47.7,8.60000014901161));
#7888=CARTESIAN_POINT('',(17.0396078054371,47.7,8.60000014901161));
#7889=CARTESIAN_POINT('',(0.,47.7,8.60000014901161));
#7890=CARTESIAN_POINT('',(17.0396078054371,47.7,2.));
#7891=CARTESIAN_POINT('Origin',(30.,49.9,6.52422685642231E-17));
#7892=CARTESIAN_POINT('',(28.2,49.9,6.52422685642231E-17));
#7893=CARTESIAN_POINT('Origin',(30.,49.9,0.));
#7894=CARTESIAN_POINT('',(28.2,49.9,6.52422685642231E-17));
#7895=CARTESIAN_POINT('Origin',(27.,8.65000000000004,6.52422685642231E-17));
#7896=CARTESIAN_POINT('',(27.,8.45,1.59999997496174));
#7897=CARTESIAN_POINT('',(27.,8.45,3.));
#7898=CARTESIAN_POINT('',(27.,8.45,0.799999987480869));
#7899=CARTESIAN_POINT('',(27.,8.,1.6));
#7900=CARTESIAN_POINT('',(27.,8.32500004451248,1.59999998191681));
#7901=CARTESIAN_POINT('',(27.,8.32500000000001,1.6));
#7902=CARTESIAN_POINT('',(27.,1.15000000000004,3.));
#7903=CARTESIAN_POINT('Origin',(30.,4.90000000000004,3.));
#7904=CARTESIAN_POINT('',(33.,8.45,3.));
#7905=CARTESIAN_POINT('',(15.,8.45,3.));
#7906=CARTESIAN_POINT('',(33.,8.65000000000004,3.));
#7907=CARTESIAN_POINT('',(28.2,4.90000000000002,3.));
#7908=CARTESIAN_POINT('Origin',(30.,4.90000000000002,3.));
#7909=CARTESIAN_POINT('Origin',(33.,1.15000000000004,6.52422685642231E-17));
#7910=CARTESIAN_POINT('',(33.,8.45,0.799999987480869));
#7911=CARTESIAN_POINT('Origin',(0.,8.,1.6));
#7912=CARTESIAN_POINT('',(18.,8.45,1.59999997496174));
#7913=CARTESIAN_POINT('',(0.,8.45,1.59999997496174));
#7914=CARTESIAN_POINT('',(18.,8.,1.6));
#7915=CARTESIAN_POINT('',(18.,4.5750000445125,1.600000190569));
#7916=CARTESIAN_POINT('',(0.,8.,1.6));
#7917=CARTESIAN_POINT('Origin',(0.,8.,1.6));
#7918=CARTESIAN_POINT('',(18.,4.57500000000002,1.6));
#7919=CARTESIAN_POINT('Origin',(30.,4.90000000000002,2.));
#7920=CARTESIAN_POINT('',(27.9603921945629,2.7,8.60000014901161));
#7921=CARTESIAN_POINT('Origin',(30.,4.90000000000002,12.410511704381));
#7922=CARTESIAN_POINT('',(27.9603921945629,2.7,2.));
#7923=CARTESIAN_POINT('Origin',(0.,2.7,8.60000014901161));
#7924=CARTESIAN_POINT('',(17.0396078054371,2.7,8.60000014901161));
#7925=CARTESIAN_POINT('',(0.,2.7,8.60000014901161));
#7926=CARTESIAN_POINT('',(17.0396078054371,2.7,2.));
#7927=CARTESIAN_POINT('Origin',(30.,4.90000000000002,6.52422685642231E-17));
#7928=CARTESIAN_POINT('',(28.2,4.90000000000002,6.52422685642231E-17));
#7929=CARTESIAN_POINT('Origin',(30.,4.90000000000002,0.));
#7930=CARTESIAN_POINT('',(28.2,4.90000000000002,6.52422685642231E-17));
#7931=CARTESIAN_POINT('Origin',(18.,46.15,6.52422685642231E-17));
#7932=CARTESIAN_POINT('',(18.,53.,3.));
#7933=CARTESIAN_POINT('',(18.,53.,6.00000008940696));
#7934=CARTESIAN_POINT('',(18.,53.65,3.));
#7935=CARTESIAN_POINT('Origin',(12.,53.65,6.52422685642231E-17));
#7936=CARTESIAN_POINT('',(12.,53.,3.));
#7937=CARTESIAN_POINT('',(12.,46.15,3.));
#7938=CARTESIAN_POINT('',(12.,53.,1.6));
#7939=CARTESIAN_POINT('',(12.,53.,6.00000008940697));
#7940=CARTESIAN_POINT('',(12.,53.325,1.6));
#7941=CARTESIAN_POINT('Origin',(15.,49.9,3.));
#7942=CARTESIAN_POINT('',(7.5,53.,3.));
#7943=CARTESIAN_POINT('',(13.2,49.9,3.));
#7944=CARTESIAN_POINT('Origin',(15.,49.9,3.));
#7945=CARTESIAN_POINT('Origin',(0.,53.,1.6));
#7946=CARTESIAN_POINT('',(0.,53.,1.6));
#7947=CARTESIAN_POINT('',(0.,53.,1.6));
#7948=CARTESIAN_POINT('',(0.,46.8,1.6));
#7949=CARTESIAN_POINT('Origin',(15.,49.9,2.));
#7950=CARTESIAN_POINT('',(12.9603921945629,47.7,8.60000014901161));
#7951=CARTESIAN_POINT('Origin',(15.,49.9,12.4105117043809));
#7952=CARTESIAN_POINT('',(12.9603921945629,47.7,2.));
#7953=CARTESIAN_POINT('Origin',(0.,46.8,7.04115451272417));
#7954=CARTESIAN_POINT('',(120.,47.7,8.60000014901161));
#7955=CARTESIAN_POINT('',(0.,47.7,8.60000014901161));
#7956=CARTESIAN_POINT('',(120.,47.4645032074706,8.19210776301805));
#7957=CARTESIAN_POINT('',(0.,47.7,8.60000014901161));
#7958=CARTESIAN_POINT('',(0.,44.1495832372559,2.45049828500552));
#7959=CARTESIAN_POINT('',(0.,47.7,8.60000014901161));
#7960=CARTESIAN_POINT('Origin',(0.,47.7,8.60000014901161));
#7961=CARTESIAN_POINT('',(120.,47.7,9.20000014901161));
#7962=CARTESIAN_POINT('',(90.0500000000007,47.7,39.1500001490116));
#7963=CARTESIAN_POINT('',(120.,47.7,8.46028873993975));
#7964=CARTESIAN_POINT('Origin',(15.,49.9,6.52422685642231E-17));
#7965=CARTESIAN_POINT('',(13.2,49.9,6.52422685642231E-17));
#7966=CARTESIAN_POINT('Origin',(15.,49.9,0.));
#7967=CARTESIAN_POINT('',(13.2,49.9,6.52422685642231E-17));
#7968=CARTESIAN_POINT('Origin',(12.,8.65000000000004,6.52422685642231E-17));
#7969=CARTESIAN_POINT('',(12.,8.45,1.59999997496174));
#7970=CARTESIAN_POINT('',(12.,8.45,3.));
#7971=CARTESIAN_POINT('',(12.,8.45,0.799999987480869));
#7972=CARTESIAN_POINT('',(12.,8.,1.6));
#7973=CARTESIAN_POINT('',(12.,8.32500004451248,1.59999998191681));
#7974=CARTESIAN_POINT('',(12.,8.32500000000002,1.6));
#7975=CARTESIAN_POINT('',(12.,1.15000000000004,3.));
#7976=CARTESIAN_POINT('Origin',(15.,4.90000000000004,3.));
#7977=CARTESIAN_POINT('',(18.,8.45,3.));
#7978=CARTESIAN_POINT('',(7.5,8.45,3.));
#7979=CARTESIAN_POINT('',(18.,8.65000000000004,3.));
#7980=CARTESIAN_POINT('',(13.2,4.90000000000002,3.));
#7981=CARTESIAN_POINT('Origin',(15.,4.90000000000002,3.));
#7982=CARTESIAN_POINT('Origin',(18.,1.15000000000004,6.52422685642231E-17));
#7983=CARTESIAN_POINT('',(18.,8.45,0.799999987480869));
#7984=CARTESIAN_POINT('Origin',(0.,8.,1.6));
#7985=CARTESIAN_POINT('',(0.,8.45,1.59999997496174));
#7986=CARTESIAN_POINT('',(0.,8.45,1.59999997496174));
#7987=CARTESIAN_POINT('',(0.,8.,1.6));
#7988=CARTESIAN_POINT('',(0.,17.6999998775907,1.59999946028635));
#7989=CARTESIAN_POINT('',(0.,8.,1.6));
#7990=CARTESIAN_POINT('Origin',(0.,8.,1.6));
#7991=CARTESIAN_POINT('',(0.,1.8,1.6));
#7992=CARTESIAN_POINT('Origin',(15.,4.90000000000002,2.));
#7993=CARTESIAN_POINT('',(12.9603921945629,2.7,8.60000014901161));
#7994=CARTESIAN_POINT('Origin',(15.,4.90000000000002,12.410511704381));
#7995=CARTESIAN_POINT('',(12.9603921945629,2.7,2.));
#7996=CARTESIAN_POINT('Origin',(0.,1.8,7.04115451272417));
#7997=CARTESIAN_POINT('',(120.,2.7,8.60000014901161));
#7998=CARTESIAN_POINT('',(0.,2.7,8.60000014901161));
#7999=CARTESIAN_POINT('',(120.,2.46450320747056,8.19210776301805));
#8000=CARTESIAN_POINT('',(0.,2.7,8.60000014901161));
#8001=CARTESIAN_POINT('',(0.,2.7,8.60000014901161));
#8002=CARTESIAN_POINT('',(0.,2.7,8.60000014901161));
#8003=CARTESIAN_POINT('Origin',(0.,2.7,8.60000014901161));
#8004=CARTESIAN_POINT('',(120.,2.7,9.20000014901161));
#8005=CARTESIAN_POINT('',(90.0500000000007,2.7,39.1500001490116));
#8006=CARTESIAN_POINT('',(120.,2.7,8.46028873993975));
#8007=CARTESIAN_POINT('Origin',(15.,4.90000000000002,6.52422685642231E-17));
#8008=CARTESIAN_POINT('',(13.2,4.90000000000002,6.52422685642231E-17));
#8009=CARTESIAN_POINT('Origin',(15.,4.90000000000002,0.));
#8010=CARTESIAN_POINT('',(13.2,4.90000000000002,6.52422685642231E-17));
#8011=CARTESIAN_POINT('Origin',(0.,17.,1.6));
#8012=CARTESIAN_POINT('',(120.,17.45,1.59999997496174));
#8013=CARTESIAN_POINT('',(120.,17.,1.6));
#8014=CARTESIAN_POINT('',(120.,22.1999998775907,1.59999971066897));
#8015=CARTESIAN_POINT('',(0.,17.45,1.59999997496174));
#8016=CARTESIAN_POINT('',(0.,17.45,1.59999997496174));
#8017=CARTESIAN_POINT('',(0.,17.,1.6));
#8018=CARTESIAN_POINT('',(0.,22.1999998775907,1.59999971066897));
#8019=CARTESIAN_POINT('',(0.,17.,1.6));
#8020=CARTESIAN_POINT('Origin',(0.,17.45,7.82057733086789));
#8021=CARTESIAN_POINT('',(120.,17.,8.60000014901161));
#8022=CARTESIAN_POINT('',(120.,17.45,7.82057733086789));
#8023=CARTESIAN_POINT('',(120.,19.0879166549489,4.9836226306795));
#8024=CARTESIAN_POINT('',(0.,17.,8.60000014901161));
#8025=CARTESIAN_POINT('',(0.,17.,8.6000001490116));
#8026=CARTESIAN_POINT('',(0.,17.45,7.82057733086789));
#8027=CARTESIAN_POINT('',(0.,19.0879166549489,4.9836226306795));
#8028=CARTESIAN_POINT('',(0.,17.45,7.82057733086789));
#8029=CARTESIAN_POINT('Origin',(0.,17.45,1.59999997496174));
#8030=CARTESIAN_POINT('',(120.,17.45,3.80000003218435));
#8031=CARTESIAN_POINT('',(0.,17.45,3.80000003218435));
#8032=CARTESIAN_POINT('Origin',(0.,35.,1.6));
#8033=CARTESIAN_POINT('',(120.,35.45,1.59999997496174));
#8034=CARTESIAN_POINT('',(120.,35.,1.6));
#8035=CARTESIAN_POINT('',(120.,31.1999998775907,1.60000021143422));
#8036=CARTESIAN_POINT('',(0.,35.45,1.59999997496174));
#8037=CARTESIAN_POINT('',(0.,35.45,1.59999997496174));
#8038=CARTESIAN_POINT('',(0.,35.,1.6));
#8039=CARTESIAN_POINT('',(0.,31.1999998775907,1.60000021143422));
#8040=CARTESIAN_POINT('',(0.,35.,1.6));
#8041=CARTESIAN_POINT('Origin',(0.,35.45,7.82057733086789));
#8042=CARTESIAN_POINT('',(120.,35.,8.60000014901161));
#8043=CARTESIAN_POINT('',(120.,35.45,7.82057733086789));
#8044=CARTESIAN_POINT('',(120.,34.8379164589574,8.88073706086517));
#8045=CARTESIAN_POINT('',(0.,35.,8.60000014901161));
#8046=CARTESIAN_POINT('',(0.,35.,8.60000014901162));
#8047=CARTESIAN_POINT('',(0.,35.45,7.82057733086789));
#8048=CARTESIAN_POINT('',(0.,34.8379164589574,8.88073706086517));
#8049=CARTESIAN_POINT('',(0.,35.45,7.82057733086789));
#8050=CARTESIAN_POINT('Origin',(0.,35.45,1.59999997496174));
#8051=CARTESIAN_POINT('',(120.,35.45,3.80000003218435));
#8052=CARTESIAN_POINT('',(0.,35.45,3.80000003218435));
#8053=CARTESIAN_POINT('Origin',(0.,28.35,6.26173169458045));
#8054=CARTESIAN_POINT('',(120.,28.35,1.6));
#8055=CARTESIAN_POINT('',(120.,28.35,6.26173169458045));
#8056=CARTESIAN_POINT('',(120.,28.35,6.13086589199371));
#8057=CARTESIAN_POINT('',(0.,28.35,1.6));
#8058=CARTESIAN_POINT('',(0.,28.35,1.6));
#8059=CARTESIAN_POINT('',(0.,28.35,6.26173169458045));
#8060=CARTESIAN_POINT('',(0.,28.35,6.13086589199371));
#8061=CARTESIAN_POINT('',(0.,28.35,6.26173169458045));
#8062=CARTESIAN_POINT('Origin',(0.,10.35,6.26173169458045));
#8063=CARTESIAN_POINT('',(120.,10.35,1.6));
#8064=CARTESIAN_POINT('',(120.,10.35,6.26173169458045));
#8065=CARTESIAN_POINT('',(120.,10.35,6.13086589199371));
#8066=CARTESIAN_POINT('',(0.,10.35,1.6));
#8067=CARTESIAN_POINT('',(0.,10.35,1.6));
#8068=CARTESIAN_POINT('',(0.,10.35,6.26173169458045));
#8069=CARTESIAN_POINT('',(0.,10.35,6.13086589199371));
#8070=CARTESIAN_POINT('',(0.,10.35,6.26173169458045));
#8071=CARTESIAN_POINT('Origin',(0.,19.35,6.26173169458045));
#8072=CARTESIAN_POINT('',(120.,19.35,1.6));
#8073=CARTESIAN_POINT('',(120.,19.35,6.26173169458045));
#8074=CARTESIAN_POINT('',(120.,19.35,6.13086589199371));
#8075=CARTESIAN_POINT('',(0.,19.35,1.6));
#8076=CARTESIAN_POINT('',(0.,19.35,1.6));
#8077=CARTESIAN_POINT('',(0.,19.35,6.26173169458045));
#8078=CARTESIAN_POINT('',(0.,19.35,6.13086589199371));
#8079=CARTESIAN_POINT('',(0.,19.35,6.26173169458045));
#8080=CARTESIAN_POINT('Origin',(0.,37.35,6.26173169458045));
#8081=CARTESIAN_POINT('',(120.,37.35,1.6));
#8082=CARTESIAN_POINT('',(120.,37.35,6.26173169458045));
#8083=CARTESIAN_POINT('',(120.,37.35,6.13086589199371));
#8084=CARTESIAN_POINT('',(0.,37.35,1.6));
#8085=CARTESIAN_POINT('',(0.,37.35,1.6));
#8086=CARTESIAN_POINT('',(0.,37.35,6.26173169458045));
#8087=CARTESIAN_POINT('',(0.,37.35,6.13086589199371));
#8088=CARTESIAN_POINT('',(0.,37.35,6.26173169458045));
#8089=CARTESIAN_POINT('Origin',(0.,44.,1.6));
#8090=CARTESIAN_POINT('',(120.,44.45,1.59999997496174));
#8091=CARTESIAN_POINT('',(120.,44.,1.6));
#8092=CARTESIAN_POINT('',(120.,35.6999998775907,1.60000046181685));
#8093=CARTESIAN_POINT('',(0.,44.45,1.59999997496174));
#8094=CARTESIAN_POINT('',(0.,44.45,1.59999997496174));
#8095=CARTESIAN_POINT('',(0.,44.,1.6));
#8096=CARTESIAN_POINT('',(0.,35.6999998775907,1.60000046181685));
#8097=CARTESIAN_POINT('',(0.,44.,1.6));
#8098=CARTESIAN_POINT('Origin',(0.,44.45,7.82057733086789));
#8099=CARTESIAN_POINT('',(120.,44.,8.60000014901161));
#8100=CARTESIAN_POINT('',(120.,44.45,7.82057733086789));
#8101=CARTESIAN_POINT('',(120.,42.7129163609618,10.829294275958));
#8102=CARTESIAN_POINT('',(0.,44.,8.60000014901161));
#8103=CARTESIAN_POINT('',(0.,44.,8.6000001490116));
#8104=CARTESIAN_POINT('',(0.,44.45,7.82057733086789));
#8105=CARTESIAN_POINT('',(0.,42.7129163609618,10.829294275958));
#8106=CARTESIAN_POINT('',(0.,44.45,7.82057733086789));
#8107=CARTESIAN_POINT('Origin',(0.,44.45,1.59999997496174));
#8108=CARTESIAN_POINT('',(120.,44.45,3.80000003218435));
#8109=CARTESIAN_POINT('',(0.,44.45,3.80000003218435));
#8110=CARTESIAN_POINT('Origin',(0.,26.,1.6));
#8111=CARTESIAN_POINT('',(120.,26.45,1.59999997496174));
#8112=CARTESIAN_POINT('',(120.,26.,1.6));
#8113=CARTESIAN_POINT('',(120.,26.6999998775907,1.5999999610516));
#8114=CARTESIAN_POINT('',(0.,26.45,1.59999997496174));
#8115=CARTESIAN_POINT('',(0.,26.45,1.59999997496174));
#8116=CARTESIAN_POINT('',(0.,26.,1.6));
#8117=CARTESIAN_POINT('',(0.,26.6999998775907,1.5999999610516));
#8118=CARTESIAN_POINT('',(0.,26.,1.6));
#8119=CARTESIAN_POINT('Origin',(0.,26.45,7.82057733086789));
#8120=CARTESIAN_POINT('',(120.,26.,8.60000014901161));
#8121=CARTESIAN_POINT('',(120.,26.45,7.82057733086789));
#8122=CARTESIAN_POINT('',(120.,26.9629165569532,6.93217984577233));
#8123=CARTESIAN_POINT('',(0.,26.,8.60000014901161));
#8124=CARTESIAN_POINT('',(0.,26.,8.60000014901162));
#8125=CARTESIAN_POINT('',(0.,26.45,7.82057733086789));
#8126=CARTESIAN_POINT('',(0.,26.9629165569532,6.93217984577233));
#8127=CARTESIAN_POINT('',(0.,26.45,7.82057733086789));
#8128=CARTESIAN_POINT('Origin',(0.,26.45,1.59999997496174));
#8129=CARTESIAN_POINT('',(120.,26.45,3.80000003218435));
#8130=CARTESIAN_POINT('',(0.,26.45,3.80000003218435));
#8131=CARTESIAN_POINT('Origin',(0.,8.45,1.59999997496174));
#8132=CARTESIAN_POINT('',(120.,8.45,7.82057733086789));
#8133=CARTESIAN_POINT('',(120.,8.45,3.80000003218435));
#8134=CARTESIAN_POINT('',(0.,8.45,7.82057733086789));
#8135=CARTESIAN_POINT('',(0.,8.45,7.82057733086789));
#8136=CARTESIAN_POINT('',(0.,8.45,3.80000003218435));
#8137=CARTESIAN_POINT('Origin',(0.,8.45,7.82057733086789));
#8138=CARTESIAN_POINT('',(120.,8.,8.60000014901161));
#8139=CARTESIAN_POINT('',(120.,11.2129167529446,3.03506541558667));
#8140=CARTESIAN_POINT('',(0.,8.,8.60000014901161));
#8141=CARTESIAN_POINT('',(0.,8.,8.60000014901161));
#8142=CARTESIAN_POINT('',(0.,11.2129167529446,3.03506541558667));
#8143=CARTESIAN_POINT('Origin',(0.,27.4,6.00000008940697));
#8144=CARTESIAN_POINT('',(0.,16.9,9.00000014901161));
#8145=CARTESIAN_POINT('',(0.,16.9,9.00000014901161));
#8146=CARTESIAN_POINT('',(0.,16.9,9.20000014901161));
#8147=CARTESIAN_POINT('',(0.,16.9,9.60000014901161));
#8148=CARTESIAN_POINT('',(0.,17.9,9.20000014901162));
#8149=CARTESIAN_POINT('',(0.,22.2,9.20000014901166));
#8150=CARTESIAN_POINT('',(0.,17.9,10.5656855739609));
#8151=CARTESIAN_POINT('',(0.,17.9,7.80000011920929));
#8152=CARTESIAN_POINT('',(0.,17.,11.4656855739609));
#8153=CARTESIAN_POINT('',(0.,21.5578427273758,6.90784284658506));
#8154=CARTESIAN_POINT('',(0.,17.,12.0000001788139));
#8155=CARTESIAN_POINT('',(0.,17.,1.6));
#8156=CARTESIAN_POINT('',(0.,19.8,12.0000001788139));
#8157=CARTESIAN_POINT('',(0.,17.,12.0000001788139));
#8158=CARTESIAN_POINT('',(0.,19.8,11.4656855739609));
#8159=CARTESIAN_POINT('',(0.,19.8,12.0000001788139));
#8160=CARTESIAN_POINT('',(0.,18.9,10.5656855739609));
#8161=CARTESIAN_POINT('',(0.,20.1921572726242,11.8578428465851));
#8162=CARTESIAN_POINT('',(0.,18.9,9.20000014901161));
#8163=CARTESIAN_POINT('',(0.,18.9,8.00000011920929));
#8164=CARTESIAN_POINT('',(0.,20.7,9.20000014901161));
#8165=CARTESIAN_POINT('',(0.,24.05,9.20000014901161));
#8166=CARTESIAN_POINT('',(0.,20.7,8.60000014901161));
#8167=CARTESIAN_POINT('',(0.,20.7,9.60000014901161));
#8168=CARTESIAN_POINT('',(0.,20.524583531243,8.29616993028402));
#8169=CARTESIAN_POINT('',(0.,19.8,1.6));
#8170=CARTESIAN_POINT('',(0.,25.9,9.00000014901161));
#8171=CARTESIAN_POINT('',(0.,25.9,9.00000014901161));
#8172=CARTESIAN_POINT('',(0.,25.9,9.20000014901161));
#8173=CARTESIAN_POINT('',(0.,25.9,9.60000014901161));
#8174=CARTESIAN_POINT('',(0.,26.9,9.20000014901162));
#8175=CARTESIAN_POINT('',(0.,26.7,9.20000014901161));
#8176=CARTESIAN_POINT('',(0.,26.9,10.5656855739609));
#8177=CARTESIAN_POINT('',(0.,26.9,7.80000011920929));
#8178=CARTESIAN_POINT('',(0.,26.,11.4656855739609));
#8179=CARTESIAN_POINT('',(0.,28.3078427273758,9.15784284658506));
#8180=CARTESIAN_POINT('',(0.,26.,12.0000001788139));
#8181=CARTESIAN_POINT('',(0.,26.,1.6));
#8182=CARTESIAN_POINT('',(0.,28.8,12.0000001788139));
#8183=CARTESIAN_POINT('',(0.,26.,12.0000001788139));
#8184=CARTESIAN_POINT('',(0.,28.8,11.4656855739609));
#8185=CARTESIAN_POINT('',(0.,28.8,12.0000001788139));
#8186=CARTESIAN_POINT('',(0.,27.9,10.5656855739608));
#8187=CARTESIAN_POINT('',(0.,26.9421572726242,9.60784284658506));
#8188=CARTESIAN_POINT('',(0.,27.9,9.20000014901161));
#8189=CARTESIAN_POINT('',(0.,27.9,8.00000011920929));
#8190=CARTESIAN_POINT('',(0.,29.7,9.20000014901161));
#8191=CARTESIAN_POINT('',(0.,28.55,9.20000014901161));
#8192=CARTESIAN_POINT('',(0.,29.7,8.60000014901161));
#8193=CARTESIAN_POINT('',(0.,29.7,9.60000014901161));
#8194=CARTESIAN_POINT('',(0.,28.3995834332473,6.34761271519119));
#8195=CARTESIAN_POINT('',(0.,28.8,1.6));
#8196=CARTESIAN_POINT('',(0.,34.9,9.00000014901161));
#8197=CARTESIAN_POINT('',(0.,34.9,9.00000014901161));
#8198=CARTESIAN_POINT('',(0.,34.9,9.20000014901161));
#8199=CARTESIAN_POINT('',(0.,34.9,9.60000014901161));
#8200=CARTESIAN_POINT('',(0.,35.9,9.20000014901162));
#8201=CARTESIAN_POINT('',(0.,31.2,9.20000014901157));
#8202=CARTESIAN_POINT('',(0.,35.9,10.5656855739609));
#8203=CARTESIAN_POINT('',(0.,35.9,7.80000011920929));
#8204=CARTESIAN_POINT('',(0.,35.,11.4656855739609));
#8205=CARTESIAN_POINT('',(0.,35.0578427273758,11.4078428465851));
#8206=CARTESIAN_POINT('',(0.,35.,12.0000001788139));
#8207=CARTESIAN_POINT('',(0.,35.,1.6));
#8208=CARTESIAN_POINT('',(0.,37.8,12.0000001788139));
#8209=CARTESIAN_POINT('',(0.,35.,12.0000001788139));
#8210=CARTESIAN_POINT('',(0.,37.8,11.4656855739609));
#8211=CARTESIAN_POINT('',(0.,37.8,12.0000001788139));
#8212=CARTESIAN_POINT('',(0.,36.9,10.5656855739608));
#8213=CARTESIAN_POINT('',(0.,33.6921572726242,7.35784284658506));
#8214=CARTESIAN_POINT('',(0.,36.9,9.20000014901161));
#8215=CARTESIAN_POINT('',(0.,36.9,8.00000011920929));
#8216=CARTESIAN_POINT('',(0.,38.7,9.20000014901161));
#8217=CARTESIAN_POINT('',(0.,33.05,9.20000014901161));
#8218=CARTESIAN_POINT('',(0.,38.7,8.60000014901161));
#8219=CARTESIAN_POINT('',(0.,38.7,9.60000014901161));
#8220=CARTESIAN_POINT('',(0.,36.2745833352516,4.39905550009835));
#8221=CARTESIAN_POINT('',(0.,37.8,1.6));
#8222=CARTESIAN_POINT('',(0.,43.9,9.00000014901161));
#8223=CARTESIAN_POINT('',(0.,43.9,9.00000014901161));
#8224=CARTESIAN_POINT('',(0.,43.9,9.20000014901161));
#8225=CARTESIAN_POINT('',(0.,43.9,9.60000014901161));
#8226=CARTESIAN_POINT('',(0.,44.9,9.20000014901162));
#8227=CARTESIAN_POINT('',(0.,35.7,9.20000014901152));
#8228=CARTESIAN_POINT('',(0.,44.9,10.5656855739609));
#8229=CARTESIAN_POINT('',(0.,44.9,7.80000011920929));
#8230=CARTESIAN_POINT('',(0.,44.,11.4656855739609));
#8231=CARTESIAN_POINT('',(0.,41.8078427273758,13.6578428465851));
#8232=CARTESIAN_POINT('',(0.,44.,12.0000001788139));
#8233=CARTESIAN_POINT('',(0.,44.,1.6));
#8234=CARTESIAN_POINT('',(0.,46.8,12.0000001788139));
#8235=CARTESIAN_POINT('',(0.,44.,12.0000001788139));
#8236=CARTESIAN_POINT('',(0.,46.8,11.4656855739609));
#8237=CARTESIAN_POINT('',(0.,46.8,12.0000001788139));
#8238=CARTESIAN_POINT('',(0.,45.9,10.5656855739609));
#8239=CARTESIAN_POINT('',(0.,40.4421572726243,5.10784284658507));
#8240=CARTESIAN_POINT('',(0.,45.9,9.20000014901161));
#8241=CARTESIAN_POINT('',(0.,45.9,8.00000011920929));
#8242=CARTESIAN_POINT('',(0.,47.7,9.20000014901161));
#8243=CARTESIAN_POINT('',(0.,37.55,9.20000014901161));
#8244=CARTESIAN_POINT('',(0.,47.7,9.60000014901161));
#8245=CARTESIAN_POINT('',(0.,53.,8.60000014901161));
#8246=CARTESIAN_POINT('',(0.,53.,1.6));
#8247=CARTESIAN_POINT('',(0.,52.9,9.00000014901161));
#8248=CARTESIAN_POINT('',(0.,52.9,9.00000014901161));
#8249=CARTESIAN_POINT('',(0.,52.9,9.20000014901161));
#8250=CARTESIAN_POINT('',(0.,52.9,9.60000014901161));
#8251=CARTESIAN_POINT('',(0.,53.9,9.20000014901162));
#8252=CARTESIAN_POINT('',(0.,40.2,9.20000014901147));
#8253=CARTESIAN_POINT('',(0.,53.9,10.5656855739609));
#8254=CARTESIAN_POINT('',(0.,53.9,7.80000011920929));
#8255=CARTESIAN_POINT('',(0.,53.,11.4656855739609));
#8256=CARTESIAN_POINT('',(0.,48.5578427273758,15.9078428465851));
#8257=CARTESIAN_POINT('',(0.,53.,12.0000001788139));
#8258=CARTESIAN_POINT('',(0.,53.,1.6));
#8259=CARTESIAN_POINT('',(0.,54.3,12.0000001788139));
#8260=CARTESIAN_POINT('',(0.,53.,12.0000001788139));
#8261=CARTESIAN_POINT('',(0.,54.8,11.5000001788139));
#8262=CARTESIAN_POINT('',(0.,49.2000000223518,17.1000001564622));
#8263=CARTESIAN_POINT('',(0.,54.8,0.));
#8264=CARTESIAN_POINT('',(0.,54.8,12.0000001788139));
#8265=CARTESIAN_POINT('',(0.,0.,0.));
#8266=CARTESIAN_POINT('',(0.,0.,0.));
#8267=CARTESIAN_POINT('',(0.,7.04171909509728E-16,11.5));
#8268=CARTESIAN_POINT('',(0.,0.,0.));
#8269=CARTESIAN_POINT('',(0.,0.499999999999999,12.0000000496705));
#8270=CARTESIAN_POINT('',(0.,5.59999934186539,17.0999998981754));
#8271=CARTESIAN_POINT('',(0.,1.8,12.0000001788139));
#8272=CARTESIAN_POINT('',(0.,7.34788079488412E-16,12.));
#8273=CARTESIAN_POINT('',(0.,1.8,11.4656855739609));
#8274=CARTESIAN_POINT('',(0.,1.8,12.0000001788139));
#8275=CARTESIAN_POINT('',(0.,0.899999999999999,10.5656855739609));
#8276=CARTESIAN_POINT('',(0.,6.69215727262417,16.3578428465851));
#8277=CARTESIAN_POINT('',(0.,0.900000000000001,9.20000014901161));
#8278=CARTESIAN_POINT('',(0.,0.899999999999999,8.00000011920929));
#8279=CARTESIAN_POINT('',(0.,2.7,9.20000014901161));
#8280=CARTESIAN_POINT('',(0.,15.05,9.20000014901161));
#8281=CARTESIAN_POINT('',(0.,2.7,9.60000014901161));
#8282=CARTESIAN_POINT('',(0.,7.9,9.00000014901161));
#8283=CARTESIAN_POINT('',(0.,7.9,9.00000014901161));
#8284=CARTESIAN_POINT('',(0.,7.9,9.20000014901161));
#8285=CARTESIAN_POINT('',(0.,7.9,9.60000014901161));
#8286=CARTESIAN_POINT('',(0.,8.9,9.20000014901162));
#8287=CARTESIAN_POINT('',(0.,17.7,9.20000014901171));
#8288=CARTESIAN_POINT('',(0.,8.9,10.5656855739609));
#8289=CARTESIAN_POINT('',(0.,8.9,7.80000011920929));
#8290=CARTESIAN_POINT('',(0.,8.,11.4656855739609));
#8291=CARTESIAN_POINT('',(0.,14.8078427273757,4.65784284658506));
#8292=CARTESIAN_POINT('',(0.,8.,12.0000001788139));
#8293=CARTESIAN_POINT('',(0.,8.,1.6));
#8294=CARTESIAN_POINT('',(0.,10.8,12.0000001788139));
#8295=CARTESIAN_POINT('',(0.,8.,12.0000001788139));
#8296=CARTESIAN_POINT('',(0.,10.8,11.4656855739609));
#8297=CARTESIAN_POINT('',(0.,10.8,12.0000001788139));
#8298=CARTESIAN_POINT('',(0.,9.9,10.5656855739609));
#8299=CARTESIAN_POINT('',(0.,13.4421572726242,14.1078428465851));
#8300=CARTESIAN_POINT('',(0.,9.9,9.20000014901161));
#8301=CARTESIAN_POINT('',(0.,9.9,8.00000011920929));
#8302=CARTESIAN_POINT('',(0.,11.7,9.20000014901161));
#8303=CARTESIAN_POINT('',(0.,19.55,9.20000014901161));
#8304=CARTESIAN_POINT('',(0.,11.7,8.60000014901161));
#8305=CARTESIAN_POINT('',(0.,11.7,9.60000014901161));
#8306=CARTESIAN_POINT('',(0.,12.6495836292387,10.2447271453769));
#8307=CARTESIAN_POINT('',(0.,10.8,1.6));
#8308=CARTESIAN_POINT('Origin',(0.,0.25,11.7500000248353));
#8309=CARTESIAN_POINT('',(120.,7.04171909509728E-16,11.5));
#8310=CARTESIAN_POINT('',(120.,0.499999999999999,12.0000000496705));
#8311=CARTESIAN_POINT('',(120.,5.59999934186539,17.0999998981754));
#8312=CARTESIAN_POINT('',(0.,0.499999999999998,12.0000000496705));
#8313=CARTESIAN_POINT('',(0.,7.63278329429795E-16,11.5));
#8314=CARTESIAN_POINT('Origin',(0.,1.8,12.0000001788139));
#8315=CARTESIAN_POINT('',(120.,1.8,12.0000001788139));
#8316=CARTESIAN_POINT('',(120.,7.34788079488412E-16,12.));
#8317=CARTESIAN_POINT('',(0.,1.8,12.0000001788139));
#8318=CARTESIAN_POINT('Origin',(120.,27.4,6.00000008940697));
#8319=CARTESIAN_POINT('',(120.,10.8,1.6));
#8320=CARTESIAN_POINT('',(120.,11.7,8.60000014901161));
#8321=CARTESIAN_POINT('',(120.,11.4645032074706,8.19210776301805));
#8322=CARTESIAN_POINT('',(120.,11.7,9.20000014901161));
#8323=CARTESIAN_POINT('',(120.,11.7,8.46028873993975));
#8324=CARTESIAN_POINT('',(120.,9.9,9.20000014901161));
#8325=CARTESIAN_POINT('',(120.,19.55,9.20000014901161));
#8326=CARTESIAN_POINT('',(120.,9.9,10.5656855739609));
#8327=CARTESIAN_POINT('',(120.,9.9,8.00000011920929));
#8328=CARTESIAN_POINT('',(120.,10.8,11.4656855739609));
#8329=CARTESIAN_POINT('',(120.,13.4421572726242,14.1078428465851));
#8330=CARTESIAN_POINT('',(120.,10.8,12.0000001788139));
#8331=CARTESIAN_POINT('',(120.,10.8,12.0000001788139));
#8332=CARTESIAN_POINT('',(120.,8.,12.0000001788139));
#8333=CARTESIAN_POINT('',(120.,8.,12.0000001788139));
#8334=CARTESIAN_POINT('',(120.,8.,11.4656855739609));
#8335=CARTESIAN_POINT('',(120.,8.,1.6));
#8336=CARTESIAN_POINT('',(120.,8.9,10.5656855739609));
#8337=CARTESIAN_POINT('',(120.,14.8078427273757,4.65784284658506));
#8338=CARTESIAN_POINT('',(120.,8.9,9.20000014901162));
#8339=CARTESIAN_POINT('',(120.,8.9,7.80000011920929));
#8340=CARTESIAN_POINT('',(120.,7.9,9.20000014901161));
#8341=CARTESIAN_POINT('',(120.,17.7,9.20000014901172));
#8342=CARTESIAN_POINT('',(120.,7.9,9.00000014901161));
#8343=CARTESIAN_POINT('',(120.,7.9,8.96028873993975));
#8344=CARTESIAN_POINT('',(120.,7.89169680213456,9.03321294047338));
#8345=CARTESIAN_POINT('',(120.,0.900000000000001,9.20000014901161));
#8346=CARTESIAN_POINT('',(120.,15.05,9.20000014901161));
#8347=CARTESIAN_POINT('',(120.,0.899999999999999,10.5656855739609));
#8348=CARTESIAN_POINT('',(120.,0.899999999999999,8.00000011920929));
#8349=CARTESIAN_POINT('',(120.,1.8,11.4656855739609));
#8350=CARTESIAN_POINT('',(120.,6.69215727262417,16.3578428465851));
#8351=CARTESIAN_POINT('',(120.,1.8,12.0000001788139));
#8352=CARTESIAN_POINT('',(120.,0.,0.));
#8353=CARTESIAN_POINT('',(120.,0.,0.));
#8354=CARTESIAN_POINT('',(120.,54.8,0.));
#8355=CARTESIAN_POINT('',(120.,0.,0.));
#8356=CARTESIAN_POINT('',(120.,54.8,11.5000001788139));
#8357=CARTESIAN_POINT('',(120.,54.8,12.0000001788139));
#8358=CARTESIAN_POINT('',(120.,54.3,12.0000001788139));
#8359=CARTESIAN_POINT('',(120.,49.2000000223518,17.1000001564622));
#8360=CARTESIAN_POINT('',(120.,53.,12.0000001788139));
#8361=CARTESIAN_POINT('',(120.,53.,12.0000001788139));
#8362=CARTESIAN_POINT('',(120.,53.,11.4656855739609));
#8363=CARTESIAN_POINT('',(120.,53.,1.6));
#8364=CARTESIAN_POINT('',(120.,53.9,10.5656855739609));
#8365=CARTESIAN_POINT('',(120.,48.5578427273758,15.9078428465851));
#8366=CARTESIAN_POINT('',(120.,53.9,9.20000014901162));
#8367=CARTESIAN_POINT('',(120.,53.9,7.80000011920929));
#8368=CARTESIAN_POINT('',(120.,52.9,9.20000014901161));
#8369=CARTESIAN_POINT('',(120.,40.2,9.20000014901147));
#8370=CARTESIAN_POINT('',(120.,52.9,9.00000014901161));
#8371=CARTESIAN_POINT('',(120.,52.9,8.96028873993975));
#8372=CARTESIAN_POINT('',(120.,53.,8.60000014901161));
#8373=CARTESIAN_POINT('',(120.,52.8916968021346,9.03321294047338));
#8374=CARTESIAN_POINT('',(120.,53.,1.6));
#8375=CARTESIAN_POINT('',(120.,53.,1.6));
#8376=CARTESIAN_POINT('',(120.,46.8,1.6));
#8377=CARTESIAN_POINT('',(120.,45.9,9.20000014901161));
#8378=CARTESIAN_POINT('',(120.,37.55,9.20000014901161));
#8379=CARTESIAN_POINT('',(120.,45.9,10.5656855739609));
#8380=CARTESIAN_POINT('',(120.,45.9,8.00000011920929));
#8381=CARTESIAN_POINT('',(120.,46.8,11.4656855739609));
#8382=CARTESIAN_POINT('',(120.,40.4421572726243,5.10784284658507));
#8383=CARTESIAN_POINT('',(120.,46.8,12.0000001788139));
#8384=CARTESIAN_POINT('',(120.,46.8,12.0000001788139));
#8385=CARTESIAN_POINT('',(120.,44.,12.0000001788139));
#8386=CARTESIAN_POINT('',(120.,44.,12.0000001788139));
#8387=CARTESIAN_POINT('',(120.,44.,11.4656855739609));
#8388=CARTESIAN_POINT('',(120.,44.,1.6));
#8389=CARTESIAN_POINT('',(120.,44.9,10.5656855739609));
#8390=CARTESIAN_POINT('',(120.,41.8078427273758,13.6578428465851));
#8391=CARTESIAN_POINT('',(120.,44.9,9.20000014901162));
#8392=CARTESIAN_POINT('',(120.,44.9,7.80000011920929));
#8393=CARTESIAN_POINT('',(120.,43.9,9.20000014901161));
#8394=CARTESIAN_POINT('',(120.,35.7,9.20000014901152));
#8395=CARTESIAN_POINT('',(120.,43.9,9.00000014901161));
#8396=CARTESIAN_POINT('',(120.,43.9,8.96028873993975));
#8397=CARTESIAN_POINT('',(120.,43.8916968021346,9.03321294047338));
#8398=CARTESIAN_POINT('',(120.,37.8,1.6));
#8399=CARTESIAN_POINT('',(120.,38.7,8.60000014901161));
#8400=CARTESIAN_POINT('',(120.,38.4645032074706,8.19210776301805));
#8401=CARTESIAN_POINT('',(120.,38.7,9.20000014901161));
#8402=CARTESIAN_POINT('',(120.,38.7,8.46028873993975));
#8403=CARTESIAN_POINT('',(120.,36.9,9.20000014901161));
#8404=CARTESIAN_POINT('',(120.,33.05,9.20000014901161));
#8405=CARTESIAN_POINT('',(120.,36.9,10.5656855739608));
#8406=CARTESIAN_POINT('',(120.,36.9,8.00000011920929));
#8407=CARTESIAN_POINT('',(120.,37.8,11.4656855739608));
#8408=CARTESIAN_POINT('',(120.,33.6921572726242,7.35784284658506));
#8409=CARTESIAN_POINT('',(120.,37.8,12.0000001788139));
#8410=CARTESIAN_POINT('',(120.,37.8,12.0000001788139));
#8411=CARTESIAN_POINT('',(120.,35.,12.0000001788139));
#8412=CARTESIAN_POINT('',(120.,35.,12.0000001788139));
#8413=CARTESIAN_POINT('',(120.,35.,11.4656855739609));
#8414=CARTESIAN_POINT('',(120.,35.,1.6));
#8415=CARTESIAN_POINT('',(120.,35.9,10.5656855739609));
#8416=CARTESIAN_POINT('',(120.,35.0578427273758,11.4078428465851));
#8417=CARTESIAN_POINT('',(120.,35.9,9.20000014901162));
#8418=CARTESIAN_POINT('',(120.,35.9,7.80000011920929));
#8419=CARTESIAN_POINT('',(120.,34.9,9.20000014901161));
#8420=CARTESIAN_POINT('',(120.,31.2,9.20000014901157));
#8421=CARTESIAN_POINT('',(120.,34.9,9.00000014901161));
#8422=CARTESIAN_POINT('',(120.,34.9,8.96028873993975));
#8423=CARTESIAN_POINT('',(120.,34.8916968021346,9.03321294047338));
#8424=CARTESIAN_POINT('',(120.,28.8,1.6));
#8425=CARTESIAN_POINT('',(120.,29.7,8.60000014901161));
#8426=CARTESIAN_POINT('',(120.,29.4645032074706,8.19210776301805));
#8427=CARTESIAN_POINT('',(120.,29.7,9.20000014901161));
#8428=CARTESIAN_POINT('',(120.,29.7,8.46028873993975));
#8429=CARTESIAN_POINT('',(120.,27.9,9.20000014901161));
#8430=CARTESIAN_POINT('',(120.,28.55,9.20000014901161));
#8431=CARTESIAN_POINT('',(120.,27.9,10.5656855739608));
#8432=CARTESIAN_POINT('',(120.,27.9,8.00000011920929));
#8433=CARTESIAN_POINT('',(120.,28.8,11.4656855739609));
#8434=CARTESIAN_POINT('',(120.,26.9421572726242,9.60784284658506));
#8435=CARTESIAN_POINT('',(120.,28.8,12.0000001788139));
#8436=CARTESIAN_POINT('',(120.,28.8,12.0000001788139));
#8437=CARTESIAN_POINT('',(120.,26.,12.0000001788139));
#8438=CARTESIAN_POINT('',(120.,26.,12.0000001788139));
#8439=CARTESIAN_POINT('',(120.,26.,11.4656855739609));
#8440=CARTESIAN_POINT('',(120.,26.,1.6));
#8441=CARTESIAN_POINT('',(120.,26.9,10.5656855739609));
#8442=CARTESIAN_POINT('',(120.,28.3078427273758,9.15784284658506));
#8443=CARTESIAN_POINT('',(120.,26.9,9.20000014901162));
#8444=CARTESIAN_POINT('',(120.,26.9,7.80000011920929));
#8445=CARTESIAN_POINT('',(120.,25.9,9.20000014901161));
#8446=CARTESIAN_POINT('',(120.,26.7,9.20000014901162));
#8447=CARTESIAN_POINT('',(120.,25.9,9.00000014901161));
#8448=CARTESIAN_POINT('',(120.,25.9,8.96028873993975));
#8449=CARTESIAN_POINT('',(120.,25.8916968021346,9.03321294047338));
#8450=CARTESIAN_POINT('',(120.,19.8,1.6));
#8451=CARTESIAN_POINT('',(120.,20.7,8.60000014901161));
#8452=CARTESIAN_POINT('',(120.,20.4645032074706,8.19210776301805));
#8453=CARTESIAN_POINT('',(120.,20.7,9.20000014901161));
#8454=CARTESIAN_POINT('',(120.,20.7,8.46028873993975));
#8455=CARTESIAN_POINT('',(120.,18.9,9.20000014901161));
#8456=CARTESIAN_POINT('',(120.,24.05,9.20000014901161));
#8457=CARTESIAN_POINT('',(120.,18.9,10.5656855739609));
#8458=CARTESIAN_POINT('',(120.,18.9,8.00000011920929));
#8459=CARTESIAN_POINT('',(120.,19.8,11.4656855739609));
#8460=CARTESIAN_POINT('',(120.,20.1921572726242,11.8578428465851));
#8461=CARTESIAN_POINT('',(120.,19.8,12.0000001788139));
#8462=CARTESIAN_POINT('',(120.,19.8,12.0000001788139));
#8463=CARTESIAN_POINT('',(120.,17.,12.0000001788139));
#8464=CARTESIAN_POINT('',(120.,17.,12.0000001788139));
#8465=CARTESIAN_POINT('',(120.,17.,11.4656855739609));
#8466=CARTESIAN_POINT('',(120.,17.,1.6));
#8467=CARTESIAN_POINT('',(120.,17.9,10.5656855739609));
#8468=CARTESIAN_POINT('',(120.,21.5578427273758,6.90784284658506));
#8469=CARTESIAN_POINT('',(120.,17.9,9.20000014901162));
#8470=CARTESIAN_POINT('',(120.,17.9,7.80000011920929));
#8471=CARTESIAN_POINT('',(120.,16.9,9.20000014901161));
#8472=CARTESIAN_POINT('',(120.,22.2,9.20000014901167));
#8473=CARTESIAN_POINT('',(120.,16.9,9.00000014901161));
#8474=CARTESIAN_POINT('',(120.,16.9,8.96028873993975));
#8475=CARTESIAN_POINT('',(120.,16.8916968021346,9.03321294047338));
#8476=CARTESIAN_POINT('Origin',(0.,54.55,11.7500001788139));
#8477=CARTESIAN_POINT('',(0.,54.8,11.5000001788139));
#8478=CARTESIAN_POINT('',(0.,54.3,12.0000001788139));
#8479=CARTESIAN_POINT('Origin',(0.,54.8,12.0000001788139));
#8480=CARTESIAN_POINT('',(0.,53.,12.0000001788139));
#8481=CARTESIAN_POINT('Origin',(119.8,40.2,9.40000014901147));
#8482=CARTESIAN_POINT('',(119.6,52.9,9.60000014901161));
#8483=CARTESIAN_POINT('',(89.8000000000007,52.9,39.4000001490116));
#8484=CARTESIAN_POINT('',(119.6,53.9,9.60000014901161));
#8485=CARTESIAN_POINT('',(89.8000000000007,53.9,39.4000001490116));
#8486=CARTESIAN_POINT('',(119.6,40.2,9.60000014901147));
#8487=CARTESIAN_POINT('Origin',(0.,53.,9.60000014901161));
#8488=CARTESIAN_POINT('',(0.4,53.9,9.60000014901161));
#8489=CARTESIAN_POINT('',(0.,53.9,9.60000014901161));
#8490=CARTESIAN_POINT('',(0.4,52.9,9.60000014901161));
#8491=CARTESIAN_POINT('',(0.4,40.2,9.60000014901147));
#8492=CARTESIAN_POINT('',(0.,52.9,9.60000014901161));
#8493=CARTESIAN_POINT('Origin',(119.8,48.4164213711385,15.7664214903478));
#8494=CARTESIAN_POINT('',(119.6,53.,10.9000001490116));
#8495=CARTESIAN_POINT('',(101.10629900365,53.,-15.2540426184999));
#8496=CARTESIAN_POINT('',(119.6,53.9,10.0000001490116));
#8497=CARTESIAN_POINT('',(119.6,48.2750000149012,15.6250001341104));
#8498=CARTESIAN_POINT('',(100.964877640388,53.9,-16.354042628434));
#8499=CARTESIAN_POINT('Origin',(0.,53.,12.0000001788139));
#8500=CARTESIAN_POINT('',(0.4,53.,10.9000001490116));
#8501=CARTESIAN_POINT('',(-1.10629900364945,53.,13.0302286289617));
#8502=CARTESIAN_POINT('',(0.,53.,10.9000001490116));
#8503=CARTESIAN_POINT('Origin',(119.8,40.5835786288616,4.96642149034776));
#8504=CARTESIAN_POINT('',(119.6,46.8,10.9000001490116));
#8505=CARTESIAN_POINT('',(96.1094110411183,46.8,-22.3207093447713));
#8506=CARTESIAN_POINT('',(119.6,45.9,10.0000001490116));
#8507=CARTESIAN_POINT('',(98.513574132275,45.9,-19.8207092951007));
#8508=CARTESIAN_POINT('',(119.6,40.7249999850989,4.82500013411045));
#8509=CARTESIAN_POINT('Origin',(0.,46.8,10.9000001490116));
#8510=CARTESIAN_POINT('',(0.4,45.9,10.0000001490116));
#8511=CARTESIAN_POINT('',(0.,45.9,10.0000001490116));
#8512=CARTESIAN_POINT('',(0.4,46.8,10.9000001490116));
#8513=CARTESIAN_POINT('',(0.4,40.7249999850989,4.82500013411045));
#8514=CARTESIAN_POINT('',(0.,46.8,10.9000001490116));
#8515=CARTESIAN_POINT('Origin',(119.8,37.55,9.40000014901161));
#8516=CARTESIAN_POINT('',(89.7000000000007,45.9,39.5000001490116));
#8517=CARTESIAN_POINT('Origin',(0.2,48.4164213711385,15.7664214903478));
#8518=CARTESIAN_POINT('',(0.4,53.9,10.0000001490116));
#8519=CARTESIAN_POINT('',(-0.964877640387667,53.9,11.9302286190276));
#8520=CARTESIAN_POINT('',(0.4,48.2750000149012,15.6250001341104));
#8521=CARTESIAN_POINT('Origin',(0.,53.9,10.0000001490116));
#8522=CARTESIAN_POINT('',(0.,53.9,10.0000001490116));
#8523=CARTESIAN_POINT('Origin',(0.2,40.2,9.40000014901147));
#8524=CARTESIAN_POINT('',(0.199999999999966,52.9,9.40000014901157));
#8525=CARTESIAN_POINT('',(0.199999999999961,53.9,9.40000014901158));
#8526=CARTESIAN_POINT('Origin',(0.,52.9,9.60000014901161));
#8527=CARTESIAN_POINT('',(0.,52.9,9.00000014901161));
#8528=CARTESIAN_POINT('Origin',(0.2,40.5835786288616,4.96642149034776));
#8529=CARTESIAN_POINT('',(3.89058895888234,46.8,5.96356190269043));
#8530=CARTESIAN_POINT('',(1.4864258677257,45.9,8.46356195236097));
#8531=CARTESIAN_POINT('Origin',(0.,46.8,1.6));
#8532=CARTESIAN_POINT('',(0.,46.8,12.0000001788139));
#8533=CARTESIAN_POINT('Origin',(0.2,37.55,9.40000014901161));
#8534=CARTESIAN_POINT('',(-0.0499999999999999,47.7,9.15000014901161));
#8535=CARTESIAN_POINT('',(0.3,45.9,9.50000014901161));
#8536=CARTESIAN_POINT('Origin',(119.8,13.5835786288615,13.9664214903478));
#8537=CARTESIAN_POINT('',(119.6,10.8,10.9000001490116));
#8538=CARTESIAN_POINT('',(98.230731384678,10.8,-19.3207093447713));
#8539=CARTESIAN_POINT('',(119.6,9.9,10.0000001490116));
#8540=CARTESIAN_POINT('',(100.634894475835,9.89999999999999,-16.8207092951007));
#8541=CARTESIAN_POINT('',(119.6,13.7249999850988,13.8250001341104));
#8542=CARTESIAN_POINT('Origin',(0.,10.8,10.9000001490116));
#8543=CARTESIAN_POINT('',(0.4,9.9,10.0000001490116));
#8544=CARTESIAN_POINT('',(0.,9.9,10.0000001490116));
#8545=CARTESIAN_POINT('',(0.4,10.8,10.9000001490116));
#8546=CARTESIAN_POINT('',(0.4,13.7249999850988,13.8250001341104));
#8547=CARTESIAN_POINT('',(0.,10.8,10.9000001490116));
#8548=CARTESIAN_POINT('Origin',(119.8,21.4164213711385,6.76642149034775));
#8549=CARTESIAN_POINT('',(119.6,17.,10.9000001490116));
#8550=CARTESIAN_POINT('',(98.9849786600908,17.,-18.2540426184998));
#8551=CARTESIAN_POINT('',(119.6,17.9,10.0000001490116));
#8552=CARTESIAN_POINT('',(119.6,21.2750000149011,6.62500013411044));
#8553=CARTESIAN_POINT('',(98.843557296829,17.9,-19.3540426284339));
#8554=CARTESIAN_POINT('Origin',(0.,17.,12.0000001788139));
#8555=CARTESIAN_POINT('',(0.,17.,12.0000001788139));
#8556=CARTESIAN_POINT('',(0.4,17.,10.9000001490116));
#8557=CARTESIAN_POINT('',(1.0150213399102,17.,10.0302286289617));
#8558=CARTESIAN_POINT('',(0.,17.,10.9000001490116));
#8559=CARTESIAN_POINT('Origin',(119.8,20.3335786288615,11.7164214903478));
#8560=CARTESIAN_POINT('',(119.6,19.8,10.9000001490116));
#8561=CARTESIAN_POINT('',(97.7004012987884,19.8,-20.0707093447712));
#8562=CARTESIAN_POINT('',(119.6,18.9,10.0000001490116));
#8563=CARTESIAN_POINT('',(100.104564389945,18.9,-17.5707092951006));
#8564=CARTESIAN_POINT('',(119.6,20.4749999850988,11.5750001341105));
#8565=CARTESIAN_POINT('Origin',(0.,19.8,10.9000001490116));
#8566=CARTESIAN_POINT('',(0.4,18.9,10.0000001490116));
#8567=CARTESIAN_POINT('',(0.,18.9,10.0000001490116));
#8568=CARTESIAN_POINT('',(0.4,19.8,10.9000001490116));
#8569=CARTESIAN_POINT('',(0.4,20.4749999850988,11.5750001341105));
#8570=CARTESIAN_POINT('',(0.,19.8,10.9000001490116));
#8571=CARTESIAN_POINT('Origin',(119.8,28.1664213711385,9.01642149034775));
#8572=CARTESIAN_POINT('',(119.6,26.,10.9000001490116));
#8573=CARTESIAN_POINT('',(99.5153087459803,26.,-17.5040426184999));
#8574=CARTESIAN_POINT('',(119.6,26.9,10.0000001490116));
#8575=CARTESIAN_POINT('',(119.6,28.0250000149012,8.87500013411044));
#8576=CARTESIAN_POINT('',(99.3738873827186,26.9,-18.604042628434));
#8577=CARTESIAN_POINT('Origin',(0.,26.,12.0000001788139));
#8578=CARTESIAN_POINT('',(0.,26.,12.0000001788139));
#8579=CARTESIAN_POINT('',(0.4,26.,10.9000001490116));
#8580=CARTESIAN_POINT('',(0.484691254020288,26.,10.7802286289617));
#8581=CARTESIAN_POINT('',(0.,26.,10.9000001490116));
#8582=CARTESIAN_POINT('Origin',(119.8,27.0835786288615,9.46642149034776));
#8583=CARTESIAN_POINT('',(119.6,28.8,10.9000001490116));
#8584=CARTESIAN_POINT('',(97.1700712128981,28.8,-20.8207093447713));
#8585=CARTESIAN_POINT('',(119.6,27.9,10.0000001490116));
#8586=CARTESIAN_POINT('',(99.5742343040548,27.9,-18.3207092951007));
#8587=CARTESIAN_POINT('',(119.6,27.2249999850988,9.32500013411045));
#8588=CARTESIAN_POINT('Origin',(0.,28.8,10.9000001490116));
#8589=CARTESIAN_POINT('',(0.4,27.9,10.0000001490116));
#8590=CARTESIAN_POINT('',(0.,27.9,10.0000001490116));
#8591=CARTESIAN_POINT('',(0.4,28.8,10.9000001490116));
#8592=CARTESIAN_POINT('',(0.4,27.2249999850988,9.32500013411045));
#8593=CARTESIAN_POINT('',(0.,28.8,10.9000001490116));
#8594=CARTESIAN_POINT('Origin',(119.8,34.9164213711385,11.2664214903478));
#8595=CARTESIAN_POINT('',(119.6,35.,10.9000001490116));
#8596=CARTESIAN_POINT('',(100.04563883187,35.,-16.7540426184999));
#8597=CARTESIAN_POINT('',(119.6,35.9,10.0000001490116));
#8598=CARTESIAN_POINT('',(119.6,34.7750000149012,11.1250001341104));
#8599=CARTESIAN_POINT('',(99.9042174686085,35.9,-17.854042628434));
#8600=CARTESIAN_POINT('Origin',(0.,35.,12.0000001788139));
#8601=CARTESIAN_POINT('',(0.,35.,12.0000001788139));
#8602=CARTESIAN_POINT('',(0.4,35.,10.9000001490116));
#8603=CARTESIAN_POINT('',(-0.0456388318696193,35.,11.5302286289617));
#8604=CARTESIAN_POINT('',(0.,35.,10.9000001490116));
#8605=CARTESIAN_POINT('Origin',(119.8,33.8335786288616,7.21642149034776));
#8606=CARTESIAN_POINT('',(119.6,37.8,10.9000001490116));
#8607=CARTESIAN_POINT('',(96.6397411270079,37.8,-21.5707093447714));
#8608=CARTESIAN_POINT('',(119.6,36.9,10.0000001490116));
#8609=CARTESIAN_POINT('',(99.0439042181645,36.9,-19.0707092951008));
#8610=CARTESIAN_POINT('',(119.6,33.9749999850989,7.07500013411045));
#8611=CARTESIAN_POINT('Origin',(0.,37.8,10.9000001490116));
#8612=CARTESIAN_POINT('',(0.4,36.9,10.0000001490116));
#8613=CARTESIAN_POINT('',(0.,36.9,10.0000001490116));
#8614=CARTESIAN_POINT('',(0.4,37.8,10.9000001490116));
#8615=CARTESIAN_POINT('',(0.4,33.9749999850989,7.07500013411045));
#8616=CARTESIAN_POINT('',(0.,37.8,10.9000001490116));
#8617=CARTESIAN_POINT('Origin',(119.8,41.6664213711385,13.5164214903477));
#8618=CARTESIAN_POINT('',(119.6,44.,10.9000001490116));
#8619=CARTESIAN_POINT('',(100.57596891776,44.,-16.0040426184998));
#8620=CARTESIAN_POINT('',(119.6,44.9,10.0000001490116));
#8621=CARTESIAN_POINT('',(119.6,41.5250000149012,13.3750001341104));
#8622=CARTESIAN_POINT('',(100.434547554499,44.9,-17.104042628434));
#8623=CARTESIAN_POINT('Origin',(0.,44.,12.0000001788139));
#8624=CARTESIAN_POINT('',(0.,44.,12.0000001788139));
#8625=CARTESIAN_POINT('',(0.4,44.,10.9000001490116));
#8626=CARTESIAN_POINT('',(-0.575968917759522,44.,12.2802286289618));
#8627=CARTESIAN_POINT('',(0.,44.,10.9000001490116));
#8628=CARTESIAN_POINT('Origin',(119.8,35.7,9.40000014901152));
#8629=CARTESIAN_POINT('',(119.6,43.9,9.60000014901161));
#8630=CARTESIAN_POINT('',(89.8000000000007,43.9,39.4000001490116));
#8631=CARTESIAN_POINT('',(119.6,44.9,9.60000014901161));
#8632=CARTESIAN_POINT('',(89.8000000000007,44.9,39.4000001490116));
#8633=CARTESIAN_POINT('',(119.6,35.7,9.60000014901152));
#8634=CARTESIAN_POINT('Origin',(0.,44.,9.60000014901161));
#8635=CARTESIAN_POINT('',(0.4,44.9,9.60000014901161));
#8636=CARTESIAN_POINT('',(0.,44.9,9.60000014901161));
#8637=CARTESIAN_POINT('',(0.4,43.9,9.60000014901161));
#8638=CARTESIAN_POINT('',(0.4,35.7,9.60000014901152));
#8639=CARTESIAN_POINT('',(0.,43.9,9.60000014901161));
#8640=CARTESIAN_POINT('Origin',(119.8,33.05,9.40000014901161));
#8641=CARTESIAN_POINT('',(119.6,38.7,9.60000014901161));
#8642=CARTESIAN_POINT('',(90.0500000000007,38.7,39.1500001490116));
#8643=CARTESIAN_POINT('',(119.6,36.9,9.60000014901161));
#8644=CARTESIAN_POINT('',(119.6,33.05,9.60000014901161));
#8645=CARTESIAN_POINT('',(89.7000000000007,36.9,39.5000001490116));
#8646=CARTESIAN_POINT('Origin',(0.,38.7,8.60000014901161));
#8647=CARTESIAN_POINT('',(0.,38.7,8.60000014901161));
#8648=CARTESIAN_POINT('',(0.4,38.7,9.60000014901161));
#8649=CARTESIAN_POINT('',(-0.0499999999999999,38.7,9.15000014901161));
#8650=CARTESIAN_POINT('',(0.,38.7,9.60000014901161));
#8651=CARTESIAN_POINT('Origin',(119.8,31.2,9.40000014901157));
#8652=CARTESIAN_POINT('',(119.6,34.9,9.60000014901161));
#8653=CARTESIAN_POINT('',(89.8000000000007,34.9,39.4000001490116));
#8654=CARTESIAN_POINT('',(119.6,35.9,9.60000014901161));
#8655=CARTESIAN_POINT('',(89.8000000000007,35.9,39.4000001490116));
#8656=CARTESIAN_POINT('',(119.6,31.2,9.60000014901157));
#8657=CARTESIAN_POINT('Origin',(0.,35.,9.60000014901161));
#8658=CARTESIAN_POINT('',(0.4,35.9,9.60000014901161));
#8659=CARTESIAN_POINT('',(0.,35.9,9.60000014901161));
#8660=CARTESIAN_POINT('',(0.4,34.9,9.60000014901161));
#8661=CARTESIAN_POINT('',(0.4,31.2,9.60000014901157));
#8662=CARTESIAN_POINT('',(0.,34.9,9.60000014901161));
#8663=CARTESIAN_POINT('Origin',(119.8,28.55,9.40000014901161));
#8664=CARTESIAN_POINT('',(119.6,29.7,9.60000014901161));
#8665=CARTESIAN_POINT('',(90.0500000000007,29.7,39.1500001490116));
#8666=CARTESIAN_POINT('',(119.6,27.9,9.60000014901161));
#8667=CARTESIAN_POINT('',(119.6,28.55,9.60000014901161));
#8668=CARTESIAN_POINT('',(89.7000000000007,27.9,39.5000001490116));
#8669=CARTESIAN_POINT('Origin',(0.,29.7,8.60000014901161));
#8670=CARTESIAN_POINT('',(0.,29.7,8.60000014901161));
#8671=CARTESIAN_POINT('',(0.4,29.7,9.60000014901161));
#8672=CARTESIAN_POINT('',(-0.0499999999999999,29.7,9.15000014901161));
#8673=CARTESIAN_POINT('',(0.,29.7,9.60000014901161));
#8674=CARTESIAN_POINT('Origin',(119.8,26.7,9.40000014901162));
#8675=CARTESIAN_POINT('',(119.6,25.9,9.60000014901161));
#8676=CARTESIAN_POINT('',(89.8000000000007,25.9,39.4000001490116));
#8677=CARTESIAN_POINT('',(119.6,26.9,9.60000014901161));
#8678=CARTESIAN_POINT('',(89.8000000000007,26.9,39.4000001490116));
#8679=CARTESIAN_POINT('',(119.6,26.7,9.60000014901162));
#8680=CARTESIAN_POINT('Origin',(0.,26.,9.60000014901161));
#8681=CARTESIAN_POINT('',(0.4,26.9,9.60000014901161));
#8682=CARTESIAN_POINT('',(0.,26.9,9.60000014901161));
#8683=CARTESIAN_POINT('',(0.4,25.9,9.60000014901161));
#8684=CARTESIAN_POINT('',(0.4,26.7,9.60000014901162));
#8685=CARTESIAN_POINT('',(0.,25.9,9.60000014901161));
#8686=CARTESIAN_POINT('Origin',(119.8,24.05,9.40000014901161));
#8687=CARTESIAN_POINT('',(119.6,20.7,9.60000014901161));
#8688=CARTESIAN_POINT('',(90.0500000000007,20.7,39.1500001490116));
#8689=CARTESIAN_POINT('',(119.6,18.9,9.60000014901161));
#8690=CARTESIAN_POINT('',(119.6,24.05,9.60000014901161));
#8691=CARTESIAN_POINT('',(89.7000000000007,18.9,39.5000001490116));
#8692=CARTESIAN_POINT('Origin',(0.,20.7,8.60000014901161));
#8693=CARTESIAN_POINT('',(0.,20.7,8.60000014901161));
#8694=CARTESIAN_POINT('',(0.4,20.7,9.60000014901161));
#8695=CARTESIAN_POINT('',(-0.0499999999999999,20.7,9.15000014901161));
#8696=CARTESIAN_POINT('',(0.,20.7,9.60000014901161));
#8697=CARTESIAN_POINT('Origin',(119.8,22.2,9.40000014901167));
#8698=CARTESIAN_POINT('',(119.6,16.9,9.60000014901161));
#8699=CARTESIAN_POINT('',(89.8000000000006,16.9,39.4000001490116));
#8700=CARTESIAN_POINT('',(119.6,17.9,9.60000014901161));
#8701=CARTESIAN_POINT('',(89.8000000000006,17.9,39.4000001490116));
#8702=CARTESIAN_POINT('',(119.6,22.2,9.60000014901167));
#8703=CARTESIAN_POINT('Origin',(0.,17.,9.60000014901161));
#8704=CARTESIAN_POINT('',(0.4,17.9,9.60000014901161));
#8705=CARTESIAN_POINT('',(0.,17.9,9.60000014901161));
#8706=CARTESIAN_POINT('',(0.4,16.9,9.60000014901161));
#8707=CARTESIAN_POINT('',(0.4,22.2,9.60000014901167));
#8708=CARTESIAN_POINT('',(0.,16.9,9.60000014901161));
#8709=CARTESIAN_POINT('Origin',(119.8,19.55,9.40000014901161));
#8710=CARTESIAN_POINT('',(119.6,11.7,9.60000014901161));
#8711=CARTESIAN_POINT('',(90.0500000000007,11.7,39.1500001490116));
#8712=CARTESIAN_POINT('',(119.6,9.9,9.60000014901161));
#8713=CARTESIAN_POINT('',(119.6,19.55,9.60000014901161));
#8714=CARTESIAN_POINT('',(89.7000000000007,9.9,39.5000001490116));
#8715=CARTESIAN_POINT('Origin',(0.2,41.6664213711385,13.5164214903477));
#8716=CARTESIAN_POINT('',(0.4,44.9,10.0000001490116));
#8717=CARTESIAN_POINT('',(-0.434547554497748,44.9,11.1802286190276));
#8718=CARTESIAN_POINT('',(0.4,41.5250000149012,13.3750001341104));
#8719=CARTESIAN_POINT('Origin',(0.,44.9,10.0000001490116));
#8720=CARTESIAN_POINT('',(0.,44.9,10.0000001490116));
#8721=CARTESIAN_POINT('Origin',(0.2,35.7,9.40000014901152));
#8722=CARTESIAN_POINT('',(0.199999999999978,43.9,9.40000014901159));
#8723=CARTESIAN_POINT('',(0.199999999999973,44.9,9.40000014901159));
#8724=CARTESIAN_POINT('Origin',(0.,43.9,9.60000014901161));
#8725=CARTESIAN_POINT('',(0.,43.9,9.00000014901161));
#8726=CARTESIAN_POINT('Origin',(0.2,33.05,9.40000014901161));
#8727=CARTESIAN_POINT('',(0.4,36.9,9.60000014901161));
#8728=CARTESIAN_POINT('',(0.3,36.9,9.50000014901161));
#8729=CARTESIAN_POINT('',(0.4,33.05,9.60000014901161));
#8730=CARTESIAN_POINT('Origin',(0.,38.7,9.60000014901161));
#8731=CARTESIAN_POINT('',(0.,36.9,9.60000014901161));
#8732=CARTESIAN_POINT('Origin',(0.2,33.8335786288616,7.21642149034776));
#8733=CARTESIAN_POINT('',(3.36025887299242,37.8,6.71356190269043));
#8734=CARTESIAN_POINT('',(0.956095781835786,36.9,9.21356195236097));
#8735=CARTESIAN_POINT('Origin',(0.,37.8,1.6));
#8736=CARTESIAN_POINT('',(0.,37.8,12.0000001788139));
#8737=CARTESIAN_POINT('Origin',(0.2,34.9164213711385,11.2664214903478));
#8738=CARTESIAN_POINT('',(0.4,35.9,10.0000001490116));
#8739=CARTESIAN_POINT('',(0.0957825313921589,35.9,10.4302286190276));
#8740=CARTESIAN_POINT('',(0.4,34.7750000149012,11.1250001341104));
#8741=CARTESIAN_POINT('Origin',(0.,35.9,10.0000001490116));
#8742=CARTESIAN_POINT('',(0.,35.9,10.0000001490116));
#8743=CARTESIAN_POINT('Origin',(0.2,31.2,9.40000014901157));
#8744=CARTESIAN_POINT('',(0.199999999999991,34.9,9.4000001490116));
#8745=CARTESIAN_POINT('',(0.199999999999986,35.9,9.40000014901161));
#8746=CARTESIAN_POINT('Origin',(0.,34.9,9.60000014901161));
#8747=CARTESIAN_POINT('',(0.,34.9,9.00000014901161));
#8748=CARTESIAN_POINT('Origin',(0.2,28.55,9.40000014901161));
#8749=CARTESIAN_POINT('',(0.4,27.9,9.60000014901161));
#8750=CARTESIAN_POINT('',(0.3,27.9,9.50000014901161));
#8751=CARTESIAN_POINT('',(0.4,28.55,9.60000014901161));
#8752=CARTESIAN_POINT('Origin',(0.,29.7,9.60000014901161));
#8753=CARTESIAN_POINT('',(0.,27.9,9.60000014901161));
#8754=CARTESIAN_POINT('Origin',(0.2,27.0835786288615,9.46642149034776));
#8755=CARTESIAN_POINT('',(2.82992878710251,28.8,7.46356190269043));
#8756=CARTESIAN_POINT('',(0.425765695945875,27.9,9.96356195236097));
#8757=CARTESIAN_POINT('Origin',(0.,28.8,1.6));
#8758=CARTESIAN_POINT('',(0.,28.8,12.0000001788139));
#8759=CARTESIAN_POINT('Origin',(0.2,28.1664213711385,9.01642149034775));
#8760=CARTESIAN_POINT('',(0.4,26.9,10.0000001490116));
#8761=CARTESIAN_POINT('',(0.626112617282068,26.9,9.68022861902763));
#8762=CARTESIAN_POINT('',(0.4,28.0250000149012,8.87500013411044));
#8763=CARTESIAN_POINT('Origin',(0.,26.9,10.0000001490116));
#8764=CARTESIAN_POINT('',(0.,26.9,10.0000001490116));
#8765=CARTESIAN_POINT('Origin',(0.2,26.7,9.40000014901162));
#8766=CARTESIAN_POINT('',(0.200000000000003,25.9,9.40000014901161));
#8767=CARTESIAN_POINT('',(0.199999999999998,26.9,9.40000014901162));
#8768=CARTESIAN_POINT('Origin',(0.,25.9,9.60000014901161));
#8769=CARTESIAN_POINT('',(0.,25.9,9.00000014901161));
#8770=CARTESIAN_POINT('Origin',(0.2,24.05,9.40000014901161));
#8771=CARTESIAN_POINT('',(0.4,18.9,9.60000014901161));
#8772=CARTESIAN_POINT('',(0.3,18.9,9.50000014901161));
#8773=CARTESIAN_POINT('',(0.4,24.05,9.60000014901161));
#8774=CARTESIAN_POINT('Origin',(0.,20.7,9.60000014901161));
#8775=CARTESIAN_POINT('',(0.,18.9,9.60000014901161));
#8776=CARTESIAN_POINT('Origin',(0.2,20.3335786288615,11.7164214903478));
#8777=CARTESIAN_POINT('',(2.2995987012126,19.8,8.2135619026904));
#8778=CARTESIAN_POINT('',(-0.10456438994403,18.9,10.713561952361));
#8779=CARTESIAN_POINT('Origin',(0.,19.8,1.6));
#8780=CARTESIAN_POINT('',(0.,19.8,12.0000001788139));
#8781=CARTESIAN_POINT('Origin',(0.2,21.4164213711385,6.76642149034775));
#8782=CARTESIAN_POINT('',(0.4,17.9,10.0000001490116));
#8783=CARTESIAN_POINT('',(1.15644270317198,17.9,8.93022861902762));
#8784=CARTESIAN_POINT('',(0.4,21.2750000149011,6.62500013411044));
#8785=CARTESIAN_POINT('Origin',(0.,17.9,10.0000001490116));
#8786=CARTESIAN_POINT('',(0.,17.9,10.0000001490116));
#8787=CARTESIAN_POINT('Origin',(0.2,22.2,9.40000014901167));
#8788=CARTESIAN_POINT('',(0.200000000000016,16.9,9.40000014901162));
#8789=CARTESIAN_POINT('',(0.200000000000011,17.9,9.40000014901163));
#8790=CARTESIAN_POINT('Origin',(0.,16.9,9.60000014901161));
#8791=CARTESIAN_POINT('',(0.,16.9,9.00000014901161));
#8792=CARTESIAN_POINT('Origin',(0.2,13.5835786288615,13.9664214903478));
#8793=CARTESIAN_POINT('',(1.76926861532269,10.8,8.96356190269043));
#8794=CARTESIAN_POINT('',(-0.634894475833941,9.9,11.463561952361));
#8795=CARTESIAN_POINT('Origin',(0.,10.8,1.6));
#8796=CARTESIAN_POINT('',(0.,10.8,12.0000001788139));
#8797=CARTESIAN_POINT('Origin',(0.2,19.55,9.40000014901161));
#8798=CARTESIAN_POINT('',(0.4,11.7,9.60000014901161));
#8799=CARTESIAN_POINT('',(-0.0499999999999999,11.7,9.15000014901161));
#8800=CARTESIAN_POINT('',(0.4,9.9,9.60000014901161));
#8801=CARTESIAN_POINT('',(0.3,9.9,9.50000014901161));
#8802=CARTESIAN_POINT('',(0.4,19.55,9.60000014901161));
#8803=CARTESIAN_POINT('Origin',(0.,11.7,9.60000014901161));
#8804=CARTESIAN_POINT('',(0.,11.7,9.60000014901161));
#8805=CARTESIAN_POINT('',(0.,9.9,9.60000014901161));
#8806=CARTESIAN_POINT('Origin',(0.2,15.05,9.40000014901161));
#8807=CARTESIAN_POINT('',(-0.0499999999999999,2.7,9.15000014901161));
#8808=CARTESIAN_POINT('',(0.3,0.899999999999999,9.50000014901161));
#8809=CARTESIAN_POINT('Origin',(0.2,17.7,9.40000014901172));
#8810=CARTESIAN_POINT('',(0.4,7.9,9.60000014901161));
#8811=CARTESIAN_POINT('',(0.200000000000028,7.9,9.40000014901164));
#8812=CARTESIAN_POINT('',(0.4,8.9,9.60000014901161));
#8813=CARTESIAN_POINT('',(0.4,17.7,9.60000014901172));
#8814=CARTESIAN_POINT('',(0.200000000000023,8.9,9.40000014901164));
#8815=CARTESIAN_POINT('Origin',(119.8,15.05,9.40000014901161));
#8816=CARTESIAN_POINT('',(89.7000000000007,0.9,39.5000001490116));
#8817=CARTESIAN_POINT('Origin',(0.,2.7,8.60000014901161));
#8818=CARTESIAN_POINT('Origin',(119.8,17.7,9.40000014901172));
#8819=CARTESIAN_POINT('',(119.6,7.9,9.60000014901161));
#8820=CARTESIAN_POINT('',(89.8000000000006,7.9,39.4000001490116));
#8821=CARTESIAN_POINT('',(119.6,8.9,9.60000014901161));
#8822=CARTESIAN_POINT('',(89.8000000000006,8.9,39.4000001490116));
#8823=CARTESIAN_POINT('',(119.6,17.7,9.60000014901172));
#8824=CARTESIAN_POINT('Origin',(0.,8.,9.60000014901161));
#8825=CARTESIAN_POINT('',(0.,7.9,9.60000014901161));
#8826=CARTESIAN_POINT('',(0.,8.9,9.60000014901161));
#8827=CARTESIAN_POINT('Origin',(119.8,6.83357862886148,16.2164214903478));
#8828=CARTESIAN_POINT('',(119.6,1.8,10.9000001490116));
#8829=CARTESIAN_POINT('',(98.761061470568,1.80000000000001,-18.5707093447712));
#8830=CARTESIAN_POINT('',(119.6,0.9,10.0000001490116));
#8831=CARTESIAN_POINT('',(101.165224561725,0.900000000000003,-16.0707092951006));
#8832=CARTESIAN_POINT('',(119.6,6.97499998509879,16.0750001341105));
#8833=CARTESIAN_POINT('Origin',(0.,1.8,10.9000001490116));
#8834=CARTESIAN_POINT('',(0.4,0.9,10.0000001490116));
#8835=CARTESIAN_POINT('',(0.,0.9,10.0000001490116));
#8836=CARTESIAN_POINT('',(0.4,1.8,10.9000001490116));
#8837=CARTESIAN_POINT('',(0.4,6.97499998509879,16.0750001341105));
#8838=CARTESIAN_POINT('',(0.,1.8,10.9000001490116));
#8839=CARTESIAN_POINT('Origin',(119.8,14.6664213711384,4.51642149034775));
#8840=CARTESIAN_POINT('',(119.6,8.,10.9000001490116));
#8841=CARTESIAN_POINT('',(98.4546485742006,8.,-19.0040426185));
#8842=CARTESIAN_POINT('',(119.6,8.9,10.0000001490116));
#8843=CARTESIAN_POINT('',(119.6,14.5250000149011,4.37500013411044));
#8844=CARTESIAN_POINT('',(98.3132272109388,8.9,-20.1040426284341));
#8845=CARTESIAN_POINT('Origin',(0.2,6.83357862886148,16.2164214903478));
#8846=CARTESIAN_POINT('',(1.23893852943278,1.8,9.71356190269043));
#8847=CARTESIAN_POINT('',(-1.16522456172385,0.9,12.213561952361));
#8848=CARTESIAN_POINT('Origin',(0.,1.8,1.6));
#8849=CARTESIAN_POINT('Origin',(0.2,14.6664213711384,4.51642149034775));
#8850=CARTESIAN_POINT('',(0.4,8.,10.9000001490116));
#8851=CARTESIAN_POINT('',(1.54535142580011,8.,9.28022862896174));
#8852=CARTESIAN_POINT('',(0.4,8.9,10.0000001490116));
#8853=CARTESIAN_POINT('',(1.68677278906189,8.9,8.18022861902763));
#8854=CARTESIAN_POINT('',(0.4,14.5250000149011,4.37500013411044));
#8855=CARTESIAN_POINT('Origin',(0.,8.9,10.0000001490116));
#8856=CARTESIAN_POINT('',(0.,8.,10.9000001490116));
#8857=CARTESIAN_POINT('',(0.,8.9,10.0000001490116));
#8858=CARTESIAN_POINT('Origin',(0.,53.9,9.60000014901161));
#8859=CARTESIAN_POINT('Origin',(0.,45.9,10.0000001490116));
#8860=CARTESIAN_POINT('Origin',(0.,44.9,9.60000014901161));
#8861=CARTESIAN_POINT('Origin',(0.,36.9,10.0000001490116));
#8862=CARTESIAN_POINT('Origin',(0.,35.9,9.60000014901161));
#8863=CARTESIAN_POINT('Origin',(0.,27.9,10.0000001490116));
#8864=CARTESIAN_POINT('Origin',(0.,26.9,9.60000014901161));
#8865=CARTESIAN_POINT('Origin',(0.,18.9,10.0000001490116));
#8866=CARTESIAN_POINT('Origin',(0.,17.9,9.60000014901161));
#8867=CARTESIAN_POINT('Origin',(0.,9.9,10.0000001490116));
#8868=CARTESIAN_POINT('Origin',(0.,8.9,9.60000014901161));
#8869=CARTESIAN_POINT('Origin',(0.,0.9,10.0000001490116));
#8870=CARTESIAN_POINT('Origin',(0.,47.7,8.60000014901161));
#8871=CARTESIAN_POINT('Origin',(0.,52.9,9.00000014901161));
#8872=CARTESIAN_POINT('',(0.,53.,8.60000014901155));
#8873=CARTESIAN_POINT('Origin',(0.,53.,12.0000001788139));
#8874=CARTESIAN_POINT('',(0.,53.,1.6));
#8875=CARTESIAN_POINT('Origin',(0.,37.8,7.04115451272417));
#8876=CARTESIAN_POINT('Origin',(0.,43.9,9.00000014901161));
#8877=CARTESIAN_POINT('Origin',(0.,28.8,7.04115451272417));
#8878=CARTESIAN_POINT('Origin',(0.,34.9,9.00000014901161));
#8879=CARTESIAN_POINT('Origin',(0.,19.8,7.04115451272417));
#8880=CARTESIAN_POINT('Origin',(0.,25.9,9.00000014901161));
#8881=CARTESIAN_POINT('Origin',(0.,11.7,8.60000014901161));
#8882=CARTESIAN_POINT('',(0.,11.7,8.60000014901161));
#8883=CARTESIAN_POINT('Origin',(0.,10.8,7.04115451272417));
#8884=CARTESIAN_POINT('Origin',(0.,16.9,9.00000014901161));
#8885=CARTESIAN_POINT('Origin',(0.,7.9,9.60000014901161));
#8886=CARTESIAN_POINT('',(0.,7.9,9.00000014901161));
#8887=CARTESIAN_POINT('Origin',(0.,7.9,9.00000014901161));
#8888=CARTESIAN_POINT('Origin',(0.,8.,12.0000001788139));
#8889=CARTESIAN_POINT('',(0.,8.,12.0000001788139));
#8890=CARTESIAN_POINT('Origin',(0.,7.34788079488412E-16,12.));
#8891=CARTESIAN_POINT('',(0.,0.,0.));
#8892=CARTESIAN_POINT('Origin',(0.,10.8,12.0000001788139));
#8893=CARTESIAN_POINT('Origin',(0.,17.,1.6));
#8894=CARTESIAN_POINT('Origin',(0.,19.8,12.0000001788139));
#8895=CARTESIAN_POINT('Origin',(0.,26.,1.6));
#8896=CARTESIAN_POINT('Origin',(0.,28.8,12.0000001788139));
#8897=CARTESIAN_POINT('Origin',(0.,35.,1.6));
#8898=CARTESIAN_POINT('Origin',(0.,37.8,12.0000001788139));
#8899=CARTESIAN_POINT('Origin',(0.,44.,1.6));
#8900=CARTESIAN_POINT('Origin',(0.,46.8,12.0000001788139));
#8901=CARTESIAN_POINT('Origin',(0.,53.,1.6));
#8902=CARTESIAN_POINT('Origin',(0.,54.8,0.));
#8903=CARTESIAN_POINT('',(0.,54.8,0.));
#8904=CARTESIAN_POINT('Origin',(0.,0.,0.));
#8905=UNCERTAINTY_MEASURE_WITH_UNIT(LENGTH_MEASURE(0.01),#8909,
'DISTANCE_ACCURACY_VALUE',
'Maximum model space distance between geometric entities at asserted c
onnectivities');
#8906=UNCERTAINTY_MEASURE_WITH_UNIT(LENGTH_MEASURE(0.01),#8909,
'DISTANCE_ACCURACY_VALUE',
'Maximum model space distance between geometric entities at asserted c
onnectivities');
#8907=(
GEOMETRIC_REPRESENTATION_CONTEXT(3)
GLOBAL_UNCERTAINTY_ASSIGNED_CONTEXT((#8905))
GLOBAL_UNIT_ASSIGNED_CONTEXT((#8909,#8911,#8912))
REPRESENTATION_CONTEXT('','3D')
);
#8908=(
GEOMETRIC_REPRESENTATION_CONTEXT(3)
GLOBAL_UNCERTAINTY_ASSIGNED_CONTEXT((#8906))
GLOBAL_UNIT_ASSIGNED_CONTEXT((#8909,#8911,#8912))
REPRESENTATION_CONTEXT('','3D')
);
#8909=(
LENGTH_UNIT()
NAMED_UNIT(*)
SI_UNIT(.MILLI.,.METRE.)
);
#8910=(
LENGTH_UNIT()
NAMED_UNIT(*)
SI_UNIT($,.METRE.)
);
#8911=(
NAMED_UNIT(*)
PLANE_ANGLE_UNIT()
SI_UNIT($,.RADIAN.)
);
#8912=(
NAMED_UNIT(*)
SI_UNIT($,.STERADIAN.)
SOLID_ANGLE_UNIT()
);
#8913=SHAPE_DEFINITION_REPRESENTATION(#8914,#8915);
#8914=PRODUCT_DEFINITION_SHAPE('',$,#8917);
#8915=SHAPE_REPRESENTATION('',(#5601),#8907);
#8916=PRODUCT_DEFINITION_CONTEXT('part definition',#8921,'design');
#8917=PRODUCT_DEFINITION('2026-07-24-10-19-54-900',
'ReferenceFeed_8mm_0.35mm_6X',#8918,#8916);
#8918=PRODUCT_DEFINITION_FORMATION('',$,#8923);
#8919=PRODUCT_RELATED_PRODUCT_CATEGORY('ReferenceFeed_8mm_0.35mm_6X',
'ReferenceFeed_8mm_0.35mm_6X',(#8923));
#8920=APPLICATION_PROTOCOL_DEFINITION('international standard',
'automotive_design',2009,#8921);
#8921=APPLICATION_CONTEXT(
'Core Data for Automotive Mechanical Design Process');
#8922=PRODUCT_CONTEXT('part definition',#8921,'mechanical');
#8923=PRODUCT('2026-07-24-10-19-54-900','ReferenceFeed_8mm_0.35mm_6X',$,
(#8922));
#8924=PRESENTATION_STYLE_ASSIGNMENT((#8925));
#8925=SURFACE_STYLE_USAGE(.BOTH.,#8926);
#8926=SURFACE_SIDE_STYLE('',(#8927));
#8927=SURFACE_STYLE_FILL_AREA(#8928);
#8928=FILL_AREA_STYLE('Steel - Satin',(#8929));
#8929=FILL_AREA_STYLE_COLOUR('Steel - Satin',#8930);
#8930=COLOUR_RGB('Steel - Satin',0.627450980392157,0.627450980392157,0.627450980392157);
ENDSEC;
END-ISO-10303-21;
