ISO-10303-21;
HEADER;
/* Generated by software containing ST-Developer
 * from STEP Tools, Inc. (www.steptools.com) 
 */

FILE_DESCRIPTION(
/* description */ (''),
/* implementation_level */ '2;1');

FILE_NAME(
/* name */ 'LumenPnp-Adj-Plate-Leg.step',
/* time_stamp */ '2026-07-29T17:23:05-06:00',
/* author */ (''),
/* organization */ (''),
/* preprocessor_version */ 'ST-DEVELOPER v20.1',
/* originating_system */ 'Autodesk Translation Framework v15.8.0.0',
/* authorisation */ '');

FILE_SCHEMA (('AUTOMOTIVE_DESIGN { 1 0 10303 214 3 1 1 }'));
ENDSEC;

DATA;
#10=MECHANICAL_DESIGN_GEOMETRIC_PRESENTATION_REPRESENTATION('',(#36,#37,
#38,#39),#4654);
#11=ITEM_DEFINED_TRANSFORMATION($,$,#2735,#2961);
#12=ITEM_DEFINED_TRANSFORMATION($,$,#2857,#2962);
#13=ITEM_DEFINED_TRANSFORMATION($,$,#2918,#2963);
#14=ITEM_DEFINED_TRANSFORMATION($,$,#2945,#2964);
#15=(
REPRESENTATION_RELATIONSHIP($,$,#4674,#4673)
REPRESENTATION_RELATIONSHIP_WITH_TRANSFORMATION(#11)
SHAPE_REPRESENTATION_RELATIONSHIP()
);
#16=(
REPRESENTATION_RELATIONSHIP($,$,#4675,#4673)
REPRESENTATION_RELATIONSHIP_WITH_TRANSFORMATION(#12)
SHAPE_REPRESENTATION_RELATIONSHIP()
);
#17=(
REPRESENTATION_RELATIONSHIP($,$,#4676,#4673)
REPRESENTATION_RELATIONSHIP_WITH_TRANSFORMATION(#13)
SHAPE_REPRESENTATION_RELATIONSHIP()
);
#18=(
REPRESENTATION_RELATIONSHIP($,$,#4677,#4673)
REPRESENTATION_RELATIONSHIP_WITH_TRANSFORMATION(#14)
SHAPE_REPRESENTATION_RELATIONSHIP()
);
#19=CONTEXT_DEPENDENT_SHAPE_REPRESENTATION(#15,#4669);
#20=CONTEXT_DEPENDENT_SHAPE_REPRESENTATION(#16,#4670);
#21=CONTEXT_DEPENDENT_SHAPE_REPRESENTATION(#17,#4671);
#22=CONTEXT_DEPENDENT_SHAPE_REPRESENTATION(#18,#4672);
#23=NEXT_ASSEMBLY_USAGE_OCCURRENCE('Top:1','Top:1','Top:1',#4679,#4680,
'Top:1');
#24=NEXT_ASSEMBLY_USAGE_OCCURRENCE('Bottom:1','Bottom:1','Bottom:1',#4679,
#4681,'Bottom:1');
#25=NEXT_ASSEMBLY_USAGE_OCCURRENCE(
'Hexagon Socket Head Cap Screw DIN EN ISO 4762 - M5 x 50 Steel 4.6 Pla
in:1',
'Hexagon Socket Head Cap Screw DIN EN ISO 4762 - M5 x 50 Steel 4.6 Pla
in:1',
'Hexagon Socket Head Cap Screw DIN EN ISO 4762 - M5 x 50 Steel 4.6 Pla
in:1',#4679,#4682,
'Hexagon Socket Head Cap Screw DIN EN ISO 4762 - M5 x 50 Steel 4.6 Pla
in:1');
#26=NEXT_ASSEMBLY_USAGE_OCCURRENCE(
'Hexagon Nut BS 4183 - M5 Steel 6 Plain:1',
'Hexagon Nut BS 4183 - M5 Steel 6 Plain:1',
'Hexagon Nut BS 4183 - M5 Steel 6 Plain:1',#4679,#4683,
'Hexagon Nut BS 4183 - M5 Steel 6 Plain:1');
#27=TOROIDAL_SURFACE('',#2922,3.74999999999998,0.5);
#28=SHAPE_REPRESENTATION_RELATIONSHIP('SRR','None',#4674,#32);
#29=SHAPE_REPRESENTATION_RELATIONSHIP('SRR','None',#4675,#33);
#30=SHAPE_REPRESENTATION_RELATIONSHIP('SRR','None',#4676,#34);
#31=SHAPE_REPRESENTATION_RELATIONSHIP('SRR','None',#4677,#35);
#32=ADVANCED_BREP_SHAPE_REPRESENTATION('',(#40),#4650);
#33=ADVANCED_BREP_SHAPE_REPRESENTATION('',(#41),#4651);
#34=ADVANCED_BREP_SHAPE_REPRESENTATION('',(#42),#4652);
#35=ADVANCED_BREP_SHAPE_REPRESENTATION('',(#43),#4653);
#36=STYLED_ITEM('',(#4702),#40);
#37=STYLED_ITEM('',(#4702),#41);
#38=STYLED_ITEM('',(#4702),#42);
#39=STYLED_ITEM('',(#4703),#43);
#40=MANIFOLD_SOLID_BREP('Body1',#2685);
#41=MANIFOLD_SOLID_BREP('Body1',#2686);
#42=MANIFOLD_SOLID_BREP('Body1',#2687);
#43=MANIFOLD_SOLID_BREP('Body1',#2688);
#44=(
BOUNDED_CURVE()
B_SPLINE_CURVE(2,(#3976,#3977,#3978),.UNSPECIFIED.,.F.,.F.)
B_SPLINE_CURVE_WITH_KNOTS((3,3),(-5.18700988482277,-5.17593879409406),
 .UNSPECIFIED.)
CURVE()
GEOMETRIC_REPRESENTATION_ITEM()
RATIONAL_B_SPLINE_CURVE((2.03334102276581,2.03294666767267,2.03254928849283))
REPRESENTATION_ITEM('')
);
#45=(
BOUNDED_CURVE()
B_SPLINE_CURVE(2,(#3982,#3983,#3984),.UNSPECIFIED.,.F.,.F.)
B_SPLINE_CURVE_WITH_KNOTS((3,3),(-0.176625729702724,-0.1753651414092),
 .UNSPECIFIED.)
CURVE()
GEOMETRIC_REPRESENTATION_ITEM()
RATIONAL_B_SPLINE_CURVE((1.39160839160839,1.39026905316257,1.38892888499514))
REPRESENTATION_ITEM('')
);
#46=(
BOUNDED_CURVE()
B_SPLINE_CURVE(2,(#4091,#4092,#4093),.UNSPECIFIED.,.F.,.F.)
B_SPLINE_CURVE_WITH_KNOTS((3,3),(-4.24757505714659,-4.24631446885283),
 .UNSPECIFIED.)
CURVE()
GEOMETRIC_REPRESENTATION_ITEM()
RATIONAL_B_SPLINE_CURVE((1.38892888499497,1.39026905316266,1.39160839160873))
REPRESENTATION_ITEM('')
);
#47=(
BOUNDED_CURVE()
B_SPLINE_CURVE(2,(#4097,#4098,#4099),.UNSPECIFIED.,.F.,.F.)
B_SPLINE_CURVE_WITH_KNOTS((3,3),(-8.0855253181603,-8.07445422743213),
 .UNSPECIFIED.)
CURVE()
GEOMETRIC_REPRESENTATION_ITEM()
RATIONAL_B_SPLINE_CURVE((2.03254928849285,2.03294666767267,2.03334102276579))
REPRESENTATION_ITEM('')
);
#48=(
BOUNDED_CURVE()
B_SPLINE_CURVE(2,(#4560,#4561,#4562),.UNSPECIFIED.,.F.,.F.)
B_SPLINE_CURVE_WITH_KNOTS((3,3),(0.000209851267233665,0.467659076247017),
 .UNSPECIFIED.)
CURVE()
GEOMETRIC_REPRESENTATION_ITEM()
RATIONAL_B_SPLINE_CURVE((1.00013898062186,1.15486101937814,1.00013898062186))
REPRESENTATION_ITEM('')
);
#49=(
BOUNDED_CURVE()
B_SPLINE_CURVE(2,(#4565,#4566,#4567),.UNSPECIFIED.,.F.,.F.)
B_SPLINE_CURVE_WITH_KNOTS((3,3),(0.000209851267234305,0.467659076247017),
 .UNSPECIFIED.)
CURVE()
GEOMETRIC_REPRESENTATION_ITEM()
RATIONAL_B_SPLINE_CURVE((1.00013898062186,1.15486101937814,1.00013898062186))
REPRESENTATION_ITEM('')
);
#50=(
BOUNDED_CURVE()
B_SPLINE_CURVE(2,(#4570,#4571,#4572),.UNSPECIFIED.,.F.,.F.)
B_SPLINE_CURVE_WITH_KNOTS((3,3),(0.000209851267233529,0.467659076247016),
 .UNSPECIFIED.)
CURVE()
GEOMETRIC_REPRESENTATION_ITEM()
RATIONAL_B_SPLINE_CURVE((1.00013898062186,1.15486101937814,1.00013898062186))
REPRESENTATION_ITEM('')
);
#51=(
BOUNDED_CURVE()
B_SPLINE_CURVE(2,(#4575,#4576,#4577),.UNSPECIFIED.,.F.,.F.)
B_SPLINE_CURVE_WITH_KNOTS((3,3),(0.000209851267233769,0.467659076247016),
 .UNSPECIFIED.)
CURVE()
GEOMETRIC_REPRESENTATION_ITEM()
RATIONAL_B_SPLINE_CURVE((1.00013898062186,1.15486101937814,1.00013898062186))
REPRESENTATION_ITEM('')
);
#52=(
BOUNDED_CURVE()
B_SPLINE_CURVE(2,(#4584,#4585,#4586),.UNSPECIFIED.,.F.,.F.)
B_SPLINE_CURVE_WITH_KNOTS((3,3),(0.233934463757125,0.467659076247017),
 .UNSPECIFIED.)
CURVE()
GEOMETRIC_REPRESENTATION_ITEM()
RATIONAL_B_SPLINE_CURVE((1.0775,1.0775,1.00013898062186))
REPRESENTATION_ITEM('')
);
#53=(
BOUNDED_CURVE()
B_SPLINE_CURVE(2,(#4588,#4589,#4590),.UNSPECIFIED.,.F.,.F.)
B_SPLINE_CURVE_WITH_KNOTS((3,3),(0.000209851267233908,0.467659076247016),
 .UNSPECIFIED.)
CURVE()
GEOMETRIC_REPRESENTATION_ITEM()
RATIONAL_B_SPLINE_CURVE((1.00013898062186,1.15486101937814,1.00013898062186))
REPRESENTATION_ITEM('')
);
#54=(
BOUNDED_CURVE()
B_SPLINE_CURVE(2,(#4591,#4592,#4593),.UNSPECIFIED.,.F.,.F.)
B_SPLINE_CURVE_WITH_KNOTS((3,3),(0.000209851267234001,0.467659076247017),
 .UNSPECIFIED.)
CURVE()
GEOMETRIC_REPRESENTATION_ITEM()
RATIONAL_B_SPLINE_CURVE((1.00013898062186,1.15486101937814,1.00013898062186))
REPRESENTATION_ITEM('')
);
#55=(
BOUNDED_CURVE()
B_SPLINE_CURVE(2,(#4595,#4596,#4597),.UNSPECIFIED.,.F.,.F.)
B_SPLINE_CURVE_WITH_KNOTS((3,3),(0.000209851267234284,0.467659076247017),
 .UNSPECIFIED.)
CURVE()
GEOMETRIC_REPRESENTATION_ITEM()
RATIONAL_B_SPLINE_CURVE((1.00013898062186,1.15486101937814,1.00013898062186))
REPRESENTATION_ITEM('')
);
#56=(
BOUNDED_CURVE()
B_SPLINE_CURVE(2,(#4598,#4599,#4600),.UNSPECIFIED.,.F.,.F.)
B_SPLINE_CURVE_WITH_KNOTS((3,3),(0.000209851267234093,0.233934463757125),
 .UNSPECIFIED.)
CURVE()
GEOMETRIC_REPRESENTATION_ITEM()
RATIONAL_B_SPLINE_CURVE((1.00013898062186,1.0775,1.0775))
REPRESENTATION_ITEM('')
);
#57=(
BOUNDED_CURVE()
B_SPLINE_CURVE(2,(#4603,#4604,#4605),.UNSPECIFIED.,.F.,.F.)
B_SPLINE_CURVE_WITH_KNOTS((3,3),(0.000209851267234171,0.467659076247017),
 .UNSPECIFIED.)
CURVE()
GEOMETRIC_REPRESENTATION_ITEM()
RATIONAL_B_SPLINE_CURVE((1.00013898062186,1.15486101937814,1.00013898062186))
REPRESENTATION_ITEM('')
);
#58=(
BOUNDED_CURVE()
B_SPLINE_CURVE(2,(#4609,#4610,#4611),.UNSPECIFIED.,.F.,.F.)
B_SPLINE_CURVE_WITH_KNOTS((3,3),(0.233934463757126,0.467659076247016),
 .UNSPECIFIED.)
CURVE()
GEOMETRIC_REPRESENTATION_ITEM()
RATIONAL_B_SPLINE_CURVE((1.0775,1.0775,1.00013898062186))
REPRESENTATION_ITEM('')
);
#59=(
BOUNDED_CURVE()
B_SPLINE_CURVE(2,(#4613,#4614,#4615),.UNSPECIFIED.,.F.,.F.)
B_SPLINE_CURVE_WITH_KNOTS((3,3),(0.000209851267233895,0.233934463757126),
 .UNSPECIFIED.)
CURVE()
GEOMETRIC_REPRESENTATION_ITEM()
RATIONAL_B_SPLINE_CURVE((1.00013898062186,1.0775,1.0775))
REPRESENTATION_ITEM('')
);
#60=(
BOUNDED_CURVE()
B_SPLINE_CURVE(2,(#4619,#4620,#4621),.UNSPECIFIED.,.F.,.F.)
B_SPLINE_CURVE_WITH_KNOTS((3,3),(0.0002098512672339,0.467659076247016),
 .UNSPECIFIED.)
CURVE()
GEOMETRIC_REPRESENTATION_ITEM()
RATIONAL_B_SPLINE_CURVE((1.00013898062186,1.15486101937814,1.00013898062186))
REPRESENTATION_ITEM('')
);
#61=(
BOUNDED_CURVE()
B_SPLINE_CURVE(2,(#4624,#4625,#4626),.UNSPECIFIED.,.F.,.F.)
B_SPLINE_CURVE_WITH_KNOTS((3,3),(0.000209851267233739,0.467659076247016),
 .UNSPECIFIED.)
CURVE()
GEOMETRIC_REPRESENTATION_ITEM()
RATIONAL_B_SPLINE_CURVE((1.00013898062186,1.15486101937814,1.00013898062186))
REPRESENTATION_ITEM('')
);
#62=B_SPLINE_CURVE_WITH_KNOTS('',3,(#3798,#3799,#3800,#3801,#3802,#3803,
#3804,#3805),.UNSPECIFIED.,.F.,.F.,(4,2,2,4),(0.180503405714449,0.193160241315167,
0.205817076915886,0.223673067752916),.UNSPECIFIED.);
#63=B_SPLINE_CURVE_WITH_KNOTS('',3,(#3809,#3810,#3811,#3812,#3813,#3814,
#3815,#3816),.UNSPECIFIED.,.F.,.F.,(4,2,2,4),(-0.17290255939101,-0.16319486876469,
-0.148177625582091,-0.133160382399491),.UNSPECIFIED.);
#64=B_SPLINE_CURVE_WITH_KNOTS('',3,(#3820,#3821,#3822,#3823,#3824,#3825,
#3826,#3827,#3828,#3829,#3830,#3831,#3832,#3833),.UNSPECIFIED.,.F.,.F.,
(4,2,2,2,2,2,4),(0.131669411360013,0.146265857768518,0.159063558031768,
0.171861258295018,0.184658958558268,0.197456658821518,0.212053105230023),
 .UNSPECIFIED.);
#65=B_SPLINE_CURVE_WITH_KNOTS('',3,(#3836,#3837,#3838,#3839,#3840,#3841,
#3842,#3843,#3844,#3845),.UNSPECIFIED.,.F.,.F.,(4,2,2,2,4),(0.354143692978341,
0.364373266676169,0.38946153665282,0.414549806629472,0.424779380327299),
 .UNSPECIFIED.);
#66=B_SPLINE_CURVE_WITH_KNOTS('',3,(#3851,#3852,#3853,#3854,#3855,#3856,
#3857,#3858),.UNSPECIFIED.,.F.,.F.,(4,2,2,4),(-0.223673067752917,-0.205817076915886,
-0.193160241315167,-0.180503405714449),.UNSPECIFIED.);
#67=B_SPLINE_CURVE_WITH_KNOTS('',3,(#3862,#3863,#3864,#3865,#3866,#3867,
#3868,#3869),.UNSPECIFIED.,.F.,.F.,(4,2,2,4),(0.133160382399491,0.148177625582091,
0.16319486876469,0.17290255939101),.UNSPECIFIED.);
#68=B_SPLINE_CURVE_WITH_KNOTS('',3,(#4145,#4146,#4147,#4148,#4149,#4150,
#4151,#4152),.UNSPECIFIED.,.F.,.F.,(4,2,2,4),(-0.225408588650735,-0.207272719331814,
-0.194510182044006,-0.181747644756199),.UNSPECIFIED.);
#69=B_SPLINE_CURVE_WITH_KNOTS('',3,(#4165,#4166,#4167,#4168,#4169,#4170,
#4171,#4172,#4173,#4174,#4175,#4176,#4177,#4178),.UNSPECIFIED.,.F.,.F.,
(4,2,2,2,2,2,4),(0.131036740149402,0.145424570518169,0.158131325065736,
0.170838079613302,0.183544834160869,0.196251588708436,0.210639419076465),
 .UNSPECIFIED.);
#70=B_SPLINE_CURVE_WITH_KNOTS('',3,(#4179,#4180,#4181,#4182,#4183,#4184,
#4185,#4186),.UNSPECIFIED.,.F.,.F.,(4,2,2,4),(0.181747644756199,0.194510182044007,
0.207272719331814,0.225407130477679),.UNSPECIFIED.);
#71=B_SPLINE_CURVE_WITH_KNOTS('',3,(#4225,#4226,#4227,#4228),
 .UNSPECIFIED.,.F.,.F.,(4,4),(-0.155159060152427,0.),.UNSPECIFIED.);
#72=B_SPLINE_CURVE_WITH_KNOTS('',3,(#4229,#4230,#4231,#4232),
 .UNSPECIFIED.,.F.,.F.,(4,4),(-0.15521498558258,0.),.UNSPECIFIED.);
#73=B_SPLINE_CURVE_WITH_KNOTS('',3,(#4234,#4235,#4236,#4237),
 .UNSPECIFIED.,.F.,.F.,(4,4),(-0.155159060152539,0.),.UNSPECIFIED.);
#74=B_SPLINE_CURVE_WITH_KNOTS('',3,(#4239,#4240,#4241,#4242),
 .UNSPECIFIED.,.F.,.F.,(4,4),(-0.155159060152903,0.),.UNSPECIFIED.);
#75=B_SPLINE_CURVE_WITH_KNOTS('',3,(#4254,#4255,#4256,#4257,#4258,#4259,
#4260,#4261),.UNSPECIFIED.,.F.,.F.,(4,2,2,4),(0.180503405714449,0.193160241315168,
0.205817076915887,0.223699200342398),.UNSPECIFIED.);
#76=B_SPLINE_CURVE_WITH_KNOTS('',3,(#4265,#4266,#4267,#4268,#4269,#4270,
#4271,#4272),.UNSPECIFIED.,.F.,.F.,(4,2,2,4),(-0.172923766767371,-0.16319486876469,
-0.148177625582091,-0.133160382399491),.UNSPECIFIED.);
#77=B_SPLINE_CURVE_WITH_KNOTS('',3,(#4281,#4282,#4283,#4284,#4285,#4286,
#4287,#4288,#4289,#4290),.UNSPECIFIED.,.F.,.F.,(4,2,2,2,4),(0.088686966145482,
0.0989356394181601,0.124023895155542,0.149112150892924,0.159360824165587),
 .UNSPECIFIED.);
#78=B_SPLINE_CURVE_WITH_KNOTS('',3,(#4292,#4293,#4294,#4295,#4296,#4297,
#4298,#4299),.UNSPECIFIED.,.F.,.F.,(4,2,2,4),(0.133160382399491,0.14817762558209,
0.16319486876469,0.172923374945468),.UNSPECIFIED.);
#79=B_SPLINE_CURVE_WITH_KNOTS('',3,(#4303,#4304,#4305,#4306,#4307,#4308,
#4309,#4310,#4311,#4312,#4313,#4314,#4315,#4316),.UNSPECIFIED.,.F.,.F.,
(4,2,2,2,2,2,4),(0.491553615032225,0.506174427076662,0.518972120212848,
0.531769813349035,0.544567506485221,0.557365199621407,0.571986068813666),
 .UNSPECIFIED.);
#80=B_SPLINE_CURVE_WITH_KNOTS('',3,(#4320,#4321,#4322,#4323,#4324,#4325,
#4326,#4327),.UNSPECIFIED.,.F.,.F.,(4,2,2,4),(-0.223698048961176,-0.205817076915887,
-0.193160241315168,-0.18050340571445),.UNSPECIFIED.);
#81=CYLINDRICAL_SURFACE('',#2741,1.7);
#82=CYLINDRICAL_SURFACE('',#2746,2.19999999999999);
#83=CYLINDRICAL_SURFACE('',#2755,2.19999999999999);
#84=CYLINDRICAL_SURFACE('',#2764,2.19999999999999);
#85=CYLINDRICAL_SURFACE('',#2775,2.5);
#86=CYLINDRICAL_SURFACE('',#2777,0.700000000000001);
#87=CYLINDRICAL_SURFACE('',#2778,0.7);
#88=CYLINDRICAL_SURFACE('',#2782,0.700000000000001);
#89=CYLINDRICAL_SURFACE('',#2823,0.699999999999999);
#90=CYLINDRICAL_SURFACE('',#2825,10.45);
#91=CYLINDRICAL_SURFACE('',#2830,0.7);
#92=CYLINDRICAL_SURFACE('',#2832,0.7);
#93=CYLINDRICAL_SURFACE('',#2838,12.5);
#94=CYLINDRICAL_SURFACE('',#2854,1.6);
#95=CYLINDRICAL_SURFACE('',#2858,0.700000000000001);
#96=CYLINDRICAL_SURFACE('',#2863,0.7);
#97=CYLINDRICAL_SURFACE('',#2864,0.7);
#98=CYLINDRICAL_SURFACE('',#2865,12.5);
#99=CYLINDRICAL_SURFACE('',#2884,0.7);
#100=CYLINDRICAL_SURFACE('',#2887,0.7);
#101=CYLINDRICAL_SURFACE('',#2889,0.7);
#102=CYLINDRICAL_SURFACE('',#2891,10.5);
#103=CYLINDRICAL_SURFACE('',#2914,4.5);
#104=CYLINDRICAL_SURFACE('',#2917,2.5);
#105=CYLINDRICAL_SURFACE('',#2927,4.24999999999998);
#106=CYLINDRICAL_SURFACE('',#2941,2.4505);
#107=CYLINDRICAL_SURFACE('',#2960,2.117);
#108=FACE_BOUND('',#379,.T.);
#109=FACE_BOUND('',#398,.T.);
#110=FACE_BOUND('',#400,.T.);
#111=FACE_BOUND('',#401,.T.);
#112=FACE_BOUND('',#402,.T.);
#113=FACE_BOUND('',#431,.T.);
#114=FACE_BOUND('',#440,.T.);
#115=FACE_BOUND('',#446,.T.);
#116=FACE_BOUND('',#455,.T.);
#117=FACE_BOUND('',#457,.T.);
#118=FACE_BOUND('',#469,.T.);
#119=FACE_BOUND('',#486,.T.);
#120=FACE_BOUND('',#494,.T.);
#121=FACE_BOUND('',#496,.T.);
#122=FACE_BOUND('',#506,.T.);
#123=FACE_BOUND('',#513,.T.);
#124=FACE_BOUND('',#530,.T.);
#125=FACE_BOUND('',#539,.T.);
#126=FACE_BOUND('',#542,.T.);
#127=PLANE('',#2739);
#128=PLANE('',#2750);
#129=PLANE('',#2751);
#130=PLANE('',#2759);
#131=PLANE('',#2760);
#132=PLANE('',#2768);
#133=PLANE('',#2769);
#134=PLANE('',#2773);
#135=PLANE('',#2783);
#136=PLANE('',#2784);
#137=PLANE('',#2785);
#138=PLANE('',#2786);
#139=PLANE('',#2787);
#140=PLANE('',#2788);
#141=PLANE('',#2789);
#142=PLANE('',#2790);
#143=PLANE('',#2791);
#144=PLANE('',#2792);
#145=PLANE('',#2793);
#146=PLANE('',#2794);
#147=PLANE('',#2795);
#148=PLANE('',#2796);
#149=PLANE('',#2797);
#150=PLANE('',#2798);
#151=PLANE('',#2799);
#152=PLANE('',#2800);
#153=PLANE('',#2801);
#154=PLANE('',#2802);
#155=PLANE('',#2803);
#156=PLANE('',#2804);
#157=PLANE('',#2805);
#158=PLANE('',#2806);
#159=PLANE('',#2808);
#160=PLANE('',#2809);
#161=PLANE('',#2810);
#162=PLANE('',#2811);
#163=PLANE('',#2812);
#164=PLANE('',#2814);
#165=PLANE('',#2815);
#166=PLANE('',#2816);
#167=PLANE('',#2817);
#168=PLANE('',#2818);
#169=PLANE('',#2819);
#170=PLANE('',#2820);
#171=PLANE('',#2821);
#172=PLANE('',#2822);
#173=PLANE('',#2841);
#174=PLANE('',#2842);
#175=PLANE('',#2843);
#176=PLANE('',#2845);
#177=PLANE('',#2846);
#178=PLANE('',#2849);
#179=PLANE('',#2851);
#180=PLANE('',#2853);
#181=PLANE('',#2856);
#182=PLANE('',#2870);
#183=PLANE('',#2871);
#184=PLANE('',#2872);
#185=PLANE('',#2873);
#186=PLANE('',#2874);
#187=PLANE('',#2875);
#188=PLANE('',#2876);
#189=PLANE('',#2877);
#190=PLANE('',#2878);
#191=PLANE('',#2879);
#192=PLANE('',#2886);
#193=PLANE('',#2893);
#194=PLANE('',#2894);
#195=PLANE('',#2896);
#196=PLANE('',#2897);
#197=PLANE('',#2898);
#198=PLANE('',#2901);
#199=PLANE('',#2902);
#200=PLANE('',#2907);
#201=PLANE('',#2909);
#202=PLANE('',#2910);
#203=PLANE('',#2911);
#204=PLANE('',#2912);
#205=PLANE('',#2916);
#206=PLANE('',#2926);
#207=PLANE('',#2929);
#208=PLANE('',#2930);
#209=PLANE('',#2931);
#210=PLANE('',#2932);
#211=PLANE('',#2933);
#212=PLANE('',#2934);
#213=PLANE('',#2935);
#214=PLANE('',#2936);
#215=PLANE('',#2937);
#216=PLANE('',#2938);
#217=PLANE('',#2939);
#218=PLANE('',#2940);
#219=PLANE('',#2943);
#220=PLANE('',#2944);
#221=PLANE('',#2946);
#222=PLANE('',#2947);
#223=PLANE('',#2950);
#224=PLANE('',#2951);
#225=PLANE('',#2952);
#226=PLANE('',#2953);
#227=PLANE('',#2954);
#228=PLANE('',#2958);
#229=FACE_OUTER_BOUND('',#377,.T.);
#230=FACE_OUTER_BOUND('',#378,.T.);
#231=FACE_OUTER_BOUND('',#380,.T.);
#232=FACE_OUTER_BOUND('',#381,.T.);
#233=FACE_OUTER_BOUND('',#382,.T.);
#234=FACE_OUTER_BOUND('',#383,.T.);
#235=FACE_OUTER_BOUND('',#384,.T.);
#236=FACE_OUTER_BOUND('',#385,.T.);
#237=FACE_OUTER_BOUND('',#386,.T.);
#238=FACE_OUTER_BOUND('',#387,.T.);
#239=FACE_OUTER_BOUND('',#388,.T.);
#240=FACE_OUTER_BOUND('',#389,.T.);
#241=FACE_OUTER_BOUND('',#390,.T.);
#242=FACE_OUTER_BOUND('',#391,.T.);
#243=FACE_OUTER_BOUND('',#392,.T.);
#244=FACE_OUTER_BOUND('',#393,.T.);
#245=FACE_OUTER_BOUND('',#394,.T.);
#246=FACE_OUTER_BOUND('',#395,.T.);
#247=FACE_OUTER_BOUND('',#396,.T.);
#248=FACE_OUTER_BOUND('',#397,.T.);
#249=FACE_OUTER_BOUND('',#399,.T.);
#250=FACE_OUTER_BOUND('',#403,.T.);
#251=FACE_OUTER_BOUND('',#404,.T.);
#252=FACE_OUTER_BOUND('',#405,.T.);
#253=FACE_OUTER_BOUND('',#406,.T.);
#254=FACE_OUTER_BOUND('',#407,.T.);
#255=FACE_OUTER_BOUND('',#408,.T.);
#256=FACE_OUTER_BOUND('',#409,.T.);
#257=FACE_OUTER_BOUND('',#410,.T.);
#258=FACE_OUTER_BOUND('',#411,.T.);
#259=FACE_OUTER_BOUND('',#412,.T.);
#260=FACE_OUTER_BOUND('',#413,.T.);
#261=FACE_OUTER_BOUND('',#414,.T.);
#262=FACE_OUTER_BOUND('',#415,.T.);
#263=FACE_OUTER_BOUND('',#416,.T.);
#264=FACE_OUTER_BOUND('',#417,.T.);
#265=FACE_OUTER_BOUND('',#418,.T.);
#266=FACE_OUTER_BOUND('',#419,.T.);
#267=FACE_OUTER_BOUND('',#420,.T.);
#268=FACE_OUTER_BOUND('',#421,.T.);
#269=FACE_OUTER_BOUND('',#422,.T.);
#270=FACE_OUTER_BOUND('',#423,.T.);
#271=FACE_OUTER_BOUND('',#424,.T.);
#272=FACE_OUTER_BOUND('',#425,.T.);
#273=FACE_OUTER_BOUND('',#426,.T.);
#274=FACE_OUTER_BOUND('',#427,.T.);
#275=FACE_OUTER_BOUND('',#428,.T.);
#276=FACE_OUTER_BOUND('',#429,.T.);
#277=FACE_OUTER_BOUND('',#430,.T.);
#278=FACE_OUTER_BOUND('',#432,.T.);
#279=FACE_OUTER_BOUND('',#433,.T.);
#280=FACE_OUTER_BOUND('',#434,.T.);
#281=FACE_OUTER_BOUND('',#435,.T.);
#282=FACE_OUTER_BOUND('',#436,.T.);
#283=FACE_OUTER_BOUND('',#437,.T.);
#284=FACE_OUTER_BOUND('',#438,.T.);
#285=FACE_OUTER_BOUND('',#439,.T.);
#286=FACE_OUTER_BOUND('',#441,.T.);
#287=FACE_OUTER_BOUND('',#442,.T.);
#288=FACE_OUTER_BOUND('',#443,.T.);
#289=FACE_OUTER_BOUND('',#444,.T.);
#290=FACE_OUTER_BOUND('',#445,.T.);
#291=FACE_OUTER_BOUND('',#447,.T.);
#292=FACE_OUTER_BOUND('',#448,.T.);
#293=FACE_OUTER_BOUND('',#449,.T.);
#294=FACE_OUTER_BOUND('',#450,.T.);
#295=FACE_OUTER_BOUND('',#451,.T.);
#296=FACE_OUTER_BOUND('',#452,.T.);
#297=FACE_OUTER_BOUND('',#453,.T.);
#298=FACE_OUTER_BOUND('',#454,.T.);
#299=FACE_OUTER_BOUND('',#456,.T.);
#300=FACE_OUTER_BOUND('',#458,.T.);
#301=FACE_OUTER_BOUND('',#459,.T.);
#302=FACE_OUTER_BOUND('',#460,.T.);
#303=FACE_OUTER_BOUND('',#461,.T.);
#304=FACE_OUTER_BOUND('',#462,.T.);
#305=FACE_OUTER_BOUND('',#463,.T.);
#306=FACE_OUTER_BOUND('',#464,.T.);
#307=FACE_OUTER_BOUND('',#465,.T.);
#308=FACE_OUTER_BOUND('',#466,.T.);
#309=FACE_OUTER_BOUND('',#467,.T.);
#310=FACE_OUTER_BOUND('',#468,.T.);
#311=FACE_OUTER_BOUND('',#470,.T.);
#312=FACE_OUTER_BOUND('',#471,.T.);
#313=FACE_OUTER_BOUND('',#472,.T.);
#314=FACE_OUTER_BOUND('',#473,.T.);
#315=FACE_OUTER_BOUND('',#474,.T.);
#316=FACE_OUTER_BOUND('',#475,.T.);
#317=FACE_OUTER_BOUND('',#476,.T.);
#318=FACE_OUTER_BOUND('',#477,.T.);
#319=FACE_OUTER_BOUND('',#478,.T.);
#320=FACE_OUTER_BOUND('',#479,.T.);
#321=FACE_OUTER_BOUND('',#480,.T.);
#322=FACE_OUTER_BOUND('',#481,.T.);
#323=FACE_OUTER_BOUND('',#482,.T.);
#324=FACE_OUTER_BOUND('',#483,.T.);
#325=FACE_OUTER_BOUND('',#484,.T.);
#326=FACE_OUTER_BOUND('',#485,.T.);
#327=FACE_OUTER_BOUND('',#487,.T.);
#328=FACE_OUTER_BOUND('',#488,.T.);
#329=FACE_OUTER_BOUND('',#489,.T.);
#330=FACE_OUTER_BOUND('',#490,.T.);
#331=FACE_OUTER_BOUND('',#491,.T.);
#332=FACE_OUTER_BOUND('',#492,.T.);
#333=FACE_OUTER_BOUND('',#493,.T.);
#334=FACE_OUTER_BOUND('',#495,.T.);
#335=FACE_OUTER_BOUND('',#497,.T.);
#336=FACE_OUTER_BOUND('',#498,.T.);
#337=FACE_OUTER_BOUND('',#499,.T.);
#338=FACE_OUTER_BOUND('',#500,.T.);
#339=FACE_OUTER_BOUND('',#501,.T.);
#340=FACE_OUTER_BOUND('',#502,.T.);
#341=FACE_OUTER_BOUND('',#503,.T.);
#342=FACE_OUTER_BOUND('',#504,.T.);
#343=FACE_OUTER_BOUND('',#505,.T.);
#344=FACE_OUTER_BOUND('',#507,.T.);
#345=FACE_OUTER_BOUND('',#508,.T.);
#346=FACE_OUTER_BOUND('',#509,.T.);
#347=FACE_OUTER_BOUND('',#510,.T.);
#348=FACE_OUTER_BOUND('',#511,.T.);
#349=FACE_OUTER_BOUND('',#512,.T.);
#350=FACE_OUTER_BOUND('',#514,.T.);
#351=FACE_OUTER_BOUND('',#515,.T.);
#352=FACE_OUTER_BOUND('',#516,.T.);
#353=FACE_OUTER_BOUND('',#517,.T.);
#354=FACE_OUTER_BOUND('',#518,.T.);
#355=FACE_OUTER_BOUND('',#519,.T.);
#356=FACE_OUTER_BOUND('',#520,.T.);
#357=FACE_OUTER_BOUND('',#521,.T.);
#358=FACE_OUTER_BOUND('',#522,.T.);
#359=FACE_OUTER_BOUND('',#523,.T.);
#360=FACE_OUTER_BOUND('',#524,.T.);
#361=FACE_OUTER_BOUND('',#525,.T.);
#362=FACE_OUTER_BOUND('',#526,.T.);
#363=FACE_OUTER_BOUND('',#527,.T.);
#364=FACE_OUTER_BOUND('',#528,.T.);
#365=FACE_OUTER_BOUND('',#529,.T.);
#366=FACE_OUTER_BOUND('',#531,.T.);
#367=FACE_OUTER_BOUND('',#532,.T.);
#368=FACE_OUTER_BOUND('',#533,.T.);
#369=FACE_OUTER_BOUND('',#534,.T.);
#370=FACE_OUTER_BOUND('',#535,.T.);
#371=FACE_OUTER_BOUND('',#536,.T.);
#372=FACE_OUTER_BOUND('',#537,.T.);
#373=FACE_OUTER_BOUND('',#538,.T.);
#374=FACE_OUTER_BOUND('',#540,.T.);
#375=FACE_OUTER_BOUND('',#541,.T.);
#376=FACE_OUTER_BOUND('',#543,.T.);
#377=EDGE_LOOP('',(#1767,#1768,#1769,#1770));
#378=EDGE_LOOP('',(#1771));
#379=EDGE_LOOP('',(#1772));
#380=EDGE_LOOP('',(#1773,#1774,#1775,#1776));
#381=EDGE_LOOP('',(#1777,#1778,#1779,#1780));
#382=EDGE_LOOP('',(#1781,#1782,#1783,#1784));
#383=EDGE_LOOP('',(#1785,#1786,#1787,#1788));
#384=EDGE_LOOP('',(#1789,#1790,#1791,#1792));
#385=EDGE_LOOP('',(#1793,#1794,#1795,#1796));
#386=EDGE_LOOP('',(#1797,#1798,#1799,#1800));
#387=EDGE_LOOP('',(#1801,#1802,#1803,#1804));
#388=EDGE_LOOP('',(#1805,#1806,#1807,#1808));
#389=EDGE_LOOP('',(#1809,#1810,#1811,#1812));
#390=EDGE_LOOP('',(#1813,#1814,#1815,#1816));
#391=EDGE_LOOP('',(#1817,#1818,#1819,#1820));
#392=EDGE_LOOP('',(#1821,#1822,#1823,#1824));
#393=EDGE_LOOP('',(#1825,#1826,#1827,#1828));
#394=EDGE_LOOP('',(#1829,#1830,#1831,#1832));
#395=EDGE_LOOP('',(#1833,#1834,#1835,#1836));
#396=EDGE_LOOP('',(#1837,#1838,#1839,#1840));
#397=EDGE_LOOP('',(#1841));
#398=EDGE_LOOP('',(#1842));
#399=EDGE_LOOP('',(#1843,#1844,#1845,#1846));
#400=EDGE_LOOP('',(#1847,#1848,#1849,#1850));
#401=EDGE_LOOP('',(#1851,#1852,#1853,#1854));
#402=EDGE_LOOP('',(#1855,#1856,#1857,#1858));
#403=EDGE_LOOP('',(#1859,#1860,#1861,#1862));
#404=EDGE_LOOP('',(#1863,#1864,#1865,#1866));
#405=EDGE_LOOP('',(#1867,#1868,#1869,#1870,#1871,#1872,#1873,#1874));
#406=EDGE_LOOP('',(#1875,#1876,#1877,#1878));
#407=EDGE_LOOP('',(#1879,#1880,#1881,#1882,#1883,#1884,#1885,#1886,#1887,
#1888,#1889));
#408=EDGE_LOOP('',(#1890,#1891,#1892,#1893,#1894,#1895,#1896,#1897,#1898,
#1899,#1900,#1901));
#409=EDGE_LOOP('',(#1902,#1903,#1904,#1905,#1906,#1907,#1908,#1909,#1910,
#1911,#1912,#1913));
#410=EDGE_LOOP('',(#1914,#1915,#1916,#1917));
#411=EDGE_LOOP('',(#1918,#1919,#1920,#1921));
#412=EDGE_LOOP('',(#1922,#1923,#1924,#1925));
#413=EDGE_LOOP('',(#1926,#1927,#1928,#1929));
#414=EDGE_LOOP('',(#1930,#1931,#1932,#1933,#1934,#1935,#1936,#1937,#1938,
#1939));
#415=EDGE_LOOP('',(#1940,#1941,#1942,#1943));
#416=EDGE_LOOP('',(#1944,#1945,#1946,#1947));
#417=EDGE_LOOP('',(#1948,#1949,#1950,#1951,#1952,#1953,#1954,#1955,#1956,
#1957,#1958,#1959));
#418=EDGE_LOOP('',(#1960,#1961,#1962,#1963));
#419=EDGE_LOOP('',(#1964,#1965,#1966,#1967));
#420=EDGE_LOOP('',(#1968,#1969,#1970,#1971));
#421=EDGE_LOOP('',(#1972,#1973,#1974,#1975));
#422=EDGE_LOOP('',(#1976,#1977,#1978,#1979,#1980,#1981,#1982,#1983));
#423=EDGE_LOOP('',(#1984,#1985,#1986,#1987,#1988,#1989,#1990,#1991,#1992,
#1993,#1994,#1995));
#424=EDGE_LOOP('',(#1996,#1997,#1998,#1999));
#425=EDGE_LOOP('',(#2000,#2001,#2002,#2003,#2004,#2005,#2006,#2007));
#426=EDGE_LOOP('',(#2008,#2009,#2010,#2011));
#427=EDGE_LOOP('',(#2012,#2013,#2014,#2015));
#428=EDGE_LOOP('',(#2016,#2017,#2018,#2019));
#429=EDGE_LOOP('',(#2020,#2021,#2022,#2023));
#430=EDGE_LOOP('',(#2024,#2025,#2026,#2027,#2028,#2029,#2030,#2031,#2032,
#2033,#2034,#2035,#2036,#2037,#2038));
#431=EDGE_LOOP('',(#2039));
#432=EDGE_LOOP('',(#2040,#2041,#2042,#2043));
#433=EDGE_LOOP('',(#2044,#2045,#2046,#2047));
#434=EDGE_LOOP('',(#2048,#2049,#2050,#2051,#2052,#2053,#2054,#2055,#2056,
#2057));
#435=EDGE_LOOP('',(#2058,#2059,#2060,#2061));
#436=EDGE_LOOP('',(#2062,#2063,#2064,#2065,#2066,#2067,#2068,#2069));
#437=EDGE_LOOP('',(#2070,#2071,#2072,#2073,#2074,#2075,#2076,#2077));
#438=EDGE_LOOP('',(#2078,#2079,#2080,#2081,#2082,#2083,#2084,#2085));
#439=EDGE_LOOP('',(#2086,#2087,#2088,#2089));
#440=EDGE_LOOP('',(#2090,#2091,#2092,#2093));
#441=EDGE_LOOP('',(#2094,#2095,#2096,#2097));
#442=EDGE_LOOP('',(#2098,#2099,#2100,#2101));
#443=EDGE_LOOP('',(#2102,#2103,#2104,#2105));
#444=EDGE_LOOP('',(#2106,#2107,#2108,#2109));
#445=EDGE_LOOP('',(#2110,#2111,#2112,#2113));
#446=EDGE_LOOP('',(#2114,#2115,#2116,#2117));
#447=EDGE_LOOP('',(#2118,#2119,#2120,#2121));
#448=EDGE_LOOP('',(#2122,#2123,#2124,#2125));
#449=EDGE_LOOP('',(#2126,#2127,#2128,#2129,#2130));
#450=EDGE_LOOP('',(#2131,#2132,#2133,#2134,#2135,#2136,#2137,#2138));
#451=EDGE_LOOP('',(#2139,#2140,#2141,#2142));
#452=EDGE_LOOP('',(#2143,#2144,#2145,#2146));
#453=EDGE_LOOP('',(#2147,#2148,#2149,#2150,#2151,#2152,#2153,#2154));
#454=EDGE_LOOP('',(#2155,#2156,#2157,#2158,#2159,#2160));
#455=EDGE_LOOP('',(#2161,#2162,#2163,#2164));
#456=EDGE_LOOP('',(#2165));
#457=EDGE_LOOP('',(#2166,#2167,#2168,#2169));
#458=EDGE_LOOP('',(#2170,#2171,#2172,#2173,#2174));
#459=EDGE_LOOP('',(#2175,#2176,#2177,#2178));
#460=EDGE_LOOP('',(#2179,#2180,#2181,#2182,#2183));
#461=EDGE_LOOP('',(#2184,#2185,#2186,#2187,#2188));
#462=EDGE_LOOP('',(#2189,#2190,#2191,#2192));
#463=EDGE_LOOP('',(#2193,#2194,#2195,#2196,#2197,#2198));
#464=EDGE_LOOP('',(#2199,#2200,#2201,#2202));
#465=EDGE_LOOP('',(#2203,#2204,#2205,#2206,#2207,#2208));
#466=EDGE_LOOP('',(#2209,#2210,#2211,#2212));
#467=EDGE_LOOP('',(#2213,#2214,#2215,#2216,#2217,#2218));
#468=EDGE_LOOP('',(#2219));
#469=EDGE_LOOP('',(#2220));
#470=EDGE_LOOP('',(#2221,#2222,#2223,#2224));
#471=EDGE_LOOP('',(#2225,#2226,#2227,#2228,#2229,#2230,#2231,#2232));
#472=EDGE_LOOP('',(#2233,#2234,#2235,#2236));
#473=EDGE_LOOP('',(#2237,#2238,#2239,#2240));
#474=EDGE_LOOP('',(#2241,#2242,#2243,#2244,#2245,#2246));
#475=EDGE_LOOP('',(#2247,#2248,#2249,#2250,#2251,#2252,#2253,#2254));
#476=EDGE_LOOP('',(#2255,#2256,#2257,#2258));
#477=EDGE_LOOP('',(#2259,#2260,#2261,#2262));
#478=EDGE_LOOP('',(#2263,#2264,#2265,#2266));
#479=EDGE_LOOP('',(#2267,#2268,#2269,#2270));
#480=EDGE_LOOP('',(#2271,#2272,#2273,#2274));
#481=EDGE_LOOP('',(#2275,#2276,#2277,#2278));
#482=EDGE_LOOP('',(#2279,#2280,#2281,#2282));
#483=EDGE_LOOP('',(#2283,#2284,#2285,#2286));
#484=EDGE_LOOP('',(#2287,#2288,#2289,#2290));
#485=EDGE_LOOP('',(#2291,#2292,#2293,#2294,#2295,#2296));
#486=EDGE_LOOP('',(#2297,#2298,#2299,#2300,#2301,#2302));
#487=EDGE_LOOP('',(#2303,#2304,#2305,#2306));
#488=EDGE_LOOP('',(#2307,#2308,#2309,#2310));
#489=EDGE_LOOP('',(#2311,#2312,#2313,#2314));
#490=EDGE_LOOP('',(#2315,#2316,#2317,#2318));
#491=EDGE_LOOP('',(#2319,#2320,#2321,#2322));
#492=EDGE_LOOP('',(#2323,#2324,#2325,#2326));
#493=EDGE_LOOP('',(#2327));
#494=EDGE_LOOP('',(#2328));
#495=EDGE_LOOP('',(#2329));
#496=EDGE_LOOP('',(#2330,#2331,#2332,#2333,#2334,#2335));
#497=EDGE_LOOP('',(#2336,#2337,#2338,#2339,#2340));
#498=EDGE_LOOP('',(#2341,#2342,#2343,#2344));
#499=EDGE_LOOP('',(#2345,#2346,#2347,#2348,#2349));
#500=EDGE_LOOP('',(#2350,#2351,#2352,#2353,#2354,#2355));
#501=EDGE_LOOP('',(#2356,#2357));
#502=EDGE_LOOP('',(#2358,#2359,#2360,#2361));
#503=EDGE_LOOP('',(#2362,#2363,#2364,#2365));
#504=EDGE_LOOP('',(#2366,#2367,#2368,#2369));
#505=EDGE_LOOP('',(#2370,#2371,#2372,#2373,#2374,#2375));
#506=EDGE_LOOP('',(#2376));
#507=EDGE_LOOP('',(#2377,#2378,#2379,#2380,#2381,#2382,#2383,#2384,#2385,
#2386,#2387,#2388));
#508=EDGE_LOOP('',(#2389,#2390));
#509=EDGE_LOOP('',(#2391,#2392,#2393,#2394,#2395,#2396));
#510=EDGE_LOOP('',(#2397,#2398,#2399,#2400));
#511=EDGE_LOOP('',(#2401,#2402,#2403,#2404));
#512=EDGE_LOOP('',(#2405));
#513=EDGE_LOOP('',(#2406,#2407,#2408,#2409,#2410,#2411));
#514=EDGE_LOOP('',(#2412,#2413,#2414,#2415));
#515=EDGE_LOOP('',(#2416,#2417,#2418));
#516=EDGE_LOOP('',(#2419,#2420,#2421));
#517=EDGE_LOOP('',(#2422,#2423,#2424));
#518=EDGE_LOOP('',(#2425,#2426,#2427));
#519=EDGE_LOOP('',(#2428,#2429,#2430));
#520=EDGE_LOOP('',(#2431,#2432,#2433));
#521=EDGE_LOOP('',(#2434,#2435,#2436,#2437));
#522=EDGE_LOOP('',(#2438,#2439,#2440,#2441));
#523=EDGE_LOOP('',(#2442,#2443,#2444,#2445));
#524=EDGE_LOOP('',(#2446,#2447,#2448,#2449));
#525=EDGE_LOOP('',(#2450,#2451,#2452,#2453));
#526=EDGE_LOOP('',(#2454,#2455,#2456,#2457));
#527=EDGE_LOOP('',(#2458,#2459,#2460,#2461));
#528=EDGE_LOOP('',(#2462));
#529=EDGE_LOOP('',(#2463));
#530=EDGE_LOOP('',(#2464));
#531=EDGE_LOOP('',(#2465,#2466,#2467,#2468));
#532=EDGE_LOOP('',(#2469,#2470,#2471,#2472));
#533=EDGE_LOOP('',(#2473,#2474,#2475,#2476,#2477,#2478,#2479,#2480,#2481,
#2482));
#534=EDGE_LOOP('',(#2483,#2484,#2485,#2486));
#535=EDGE_LOOP('',(#2487,#2488,#2489,#2490,#2491,#2492));
#536=EDGE_LOOP('',(#2493,#2494,#2495,#2496));
#537=EDGE_LOOP('',(#2497,#2498,#2499,#2500));
#538=EDGE_LOOP('',(#2501));
#539=EDGE_LOOP('',(#2502));
#540=EDGE_LOOP('',(#2503,#2504,#2505,#2506,#2507,#2508,#2509,#2510,#2511,
#2512));
#541=EDGE_LOOP('',(#2513));
#542=EDGE_LOOP('',(#2514));
#543=EDGE_LOOP('',(#2515,#2516,#2517,#2518));
#544=LINE('',#3698,#809);
#545=LINE('',#3705,#810);
#546=LINE('',#3710,#811);
#547=LINE('',#3714,#812);
#548=LINE('',#3718,#813);
#549=LINE('',#3720,#814);
#550=LINE('',#3724,#815);
#551=LINE('',#3726,#816);
#552=LINE('',#3729,#817);
#553=LINE('',#3731,#818);
#554=LINE('',#3735,#819);
#555=LINE('',#3739,#820);
#556=LINE('',#3743,#821);
#557=LINE('',#3745,#822);
#558=LINE('',#3749,#823);
#559=LINE('',#3751,#824);
#560=LINE('',#3754,#825);
#561=LINE('',#3756,#826);
#562=LINE('',#3760,#827);
#563=LINE('',#3764,#828);
#564=LINE('',#3768,#829);
#565=LINE('',#3770,#830);
#566=LINE('',#3774,#831);
#567=LINE('',#3776,#832);
#568=LINE('',#3779,#833);
#569=LINE('',#3781,#834);
#570=LINE('',#3786,#835);
#571=LINE('',#3793,#836);
#572=LINE('',#3807,#837);
#573=LINE('',#3817,#838);
#574=LINE('',#3835,#839);
#575=LINE('',#3848,#840);
#576=LINE('',#3870,#841);
#577=LINE('',#3874,#842);
#578=LINE('',#3876,#843);
#579=LINE('',#3878,#844);
#580=LINE('',#3880,#845);
#581=LINE('',#3882,#846);
#582=LINE('',#3884,#847);
#583=LINE('',#3886,#848);
#584=LINE('',#3888,#849);
#585=LINE('',#3890,#850);
#586=LINE('',#3892,#851);
#587=LINE('',#3893,#852);
#588=LINE('',#3897,#853);
#589=LINE('',#3899,#854);
#590=LINE('',#3901,#855);
#591=LINE('',#3903,#856);
#592=LINE('',#3905,#857);
#593=LINE('',#3907,#858);
#594=LINE('',#3909,#859);
#595=LINE('',#3911,#860);
#596=LINE('',#3913,#861);
#597=LINE('',#3915,#862);
#598=LINE('',#3917,#863);
#599=LINE('',#3918,#864);
#600=LINE('',#3922,#865);
#601=LINE('',#3924,#866);
#602=LINE('',#3926,#867);
#603=LINE('',#3928,#868);
#604=LINE('',#3930,#869);
#605=LINE('',#3932,#870);
#606=LINE('',#3934,#871);
#607=LINE('',#3936,#872);
#608=LINE('',#3938,#873);
#609=LINE('',#3940,#874);
#610=LINE('',#3942,#875);
#611=LINE('',#3943,#876);
#612=LINE('',#3946,#877);
#613=LINE('',#3948,#878);
#614=LINE('',#3949,#879);
#615=LINE('',#3952,#880);
#616=LINE('',#3953,#881);
#617=LINE('',#3956,#882);
#618=LINE('',#3957,#883);
#619=LINE('',#3960,#884);
#620=LINE('',#3962,#885);
#621=LINE('',#3963,#886);
#622=LINE('',#3966,#887);
#623=LINE('',#3968,#888);
#624=LINE('',#3970,#889);
#625=LINE('',#3972,#890);
#626=LINE('',#3974,#891);
#627=LINE('',#3980,#892);
#628=LINE('',#3985,#893);
#629=LINE('',#3988,#894);
#630=LINE('',#3989,#895);
#631=LINE('',#3992,#896);
#632=LINE('',#3993,#897);
#633=LINE('',#3996,#898);
#634=LINE('',#3998,#899);
#635=LINE('',#3999,#900);
#636=LINE('',#4001,#901);
#637=LINE('',#4003,#902);
#638=LINE('',#4005,#903);
#639=LINE('',#4007,#904);
#640=LINE('',#4008,#905);
#641=LINE('',#4010,#906);
#642=LINE('',#4011,#907);
#643=LINE('',#4013,#908);
#644=LINE('',#4015,#909);
#645=LINE('',#4019,#910);
#646=LINE('',#4021,#911);
#647=LINE('',#4022,#912);
#648=LINE('',#4025,#913);
#649=LINE('',#4027,#914);
#650=LINE('',#4029,#915);
#651=LINE('',#4031,#916);
#652=LINE('',#4033,#917);
#653=LINE('',#4035,#918);
#654=LINE('',#4037,#919);
#655=LINE('',#4039,#920);
#656=LINE('',#4040,#921);
#657=LINE('',#4042,#922);
#658=LINE('',#4043,#923);
#659=LINE('',#4047,#924);
#660=LINE('',#4048,#925);
#661=LINE('',#4050,#926);
#662=LINE('',#4052,#927);
#663=LINE('',#4053,#928);
#664=LINE('',#4055,#929);
#665=LINE('',#4056,#930);
#666=LINE('',#4058,#931);
#667=LINE('',#4060,#932);
#668=LINE('',#4065,#933);
#669=LINE('',#4067,#934);
#670=LINE('',#4069,#935);
#671=LINE('',#4071,#936);
#672=LINE('',#4073,#937);
#673=LINE('',#4075,#938);
#674=LINE('',#4077,#939);
#675=LINE('',#4079,#940);
#676=LINE('',#4080,#941);
#677=LINE('',#4083,#942);
#678=LINE('',#4084,#943);
#679=LINE('',#4086,#944);
#680=LINE('',#4087,#945);
#681=LINE('',#4095,#946);
#682=LINE('',#4100,#947);
#683=LINE('',#4101,#948);
#684=LINE('',#4106,#949);
#685=LINE('',#4107,#950);
#686=LINE('',#4109,#951);
#687=LINE('',#4112,#952);
#688=LINE('',#4114,#953);
#689=LINE('',#4115,#954);
#690=LINE('',#4116,#955);
#691=LINE('',#4119,#956);
#692=LINE('',#4121,#957);
#693=LINE('',#4122,#958);
#694=LINE('',#4123,#959);
#695=LINE('',#4125,#960);
#696=LINE('',#4127,#961);
#697=LINE('',#4129,#962);
#698=LINE('',#4131,#963);
#699=LINE('',#4132,#964);
#700=LINE('',#4134,#965);
#701=LINE('',#4137,#966);
#702=LINE('',#4143,#967);
#703=LINE('',#4153,#968);
#704=LINE('',#4160,#969);
#705=LINE('',#4163,#970);
#706=LINE('',#4190,#971);
#707=LINE('',#4197,#972);
#708=LINE('',#4203,#973);
#709=LINE('',#4207,#974);
#710=LINE('',#4212,#975);
#711=LINE('',#4213,#976);
#712=LINE('',#4216,#977);
#713=LINE('',#4219,#978);
#714=LINE('',#4247,#979);
#715=LINE('',#4263,#980);
#716=LINE('',#4273,#981);
#717=LINE('',#4278,#982);
#718=LINE('',#4317,#983);
#719=LINE('',#4328,#984);
#720=LINE('',#4335,#985);
#721=LINE('',#4340,#986);
#722=LINE('',#4342,#987);
#723=LINE('',#4344,#988);
#724=LINE('',#4345,#989);
#725=LINE('',#4349,#990);
#726=LINE('',#4351,#991);
#727=LINE('',#4353,#992);
#728=LINE('',#4354,#993);
#729=LINE('',#4357,#994);
#730=LINE('',#4359,#995);
#731=LINE('',#4360,#996);
#732=LINE('',#4363,#997);
#733=LINE('',#4365,#998);
#734=LINE('',#4366,#999);
#735=LINE('',#4368,#1000);
#736=LINE('',#4369,#1001);
#737=LINE('',#4371,#1002);
#738=LINE('',#4372,#1003);
#739=LINE('',#4375,#1004);
#740=LINE('',#4377,#1005);
#741=LINE('',#4378,#1006);
#742=LINE('',#4381,#1007);
#743=LINE('',#4382,#1008);
#744=LINE('',#4385,#1009);
#745=LINE('',#4386,#1010);
#746=LINE('',#4392,#1011);
#747=LINE('',#4399,#1012);
#748=LINE('',#4402,#1013);
#749=LINE('',#4405,#1014);
#750=LINE('',#4408,#1015);
#751=LINE('',#4409,#1016);
#752=LINE('',#4413,#1017);
#753=LINE('',#4418,#1018);
#754=LINE('',#4419,#1019);
#755=LINE('',#4423,#1020);
#756=LINE('',#4431,#1021);
#757=LINE('',#4433,#1022);
#758=LINE('',#4435,#1023);
#759=LINE('',#4437,#1024);
#760=LINE('',#4438,#1025);
#761=LINE('',#4443,#1026);
#762=LINE('',#4448,#1027);
#763=LINE('',#4450,#1028);
#764=LINE('',#4451,#1029);
#765=LINE('',#4452,#1030);
#766=LINE('',#4464,#1031);
#767=LINE('',#4465,#1032);
#768=LINE('',#4468,#1033);
#769=LINE('',#4469,#1034);
#770=LINE('',#4471,#1035);
#771=LINE('',#4476,#1036);
#772=LINE('',#4480,#1037);
#773=LINE('',#4486,#1038);
#774=LINE('',#4497,#1039);
#775=LINE('',#4499,#1040);
#776=LINE('',#4501,#1041);
#777=LINE('',#4503,#1042);
#778=LINE('',#4505,#1043);
#779=LINE('',#4506,#1044);
#780=LINE('',#4510,#1045);
#781=LINE('',#4514,#1046);
#782=LINE('',#4516,#1047);
#783=LINE('',#4517,#1048);
#784=LINE('',#4520,#1049);
#785=LINE('',#4521,#1050);
#786=LINE('',#4524,#1051);
#787=LINE('',#4525,#1052);
#788=LINE('',#4528,#1053);
#789=LINE('',#4529,#1054);
#790=LINE('',#4532,#1055);
#791=LINE('',#4533,#1056);
#792=LINE('',#4535,#1057);
#793=LINE('',#4537,#1058);
#794=LINE('',#4538,#1059);
#795=LINE('',#4540,#1060);
#796=LINE('',#4542,#1061);
#797=LINE('',#4544,#1062);
#798=LINE('',#4546,#1063);
#799=LINE('',#4550,#1064);
#800=LINE('',#4558,#1065);
#801=LINE('',#4564,#1066);
#802=LINE('',#4574,#1067);
#803=LINE('',#4582,#1068);
#804=LINE('',#4606,#1069);
#805=LINE('',#4616,#1070);
#806=LINE('',#4622,#1071);
#807=LINE('',#4633,#1072);
#808=LINE('',#4638,#1073);
#809=VECTOR('',#2973,2.2);
#810=VECTOR('',#2982,1.6);
#811=VECTOR('',#2987,10.);
#812=VECTOR('',#2990,10.);
#813=VECTOR('',#2995,10.);
#814=VECTOR('',#2996,10.);
#815=VECTOR('',#3001,10.);
#816=VECTOR('',#3002,10.);
#817=VECTOR('',#3007,10.);
#818=VECTOR('',#3010,10.);
#819=VECTOR('',#3013,10.);
#820=VECTOR('',#3016,10.);
#821=VECTOR('',#3021,10.);
#822=VECTOR('',#3022,10.);
#823=VECTOR('',#3027,10.);
#824=VECTOR('',#3028,10.);
#825=VECTOR('',#3033,10.);
#826=VECTOR('',#3036,10.);
#827=VECTOR('',#3039,10.);
#828=VECTOR('',#3042,10.);
#829=VECTOR('',#3047,10.);
#830=VECTOR('',#3048,10.);
#831=VECTOR('',#3053,10.);
#832=VECTOR('',#3054,10.);
#833=VECTOR('',#3059,10.);
#834=VECTOR('',#3062,10.);
#835=VECTOR('',#3067,2.75);
#836=VECTOR('',#3076,2.5);
#837=VECTOR('',#3081,0.700000000000001);
#838=VECTOR('',#3082,0.700000000000001);
#839=VECTOR('',#3085,0.700000000000001);
#840=VECTOR('',#3088,12.);
#841=VECTOR('',#3095,0.700000000000001);
#842=VECTOR('',#3098,10.);
#843=VECTOR('',#3099,10.);
#844=VECTOR('',#3100,10.);
#845=VECTOR('',#3101,10.);
#846=VECTOR('',#3102,10.);
#847=VECTOR('',#3103,10.);
#848=VECTOR('',#3104,10.);
#849=VECTOR('',#3105,10.);
#850=VECTOR('',#3106,10.);
#851=VECTOR('',#3107,10.);
#852=VECTOR('',#3108,10.);
#853=VECTOR('',#3111,10.);
#854=VECTOR('',#3112,10.);
#855=VECTOR('',#3113,10.);
#856=VECTOR('',#3114,10.);
#857=VECTOR('',#3115,10.);
#858=VECTOR('',#3116,10.);
#859=VECTOR('',#3117,10.);
#860=VECTOR('',#3118,10.);
#861=VECTOR('',#3119,10.);
#862=VECTOR('',#3120,10.);
#863=VECTOR('',#3121,10.);
#864=VECTOR('',#3122,10.);
#865=VECTOR('',#3125,10.);
#866=VECTOR('',#3126,10.);
#867=VECTOR('',#3127,10.);
#868=VECTOR('',#3128,10.);
#869=VECTOR('',#3129,10.);
#870=VECTOR('',#3130,10.);
#871=VECTOR('',#3131,10.);
#872=VECTOR('',#3132,10.);
#873=VECTOR('',#3133,10.);
#874=VECTOR('',#3134,10.);
#875=VECTOR('',#3135,10.);
#876=VECTOR('',#3136,10.);
#877=VECTOR('',#3139,10.);
#878=VECTOR('',#3140,10.);
#879=VECTOR('',#3141,10.);
#880=VECTOR('',#3144,10.);
#881=VECTOR('',#3145,10.);
#882=VECTOR('',#3148,10.);
#883=VECTOR('',#3149,10.);
#884=VECTOR('',#3152,10.);
#885=VECTOR('',#3153,10.);
#886=VECTOR('',#3154,10.);
#887=VECTOR('',#3157,10.);
#888=VECTOR('',#3158,10.);
#889=VECTOR('',#3159,10.);
#890=VECTOR('',#3160,10.);
#891=VECTOR('',#3161,10.);
#892=VECTOR('',#3162,10.);
#893=VECTOR('',#3163,10.);
#894=VECTOR('',#3166,10.);
#895=VECTOR('',#3167,10.);
#896=VECTOR('',#3170,10.);
#897=VECTOR('',#3171,10.);
#898=VECTOR('',#3174,10.);
#899=VECTOR('',#3175,10.);
#900=VECTOR('',#3176,10.);
#901=VECTOR('',#3177,10.);
#902=VECTOR('',#3178,10.);
#903=VECTOR('',#3179,10.);
#904=VECTOR('',#3180,10.);
#905=VECTOR('',#3181,10.);
#906=VECTOR('',#3184,10.);
#907=VECTOR('',#3185,10.);
#908=VECTOR('',#3188,10.);
#909=VECTOR('',#3191,10.);
#910=VECTOR('',#3196,10.);
#911=VECTOR('',#3197,10.);
#912=VECTOR('',#3198,10.);
#913=VECTOR('',#3201,10.);
#914=VECTOR('',#3202,10.);
#915=VECTOR('',#3203,10.);
#916=VECTOR('',#3204,10.);
#917=VECTOR('',#3205,10.);
#918=VECTOR('',#3206,10.);
#919=VECTOR('',#3207,10.);
#920=VECTOR('',#3208,10.);
#921=VECTOR('',#3209,10.);
#922=VECTOR('',#3212,10.);
#923=VECTOR('',#3213,10.);
#924=VECTOR('',#3216,10.);
#925=VECTOR('',#3217,10.);
#926=VECTOR('',#3218,10.);
#927=VECTOR('',#3219,10.);
#928=VECTOR('',#3220,10.);
#929=VECTOR('',#3223,10.);
#930=VECTOR('',#3224,10.);
#931=VECTOR('',#3227,10.);
#932=VECTOR('',#3230,10.);
#933=VECTOR('',#3235,10.);
#934=VECTOR('',#3236,10.);
#935=VECTOR('',#3237,10.);
#936=VECTOR('',#3238,10.);
#937=VECTOR('',#3239,10.);
#938=VECTOR('',#3240,10.);
#939=VECTOR('',#3241,10.);
#940=VECTOR('',#3242,10.);
#941=VECTOR('',#3243,10.);
#942=VECTOR('',#3246,10.);
#943=VECTOR('',#3247,10.);
#944=VECTOR('',#3250,10.);
#945=VECTOR('',#3251,10.);
#946=VECTOR('',#3256,10.);
#947=VECTOR('',#3257,10.);
#948=VECTOR('',#3258,10.);
#949=VECTOR('',#3263,10.);
#950=VECTOR('',#3264,10.);
#951=VECTOR('',#3267,10.);
#952=VECTOR('',#3270,10.);
#953=VECTOR('',#3271,10.);
#954=VECTOR('',#3272,10.);
#955=VECTOR('',#3273,10.);
#956=VECTOR('',#3276,10.);
#957=VECTOR('',#3277,10.);
#958=VECTOR('',#3278,10.);
#959=VECTOR('',#3279,10.);
#960=VECTOR('',#3282,10.);
#961=VECTOR('',#3285,10.);
#962=VECTOR('',#3288,10.);
#963=VECTOR('',#3291,10.);
#964=VECTOR('',#3292,10.);
#965=VECTOR('',#3295,10.);
#966=VECTOR('',#3300,10.);
#967=VECTOR('',#3305,0.699999999999999);
#968=VECTOR('',#3306,0.699999999999999);
#969=VECTOR('',#3313,10.);
#970=VECTOR('',#3318,9.95);
#971=VECTOR('',#3323,0.7);
#972=VECTOR('',#3332,12.05);
#973=VECTOR('',#3339,10.);
#974=VECTOR('',#3342,10.);
#975=VECTOR('',#3349,10.);
#976=VECTOR('',#3350,10.);
#977=VECTOR('',#3353,10.);
#978=VECTOR('',#3358,10.);
#979=VECTOR('',#3377,1.6);
#980=VECTOR('',#3386,0.700000000000001);
#981=VECTOR('',#3387,0.700000000000001);
#982=VECTOR('',#3392,12.05);
#983=VECTOR('',#3399,0.7);
#984=VECTOR('',#3402,10.);
#985=VECTOR('',#3411,12.);
#986=VECTOR('',#3416,10.);
#987=VECTOR('',#3417,10.);
#988=VECTOR('',#3418,10.);
#989=VECTOR('',#3419,10.);
#990=VECTOR('',#3422,10.);
#991=VECTOR('',#3423,10.);
#992=VECTOR('',#3424,10.);
#993=VECTOR('',#3425,10.);
#994=VECTOR('',#3428,10.);
#995=VECTOR('',#3429,10.);
#996=VECTOR('',#3430,10.);
#997=VECTOR('',#3433,10.);
#998=VECTOR('',#3434,10.);
#999=VECTOR('',#3435,10.);
#1000=VECTOR('',#3438,10.);
#1001=VECTOR('',#3439,10.);
#1002=VECTOR('',#3442,10.);
#1003=VECTOR('',#3443,10.);
#1004=VECTOR('',#3446,10.);
#1005=VECTOR('',#3447,10.);
#1006=VECTOR('',#3448,10.);
#1007=VECTOR('',#3451,10.);
#1008=VECTOR('',#3452,10.);
#1009=VECTOR('',#3455,10.);
#1010=VECTOR('',#3456,10.);
#1011=VECTOR('',#3461,10.);
#1012=VECTOR('',#3468,10.);
#1013=VECTOR('',#3471,10.);
#1014=VECTOR('',#3474,10.);
#1015=VECTOR('',#3477,10.);
#1016=VECTOR('',#3478,10.);
#1017=VECTOR('',#3483,10.);
#1018=VECTOR('',#3488,10.);
#1019=VECTOR('',#3489,10.);
#1020=VECTOR('',#3496,10.);
#1021=VECTOR('',#3505,10.);
#1022=VECTOR('',#3506,10.);
#1023=VECTOR('',#3507,10.);
#1024=VECTOR('',#3508,10.);
#1025=VECTOR('',#3509,10.);
#1026=VECTOR('',#3514,10.);
#1027=VECTOR('',#3519,10.);
#1028=VECTOR('',#3520,10.);
#1029=VECTOR('',#3521,10.);
#1030=VECTOR('',#3522,10.);
#1031=VECTOR('',#3539,10.);
#1032=VECTOR('',#3540,10.);
#1033=VECTOR('',#3543,10.);
#1034=VECTOR('',#3544,10.);
#1035=VECTOR('',#3547,10.);
#1036=VECTOR('',#3554,4.5);
#1037=VECTOR('',#3561,2.5);
#1038=VECTOR('',#3568,2.30000000001855);
#1039=VECTOR('',#3581,10.);
#1040=VECTOR('',#3582,10.);
#1041=VECTOR('',#3583,10.);
#1042=VECTOR('',#3584,10.);
#1043=VECTOR('',#3585,10.);
#1044=VECTOR('',#3586,10.);
#1045=VECTOR('',#3591,4.24999999999998);
#1046=VECTOR('',#3594,10.);
#1047=VECTOR('',#3595,10.);
#1048=VECTOR('',#3596,10.);
#1049=VECTOR('',#3599,10.);
#1050=VECTOR('',#3600,10.);
#1051=VECTOR('',#3603,10.);
#1052=VECTOR('',#3604,10.);
#1053=VECTOR('',#3607,10.);
#1054=VECTOR('',#3608,10.);
#1055=VECTOR('',#3611,10.);
#1056=VECTOR('',#3612,10.);
#1057=VECTOR('',#3615,10.);
#1058=VECTOR('',#3618,10.);
#1059=VECTOR('',#3619,10.);
#1060=VECTOR('',#3622,10.);
#1061=VECTOR('',#3625,10.);
#1062=VECTOR('',#3628,10.);
#1063=VECTOR('',#3631,10.);
#1064=VECTOR('',#3636,2.50000000000003);
#1065=VECTOR('',#3647,10.);
#1066=VECTOR('',#3648,10.);
#1067=VECTOR('',#3651,10.);
#1068=VECTOR('',#3656,4.27);
#1069=VECTOR('',#3659,10.);
#1070=VECTOR('',#3662,10.);
#1071=VECTOR('',#3665,10.);
#1072=VECTOR('',#3676,4.27);
#1073=VECTOR('',#3683,2.5);
#1074=CIRCLE('',#2737,1.7);
#1075=CIRCLE('',#2738,2.7);
#1076=CIRCLE('',#2740,11.5);
#1077=CIRCLE('',#2742,1.7);
#1078=CIRCLE('',#2744,2.5);
#1079=CIRCLE('',#2745,2.19999999999999);
#1080=CIRCLE('',#2747,2.19999999999999);
#1081=CIRCLE('',#2749,2.5);
#1082=CIRCLE('',#2753,2.5);
#1083=CIRCLE('',#2754,2.19999999999999);
#1084=CIRCLE('',#2756,2.19999999999999);
#1085=CIRCLE('',#2758,2.5);
#1086=CIRCLE('',#2762,2.5);
#1087=CIRCLE('',#2763,2.19999999999999);
#1088=CIRCLE('',#2765,2.19999999999999);
#1089=CIRCLE('',#2767,2.5);
#1090=CIRCLE('',#2771,3.);
#1091=CIRCLE('',#2772,2.5);
#1092=CIRCLE('',#2774,9.45);
#1093=CIRCLE('',#2776,2.5);
#1094=CIRCLE('',#2780,12.5);
#1095=CIRCLE('',#2781,12.5);
#1096=CIRCLE('',#2807,11.5);
#1097=CIRCLE('',#2813,11.5);
#1098=CIRCLE('',#2824,0.699999999999999);
#1099=CIRCLE('',#2826,10.45);
#1100=CIRCLE('',#2827,10.45);
#1101=CIRCLE('',#2828,10.45);
#1102=CIRCLE('',#2831,0.7);
#1103=CIRCLE('',#2833,0.7);
#1104=CIRCLE('',#2835,11.6);
#1105=CIRCLE('',#2836,12.5);
#1106=CIRCLE('',#2837,12.5);
#1107=CIRCLE('',#2839,12.5);
#1108=CIRCLE('',#2840,12.5);
#1109=CIRCLE('',#2844,1.6);
#1110=CIRCLE('',#2847,1.6);
#1111=CIRCLE('',#2848,1.6);
#1112=CIRCLE('',#2855,1.6);
#1113=CIRCLE('',#2860,11.6);
#1114=CIRCLE('',#2861,12.5);
#1115=CIRCLE('',#2862,12.5);
#1116=CIRCLE('',#2866,12.5);
#1117=CIRCLE('',#2867,12.5);
#1118=CIRCLE('',#2869,11.5);
#1119=CIRCLE('',#2880,0.7);
#1120=CIRCLE('',#2881,0.7);
#1121=CIRCLE('',#2882,10.5);
#1122=CIRCLE('',#2883,0.7);
#1123=CIRCLE('',#2885,0.7);
#1124=CIRCLE('',#2888,0.7);
#1125=CIRCLE('',#2890,0.7);
#1126=CIRCLE('',#2892,10.5);
#1127=CIRCLE('',#2895,4.5);
#1128=CIRCLE('',#2899,4.5);
#1129=CIRCLE('',#2900,2.5);
#1130=CIRCLE('',#2903,4.5);
#1131=CIRCLE('',#2904,4.5);
#1132=CIRCLE('',#2905,2.5);
#1133=CIRCLE('',#2906,2.5);
#1134=CIRCLE('',#2908,4.5);
#1135=CIRCLE('',#2913,2.5);
#1136=CIRCLE('',#2915,4.5);
#1137=CIRCLE('',#2920,2.4505);
#1138=CIRCLE('',#2921,2.05000000001828);
#1139=CIRCLE('',#2923,4.24999999999998);
#1140=CIRCLE('',#2924,0.5);
#1141=CIRCLE('',#2925,3.74999999999998);
#1142=CIRCLE('',#2928,4.24999999999999);
#1143=CIRCLE('',#2942,2.4505);
#1144=CIRCLE('',#2949,3.92);
#1145=CIRCLE('',#2955,3.92);
#1146=CIRCLE('',#2956,2.117);
#1147=CIRCLE('',#2959,2.117);
#1148=VERTEX_POINT('',#3695);
#1149=VERTEX_POINT('',#3697);
#1150=VERTEX_POINT('',#3701);
#1151=VERTEX_POINT('',#3704);
#1152=VERTEX_POINT('',#3708);
#1153=VERTEX_POINT('',#3709);
#1154=VERTEX_POINT('',#3711);
#1155=VERTEX_POINT('',#3713);
#1156=VERTEX_POINT('',#3717);
#1157=VERTEX_POINT('',#3719);
#1158=VERTEX_POINT('',#3723);
#1159=VERTEX_POINT('',#3725);
#1160=VERTEX_POINT('',#3733);
#1161=VERTEX_POINT('',#3734);
#1162=VERTEX_POINT('',#3736);
#1163=VERTEX_POINT('',#3738);
#1164=VERTEX_POINT('',#3742);
#1165=VERTEX_POINT('',#3744);
#1166=VERTEX_POINT('',#3748);
#1167=VERTEX_POINT('',#3750);
#1168=VERTEX_POINT('',#3758);
#1169=VERTEX_POINT('',#3759);
#1170=VERTEX_POINT('',#3761);
#1171=VERTEX_POINT('',#3763);
#1172=VERTEX_POINT('',#3767);
#1173=VERTEX_POINT('',#3769);
#1174=VERTEX_POINT('',#3773);
#1175=VERTEX_POINT('',#3775);
#1176=VERTEX_POINT('',#3783);
#1177=VERTEX_POINT('',#3785);
#1178=VERTEX_POINT('',#3789);
#1179=VERTEX_POINT('',#3792);
#1180=VERTEX_POINT('',#3796);
#1181=VERTEX_POINT('',#3797);
#1182=VERTEX_POINT('',#3806);
#1183=VERTEX_POINT('',#3808);
#1184=VERTEX_POINT('',#3819);
#1185=VERTEX_POINT('',#3834);
#1186=VERTEX_POINT('',#3847);
#1187=VERTEX_POINT('',#3849);
#1188=VERTEX_POINT('',#3861);
#1189=VERTEX_POINT('',#3872);
#1190=VERTEX_POINT('',#3873);
#1191=VERTEX_POINT('',#3875);
#1192=VERTEX_POINT('',#3877);
#1193=VERTEX_POINT('',#3879);
#1194=VERTEX_POINT('',#3881);
#1195=VERTEX_POINT('',#3883);
#1196=VERTEX_POINT('',#3885);
#1197=VERTEX_POINT('',#3887);
#1198=VERTEX_POINT('',#3889);
#1199=VERTEX_POINT('',#3891);
#1200=VERTEX_POINT('',#3895);
#1201=VERTEX_POINT('',#3896);
#1202=VERTEX_POINT('',#3898);
#1203=VERTEX_POINT('',#3900);
#1204=VERTEX_POINT('',#3902);
#1205=VERTEX_POINT('',#3904);
#1206=VERTEX_POINT('',#3906);
#1207=VERTEX_POINT('',#3908);
#1208=VERTEX_POINT('',#3910);
#1209=VERTEX_POINT('',#3912);
#1210=VERTEX_POINT('',#3914);
#1211=VERTEX_POINT('',#3916);
#1212=VERTEX_POINT('',#3920);
#1213=VERTEX_POINT('',#3921);
#1214=VERTEX_POINT('',#3923);
#1215=VERTEX_POINT('',#3925);
#1216=VERTEX_POINT('',#3927);
#1217=VERTEX_POINT('',#3929);
#1218=VERTEX_POINT('',#3931);
#1219=VERTEX_POINT('',#3933);
#1220=VERTEX_POINT('',#3935);
#1221=VERTEX_POINT('',#3937);
#1222=VERTEX_POINT('',#3939);
#1223=VERTEX_POINT('',#3941);
#1224=VERTEX_POINT('',#3945);
#1225=VERTEX_POINT('',#3947);
#1226=VERTEX_POINT('',#3951);
#1227=VERTEX_POINT('',#3955);
#1228=VERTEX_POINT('',#3959);
#1229=VERTEX_POINT('',#3961);
#1230=VERTEX_POINT('',#3965);
#1231=VERTEX_POINT('',#3967);
#1232=VERTEX_POINT('',#3969);
#1233=VERTEX_POINT('',#3971);
#1234=VERTEX_POINT('',#3973);
#1235=VERTEX_POINT('',#3975);
#1236=VERTEX_POINT('',#3979);
#1237=VERTEX_POINT('',#3981);
#1238=VERTEX_POINT('',#3987);
#1239=VERTEX_POINT('',#3991);
#1240=VERTEX_POINT('',#3995);
#1241=VERTEX_POINT('',#3997);
#1242=VERTEX_POINT('',#4000);
#1243=VERTEX_POINT('',#4002);
#1244=VERTEX_POINT('',#4004);
#1245=VERTEX_POINT('',#4006);
#1246=VERTEX_POINT('',#4018);
#1247=VERTEX_POINT('',#4020);
#1248=VERTEX_POINT('',#4024);
#1249=VERTEX_POINT('',#4026);
#1250=VERTEX_POINT('',#4028);
#1251=VERTEX_POINT('',#4030);
#1252=VERTEX_POINT('',#4032);
#1253=VERTEX_POINT('',#4034);
#1254=VERTEX_POINT('',#4036);
#1255=VERTEX_POINT('',#4038);
#1256=VERTEX_POINT('',#4045);
#1257=VERTEX_POINT('',#4046);
#1258=VERTEX_POINT('',#4049);
#1259=VERTEX_POINT('',#4051);
#1260=VERTEX_POINT('',#4063);
#1261=VERTEX_POINT('',#4064);
#1262=VERTEX_POINT('',#4066);
#1263=VERTEX_POINT('',#4068);
#1264=VERTEX_POINT('',#4070);
#1265=VERTEX_POINT('',#4072);
#1266=VERTEX_POINT('',#4074);
#1267=VERTEX_POINT('',#4076);
#1268=VERTEX_POINT('',#4078);
#1269=VERTEX_POINT('',#4081);
#1270=VERTEX_POINT('',#4090);
#1271=VERTEX_POINT('',#4094);
#1272=VERTEX_POINT('',#4096);
#1273=VERTEX_POINT('',#4104);
#1274=VERTEX_POINT('',#4105);
#1275=VERTEX_POINT('',#4111);
#1276=VERTEX_POINT('',#4113);
#1277=VERTEX_POINT('',#4118);
#1278=VERTEX_POINT('',#4120);
#1279=VERTEX_POINT('',#4139);
#1280=VERTEX_POINT('',#4140);
#1281=VERTEX_POINT('',#4142);
#1282=VERTEX_POINT('',#4144);
#1283=VERTEX_POINT('',#4155);
#1284=VERTEX_POINT('',#4157);
#1285=VERTEX_POINT('',#4159);
#1286=VERTEX_POINT('',#4164);
#1287=VERTEX_POINT('',#4188);
#1288=VERTEX_POINT('',#4194);
#1289=VERTEX_POINT('',#4196);
#1290=VERTEX_POINT('',#4201);
#1291=VERTEX_POINT('',#4202);
#1292=VERTEX_POINT('',#4204);
#1293=VERTEX_POINT('',#4206);
#1294=VERTEX_POINT('',#4211);
#1295=VERTEX_POINT('',#4215);
#1296=VERTEX_POINT('',#4221);
#1297=VERTEX_POINT('',#4246);
#1298=VERTEX_POINT('',#4252);
#1299=VERTEX_POINT('',#4253);
#1300=VERTEX_POINT('',#4262);
#1301=VERTEX_POINT('',#4264);
#1302=VERTEX_POINT('',#4275);
#1303=VERTEX_POINT('',#4277);
#1304=VERTEX_POINT('',#4280);
#1305=VERTEX_POINT('',#4291);
#1306=VERTEX_POINT('',#4302);
#1307=VERTEX_POINT('',#4319);
#1308=VERTEX_POINT('',#4330);
#1309=VERTEX_POINT('',#4334);
#1310=VERTEX_POINT('',#4338);
#1311=VERTEX_POINT('',#4339);
#1312=VERTEX_POINT('',#4341);
#1313=VERTEX_POINT('',#4343);
#1314=VERTEX_POINT('',#4347);
#1315=VERTEX_POINT('',#4348);
#1316=VERTEX_POINT('',#4350);
#1317=VERTEX_POINT('',#4352);
#1318=VERTEX_POINT('',#4356);
#1319=VERTEX_POINT('',#4358);
#1320=VERTEX_POINT('',#4362);
#1321=VERTEX_POINT('',#4364);
#1322=VERTEX_POINT('',#4374);
#1323=VERTEX_POINT('',#4376);
#1324=VERTEX_POINT('',#4380);
#1325=VERTEX_POINT('',#4384);
#1326=VERTEX_POINT('',#4388);
#1327=VERTEX_POINT('',#4389);
#1328=VERTEX_POINT('',#4391);
#1329=VERTEX_POINT('',#4393);
#1330=VERTEX_POINT('',#4395);
#1331=VERTEX_POINT('',#4397);
#1332=VERTEX_POINT('',#4401);
#1333=VERTEX_POINT('',#4403);
#1334=VERTEX_POINT('',#4407);
#1335=VERTEX_POINT('',#4411);
#1336=VERTEX_POINT('',#4415);
#1337=VERTEX_POINT('',#4416);
#1338=VERTEX_POINT('',#4425);
#1339=VERTEX_POINT('',#4429);
#1340=VERTEX_POINT('',#4430);
#1341=VERTEX_POINT('',#4432);
#1342=VERTEX_POINT('',#4434);
#1343=VERTEX_POINT('',#4436);
#1344=VERTEX_POINT('',#4440);
#1345=VERTEX_POINT('',#4442);
#1346=VERTEX_POINT('',#4446);
#1347=VERTEX_POINT('',#4447);
#1348=VERTEX_POINT('',#4449);
#1349=VERTEX_POINT('',#4454);
#1350=VERTEX_POINT('',#4457);
#1351=VERTEX_POINT('',#4463);
#1352=VERTEX_POINT('',#4467);
#1353=VERTEX_POINT('',#4473);
#1354=VERTEX_POINT('',#4483);
#1355=VERTEX_POINT('',#4485);
#1356=VERTEX_POINT('',#4489);
#1357=VERTEX_POINT('',#4491);
#1358=VERTEX_POINT('',#4495);
#1359=VERTEX_POINT('',#4496);
#1360=VERTEX_POINT('',#4498);
#1361=VERTEX_POINT('',#4500);
#1362=VERTEX_POINT('',#4502);
#1363=VERTEX_POINT('',#4504);
#1364=VERTEX_POINT('',#4508);
#1365=VERTEX_POINT('',#4512);
#1366=VERTEX_POINT('',#4513);
#1367=VERTEX_POINT('',#4515);
#1368=VERTEX_POINT('',#4519);
#1369=VERTEX_POINT('',#4523);
#1370=VERTEX_POINT('',#4527);
#1371=VERTEX_POINT('',#4531);
#1372=VERTEX_POINT('',#4549);
#1373=VERTEX_POINT('',#4556);
#1374=VERTEX_POINT('',#4557);
#1375=VERTEX_POINT('',#4559);
#1376=VERTEX_POINT('',#4563);
#1377=VERTEX_POINT('',#4569);
#1378=VERTEX_POINT('',#4573);
#1379=VERTEX_POINT('',#4579);
#1380=VERTEX_POINT('',#4581);
#1381=VERTEX_POINT('',#4583);
#1382=VERTEX_POINT('',#4587);
#1383=VERTEX_POINT('',#4594);
#1384=VERTEX_POINT('',#4602);
#1385=VERTEX_POINT('',#4608);
#1386=VERTEX_POINT('',#4612);
#1387=VERTEX_POINT('',#4618);
#1388=VERTEX_POINT('',#4628);
#1389=VERTEX_POINT('',#4630);
#1390=VERTEX_POINT('',#4635);
#1391=EDGE_CURVE('',#1148,#1148,#1074,.T.);
#1392=EDGE_CURVE('',#1148,#1149,#544,.T.);
#1393=EDGE_CURVE('',#1149,#1149,#1075,.T.);
#1394=EDGE_CURVE('',#1150,#1150,#1076,.T.);
#1395=EDGE_CURVE('',#1148,#1151,#545,.T.);
#1396=EDGE_CURVE('',#1151,#1151,#1077,.F.);
#1397=EDGE_CURVE('',#1152,#1153,#546,.T.);
#1398=EDGE_CURVE('',#1154,#1153,#1078,.T.);
#1399=EDGE_CURVE('',#1155,#1154,#547,.T.);
#1400=EDGE_CURVE('',#1152,#1155,#1079,.T.);
#1401=EDGE_CURVE('',#1156,#1152,#548,.T.);
#1402=EDGE_CURVE('',#1157,#1155,#549,.T.);
#1403=EDGE_CURVE('',#1156,#1157,#1080,.T.);
#1404=EDGE_CURVE('',#1158,#1156,#550,.T.);
#1405=EDGE_CURVE('',#1159,#1157,#551,.T.);
#1406=EDGE_CURVE('',#1158,#1159,#1081,.T.);
#1407=EDGE_CURVE('',#1159,#1154,#552,.T.);
#1408=EDGE_CURVE('',#1153,#1158,#553,.T.);
#1409=EDGE_CURVE('',#1160,#1161,#554,.T.);
#1410=EDGE_CURVE('',#1162,#1161,#1082,.T.);
#1411=EDGE_CURVE('',#1163,#1162,#555,.T.);
#1412=EDGE_CURVE('',#1160,#1163,#1083,.T.);
#1413=EDGE_CURVE('',#1164,#1160,#556,.T.);
#1414=EDGE_CURVE('',#1165,#1163,#557,.T.);
#1415=EDGE_CURVE('',#1164,#1165,#1084,.T.);
#1416=EDGE_CURVE('',#1166,#1164,#558,.T.);
#1417=EDGE_CURVE('',#1167,#1165,#559,.T.);
#1418=EDGE_CURVE('',#1166,#1167,#1085,.T.);
#1419=EDGE_CURVE('',#1167,#1162,#560,.T.);
#1420=EDGE_CURVE('',#1161,#1166,#561,.T.);
#1421=EDGE_CURVE('',#1168,#1169,#562,.T.);
#1422=EDGE_CURVE('',#1170,#1169,#1086,.T.);
#1423=EDGE_CURVE('',#1171,#1170,#563,.T.);
#1424=EDGE_CURVE('',#1168,#1171,#1087,.T.);
#1425=EDGE_CURVE('',#1172,#1168,#564,.T.);
#1426=EDGE_CURVE('',#1173,#1171,#565,.T.);
#1427=EDGE_CURVE('',#1172,#1173,#1088,.T.);
#1428=EDGE_CURVE('',#1174,#1172,#566,.T.);
#1429=EDGE_CURVE('',#1175,#1173,#567,.T.);
#1430=EDGE_CURVE('',#1174,#1175,#1089,.T.);
#1431=EDGE_CURVE('',#1175,#1170,#568,.T.);
#1432=EDGE_CURVE('',#1169,#1174,#569,.T.);
#1433=EDGE_CURVE('',#1176,#1176,#1090,.T.);
#1434=EDGE_CURVE('',#1176,#1177,#570,.T.);
#1435=EDGE_CURVE('',#1177,#1177,#1091,.T.);
#1436=EDGE_CURVE('',#1178,#1178,#1092,.T.);
#1437=EDGE_CURVE('',#1177,#1179,#571,.T.);
#1438=EDGE_CURVE('',#1179,#1179,#1093,.T.);
#1439=EDGE_CURVE('',#1180,#1181,#62,.T.);
#1440=EDGE_CURVE('',#1181,#1182,#572,.T.);
#1441=EDGE_CURVE('',#1182,#1183,#63,.T.);
#1442=EDGE_CURVE('',#1183,#1180,#573,.T.);
#1443=EDGE_CURVE('',#1181,#1184,#64,.T.);
#1444=EDGE_CURVE('',#1185,#1184,#574,.T.);
#1445=EDGE_CURVE('',#1185,#1182,#65,.T.);
#1446=EDGE_CURVE('',#1150,#1186,#575,.T.);
#1447=EDGE_CURVE('',#1186,#1187,#1094,.T.);
#1448=EDGE_CURVE('',#1184,#1187,#66,.T.);
#1449=EDGE_CURVE('',#1180,#1186,#1095,.T.);
#1450=EDGE_CURVE('',#1188,#1185,#67,.T.);
#1451=EDGE_CURVE('',#1187,#1188,#576,.T.);
#1452=EDGE_CURVE('',#1189,#1190,#577,.T.);
#1453=EDGE_CURVE('',#1190,#1191,#578,.T.);
#1454=EDGE_CURVE('',#1192,#1191,#579,.T.);
#1455=EDGE_CURVE('',#1192,#1193,#580,.T.);
#1456=EDGE_CURVE('',#1194,#1193,#581,.T.);
#1457=EDGE_CURVE('',#1195,#1194,#582,.T.);
#1458=EDGE_CURVE('',#1196,#1195,#583,.T.);
#1459=EDGE_CURVE('',#1197,#1196,#584,.T.);
#1460=EDGE_CURVE('',#1197,#1198,#585,.T.);
#1461=EDGE_CURVE('',#1198,#1199,#586,.T.);
#1462=EDGE_CURVE('',#1189,#1199,#587,.T.);
#1463=EDGE_CURVE('',#1200,#1201,#588,.T.);
#1464=EDGE_CURVE('',#1202,#1200,#589,.T.);
#1465=EDGE_CURVE('',#1203,#1202,#590,.T.);
#1466=EDGE_CURVE('',#1204,#1203,#591,.T.);
#1467=EDGE_CURVE('',#1205,#1204,#592,.T.);
#1468=EDGE_CURVE('',#1206,#1205,#593,.T.);
#1469=EDGE_CURVE('',#1207,#1206,#594,.T.);
#1470=EDGE_CURVE('',#1208,#1207,#595,.T.);
#1471=EDGE_CURVE('',#1209,#1208,#596,.T.);
#1472=EDGE_CURVE('',#1210,#1209,#597,.T.);
#1473=EDGE_CURVE('',#1211,#1210,#598,.T.);
#1474=EDGE_CURVE('',#1201,#1211,#599,.T.);
#1475=EDGE_CURVE('',#1212,#1213,#600,.T.);
#1476=EDGE_CURVE('',#1214,#1212,#601,.T.);
#1477=EDGE_CURVE('',#1215,#1214,#602,.T.);
#1478=EDGE_CURVE('',#1216,#1215,#603,.T.);
#1479=EDGE_CURVE('',#1217,#1216,#604,.T.);
#1480=EDGE_CURVE('',#1218,#1217,#605,.T.);
#1481=EDGE_CURVE('',#1219,#1218,#606,.T.);
#1482=EDGE_CURVE('',#1220,#1219,#607,.T.);
#1483=EDGE_CURVE('',#1221,#1220,#608,.T.);
#1484=EDGE_CURVE('',#1222,#1221,#609,.T.);
#1485=EDGE_CURVE('',#1223,#1222,#610,.T.);
#1486=EDGE_CURVE('',#1213,#1223,#611,.T.);
#1487=EDGE_CURVE('',#1224,#1202,#612,.T.);
#1488=EDGE_CURVE('',#1224,#1225,#613,.T.);
#1489=EDGE_CURVE('',#1225,#1203,#614,.T.);
#1490=EDGE_CURVE('',#1226,#1200,#615,.T.);
#1491=EDGE_CURVE('',#1226,#1224,#616,.T.);
#1492=EDGE_CURVE('',#1227,#1201,#617,.T.);
#1493=EDGE_CURVE('',#1227,#1226,#618,.T.);
#1494=EDGE_CURVE('',#1228,#1219,#619,.T.);
#1495=EDGE_CURVE('',#1228,#1229,#620,.T.);
#1496=EDGE_CURVE('',#1229,#1220,#621,.T.);
#1497=EDGE_CURVE('',#1230,#1214,#622,.T.);
#1498=EDGE_CURVE('',#1212,#1231,#623,.T.);
#1499=EDGE_CURVE('',#1231,#1232,#624,.T.);
#1500=EDGE_CURVE('',#1232,#1233,#625,.T.);
#1501=EDGE_CURVE('',#1233,#1234,#626,.T.);
#1502=EDGE_CURVE('',#1235,#1234,#44,.T.);
#1503=EDGE_CURVE('',#1236,#1235,#627,.T.);
#1504=EDGE_CURVE('',#1237,#1236,#45,.T.);
#1505=EDGE_CURVE('',#1230,#1237,#628,.T.);
#1506=EDGE_CURVE('',#1238,#1213,#629,.T.);
#1507=EDGE_CURVE('',#1238,#1231,#630,.T.);
#1508=EDGE_CURVE('',#1239,#1223,#631,.T.);
#1509=EDGE_CURVE('',#1239,#1238,#632,.T.);
#1510=EDGE_CURVE('',#1240,#1239,#633,.T.);
#1511=EDGE_CURVE('',#1241,#1240,#634,.T.);
#1512=EDGE_CURVE('',#1229,#1241,#635,.T.);
#1513=EDGE_CURVE('',#1242,#1228,#636,.T.);
#1514=EDGE_CURVE('',#1243,#1242,#637,.T.);
#1515=EDGE_CURVE('',#1244,#1243,#638,.T.);
#1516=EDGE_CURVE('',#1245,#1244,#639,.T.);
#1517=EDGE_CURVE('',#1232,#1245,#640,.T.);
#1518=EDGE_CURVE('',#1245,#1215,#641,.T.);
#1519=EDGE_CURVE('',#1244,#1216,#642,.T.);
#1520=EDGE_CURVE('',#1243,#1217,#643,.T.);
#1521=EDGE_CURVE('',#1242,#1218,#644,.T.);
#1522=EDGE_CURVE('',#1230,#1246,#645,.T.);
#1523=EDGE_CURVE('',#1247,#1246,#646,.T.);
#1524=EDGE_CURVE('',#1247,#1233,#647,.T.);
#1525=EDGE_CURVE('',#1248,#1227,#648,.T.);
#1526=EDGE_CURVE('',#1249,#1248,#649,.T.);
#1527=EDGE_CURVE('',#1250,#1249,#650,.T.);
#1528=EDGE_CURVE('',#1251,#1250,#651,.T.);
#1529=EDGE_CURVE('',#1252,#1251,#652,.T.);
#1530=EDGE_CURVE('',#1253,#1252,#653,.T.);
#1531=EDGE_CURVE('',#1254,#1253,#654,.T.);
#1532=EDGE_CURVE('',#1255,#1254,#655,.T.);
#1533=EDGE_CURVE('',#1225,#1255,#656,.T.);
#1534=EDGE_CURVE('',#1251,#1208,#657,.T.);
#1535=EDGE_CURVE('',#1250,#1209,#658,.T.);
#1536=EDGE_CURVE('',#1256,#1257,#659,.T.);
#1537=EDGE_CURVE('',#1210,#1257,#660,.T.);
#1538=EDGE_CURVE('',#1258,#1249,#661,.T.);
#1539=EDGE_CURVE('',#1259,#1258,#662,.T.);
#1540=EDGE_CURVE('',#1259,#1256,#663,.T.);
#1541=EDGE_CURVE('',#1255,#1204,#664,.T.);
#1542=EDGE_CURVE('',#1254,#1205,#665,.T.);
#1543=EDGE_CURVE('',#1253,#1206,#666,.T.);
#1544=EDGE_CURVE('',#1252,#1207,#667,.T.);
#1545=EDGE_CURVE('',#1260,#1261,#668,.T.);
#1546=EDGE_CURVE('',#1262,#1260,#669,.T.);
#1547=EDGE_CURVE('',#1263,#1262,#670,.T.);
#1548=EDGE_CURVE('',#1264,#1263,#671,.T.);
#1549=EDGE_CURVE('',#1265,#1264,#672,.T.);
#1550=EDGE_CURVE('',#1266,#1265,#673,.T.);
#1551=EDGE_CURVE('',#1267,#1266,#674,.T.);
#1552=EDGE_CURVE('',#1268,#1267,#675,.T.);
#1553=EDGE_CURVE('',#1246,#1268,#676,.T.);
#1554=EDGE_CURVE('',#1269,#1237,#1096,.T.);
#1555=EDGE_CURVE('',#1257,#1269,#677,.T.);
#1556=EDGE_CURVE('',#1261,#1256,#678,.T.);
#1557=EDGE_CURVE('',#1241,#1221,#679,.T.);
#1558=EDGE_CURVE('',#1240,#1222,#680,.T.);
#1559=EDGE_CURVE('',#1270,#1269,#46,.T.);
#1560=EDGE_CURVE('',#1271,#1270,#681,.T.);
#1561=EDGE_CURVE('',#1272,#1271,#47,.T.);
#1562=EDGE_CURVE('',#1272,#1258,#682,.T.);
#1563=EDGE_CURVE('',#1248,#1211,#683,.T.);
#1564=EDGE_CURVE('',#1273,#1274,#684,.T.);
#1565=EDGE_CURVE('',#1274,#1259,#685,.T.);
#1566=EDGE_CURVE('',#1234,#1272,#1097,.T.);
#1567=EDGE_CURVE('',#1273,#1247,#686,.T.);
#1568=EDGE_CURVE('',#1274,#1275,#687,.F.);
#1569=EDGE_CURVE('',#1275,#1276,#688,.T.);
#1570=EDGE_CURVE('',#1190,#1276,#689,.T.);
#1571=EDGE_CURVE('',#1189,#1261,#690,.T.);
#1572=EDGE_CURVE('',#1191,#1277,#691,.F.);
#1573=EDGE_CURVE('',#1277,#1278,#692,.T.);
#1574=EDGE_CURVE('',#1273,#1278,#693,.T.);
#1575=EDGE_CURVE('',#1192,#1268,#694,.T.);
#1576=EDGE_CURVE('',#1199,#1260,#695,.T.);
#1577=EDGE_CURVE('',#1198,#1262,#696,.T.);
#1578=EDGE_CURVE('',#1263,#1197,#697,.T.);
#1579=EDGE_CURVE('',#1195,#1265,#698,.T.);
#1580=EDGE_CURVE('',#1194,#1266,#699,.T.);
#1581=EDGE_CURVE('',#1193,#1267,#700,.T.);
#1582=EDGE_CURVE('',#1264,#1196,#701,.T.);
#1583=EDGE_CURVE('',#1279,#1280,#1098,.T.);
#1584=EDGE_CURVE('',#1279,#1281,#702,.T.);
#1585=EDGE_CURVE('',#1281,#1282,#68,.T.);
#1586=EDGE_CURVE('',#1282,#1280,#703,.T.);
#1587=EDGE_CURVE('',#1283,#1282,#1099,.T.);
#1588=EDGE_CURVE('',#1284,#1283,#1100,.T.);
#1589=EDGE_CURVE('',#1285,#1284,#704,.T.);
#1590=EDGE_CURVE('',#1280,#1285,#1101,.T.);
#1591=EDGE_CURVE('',#1178,#1283,#705,.T.);
#1592=EDGE_CURVE('',#1286,#1281,#69,.T.);
#1593=EDGE_CURVE('',#1284,#1286,#70,.T.);
#1594=EDGE_CURVE('',#1287,#1279,#1102,.T.);
#1595=EDGE_CURVE('',#1287,#1286,#706,.T.);
#1596=EDGE_CURVE('',#1287,#1285,#1103,.F.);
#1597=EDGE_CURVE('',#1288,#1288,#1104,.T.);
#1598=EDGE_CURVE('',#1288,#1289,#707,.T.);
#1599=EDGE_CURVE('',#1289,#1183,#1105,.T.);
#1600=EDGE_CURVE('',#1188,#1289,#1106,.T.);
#1601=EDGE_CURVE('',#1290,#1291,#708,.T.);
#1602=EDGE_CURVE('',#1292,#1290,#1107,.T.);
#1603=EDGE_CURVE('',#1293,#1292,#709,.T.);
#1604=EDGE_CURVE('',#1291,#1293,#1108,.T.);
#1605=EDGE_CURVE('',#1278,#1294,#710,.T.);
#1606=EDGE_CURVE('',#1294,#1275,#711,.T.);
#1607=EDGE_CURVE('',#1295,#1277,#712,.T.);
#1608=EDGE_CURVE('',#1294,#1295,#1109,.T.);
#1609=EDGE_CURVE('',#1276,#1295,#713,.T.);
#1610=EDGE_CURVE('',#1296,#1294,#1110,.T.);
#1611=EDGE_CURVE('',#1295,#1296,#1111,.T.);
#1612=EDGE_CURVE('',#1270,#1290,#71,.T.);
#1613=EDGE_CURVE('',#1291,#1271,#72,.T.);
#1614=EDGE_CURVE('',#1236,#1292,#73,.T.);
#1615=EDGE_CURVE('',#1235,#1293,#74,.T.);
#1616=EDGE_CURVE('',#1296,#1297,#714,.T.);
#1617=EDGE_CURVE('',#1297,#1297,#1112,.T.);
#1618=EDGE_CURVE('',#1298,#1299,#75,.T.);
#1619=EDGE_CURVE('',#1299,#1300,#715,.T.);
#1620=EDGE_CURVE('',#1300,#1301,#76,.T.);
#1621=EDGE_CURVE('',#1301,#1298,#716,.T.);
#1622=EDGE_CURVE('',#1302,#1302,#1113,.T.);
#1623=EDGE_CURVE('',#1302,#1303,#717,.T.);
#1624=EDGE_CURVE('',#1303,#1301,#1114,.T.);
#1625=EDGE_CURVE('',#1304,#1300,#77,.T.);
#1626=EDGE_CURVE('',#1305,#1304,#78,.T.);
#1627=EDGE_CURVE('',#1305,#1303,#1115,.T.);
#1628=EDGE_CURVE('',#1306,#1299,#79,.F.);
#1629=EDGE_CURVE('',#1306,#1304,#718,.T.);
#1630=EDGE_CURVE('',#1306,#1307,#80,.T.);
#1631=EDGE_CURVE('',#1307,#1305,#719,.T.);
#1632=EDGE_CURVE('',#1308,#1307,#1116,.T.);
#1633=EDGE_CURVE('',#1298,#1308,#1117,.T.);
#1634=EDGE_CURVE('',#1308,#1309,#720,.T.);
#1635=EDGE_CURVE('',#1309,#1309,#1118,.T.);
#1636=EDGE_CURVE('',#1310,#1311,#721,.T.);
#1637=EDGE_CURVE('',#1311,#1312,#722,.T.);
#1638=EDGE_CURVE('',#1312,#1313,#723,.T.);
#1639=EDGE_CURVE('',#1310,#1313,#724,.T.);
#1640=EDGE_CURVE('',#1314,#1315,#725,.T.);
#1641=EDGE_CURVE('',#1315,#1316,#726,.T.);
#1642=EDGE_CURVE('',#1316,#1317,#727,.T.);
#1643=EDGE_CURVE('',#1317,#1314,#728,.T.);
#1644=EDGE_CURVE('',#1315,#1318,#729,.T.);
#1645=EDGE_CURVE('',#1318,#1319,#730,.T.);
#1646=EDGE_CURVE('',#1319,#1316,#731,.T.);
#1647=EDGE_CURVE('',#1320,#1319,#732,.T.);
#1648=EDGE_CURVE('',#1318,#1321,#733,.T.);
#1649=EDGE_CURVE('',#1321,#1320,#734,.T.);
#1650=EDGE_CURVE('',#1313,#1320,#735,.T.);
#1651=EDGE_CURVE('',#1321,#1310,#736,.T.);
#1652=EDGE_CURVE('',#1311,#1314,#737,.T.);
#1653=EDGE_CURVE('',#1317,#1312,#738,.T.);
#1654=EDGE_CURVE('',#1312,#1322,#739,.T.);
#1655=EDGE_CURVE('',#1322,#1323,#740,.T.);
#1656=EDGE_CURVE('',#1313,#1323,#741,.T.);
#1657=EDGE_CURVE('',#1317,#1324,#742,.T.);
#1658=EDGE_CURVE('',#1324,#1322,#743,.T.);
#1659=EDGE_CURVE('',#1316,#1325,#744,.T.);
#1660=EDGE_CURVE('',#1325,#1324,#745,.T.);
#1661=EDGE_CURVE('',#1326,#1327,#1119,.T.);
#1662=EDGE_CURVE('',#1328,#1327,#746,.T.);
#1663=EDGE_CURVE('',#1329,#1328,#1120,.F.);
#1664=EDGE_CURVE('',#1330,#1329,#1121,.T.);
#1665=EDGE_CURVE('',#1331,#1330,#1122,.F.);
#1666=EDGE_CURVE('',#1326,#1331,#747,.T.);
#1667=EDGE_CURVE('',#1326,#1332,#748,.T.);
#1668=EDGE_CURVE('',#1332,#1333,#1123,.T.);
#1669=EDGE_CURVE('',#1333,#1327,#749,.T.);
#1670=EDGE_CURVE('',#1334,#1333,#750,.T.);
#1671=EDGE_CURVE('',#1328,#1334,#751,.T.);
#1672=EDGE_CURVE('',#1334,#1335,#1124,.T.);
#1673=EDGE_CURVE('',#1335,#1329,#752,.T.);
#1674=EDGE_CURVE('',#1336,#1337,#1125,.T.);
#1675=EDGE_CURVE('',#1337,#1331,#753,.T.);
#1676=EDGE_CURVE('',#1330,#1336,#754,.T.);
#1677=EDGE_CURVE('',#1336,#1335,#1126,.T.);
#1678=EDGE_CURVE('',#1332,#1337,#755,.T.);
#1679=EDGE_CURVE('',#1338,#1338,#1127,.T.);
#1680=EDGE_CURVE('',#1339,#1340,#756,.T.);
#1681=EDGE_CURVE('',#1339,#1341,#757,.T.);
#1682=EDGE_CURVE('',#1341,#1342,#758,.T.);
#1683=EDGE_CURVE('',#1342,#1343,#759,.T.);
#1684=EDGE_CURVE('',#1340,#1343,#760,.T.);
#1685=EDGE_CURVE('',#1344,#1341,#1128,.T.);
#1686=EDGE_CURVE('',#1345,#1344,#761,.T.);
#1687=EDGE_CURVE('',#1342,#1345,#1129,.T.);
#1688=EDGE_CURVE('',#1346,#1347,#762,.T.);
#1689=EDGE_CURVE('',#1346,#1348,#763,.T.);
#1690=EDGE_CURVE('',#1348,#1345,#764,.T.);
#1691=EDGE_CURVE('',#1347,#1344,#765,.T.);
#1692=EDGE_CURVE('',#1349,#1348,#1130,.T.);
#1693=EDGE_CURVE('',#1343,#1349,#1131,.T.);
#1694=EDGE_CURVE('',#1350,#1342,#1132,.T.);
#1695=EDGE_CURVE('',#1345,#1350,#1133,.T.);
#1696=EDGE_CURVE('',#1339,#1340,#1134,.T.);
#1697=EDGE_CURVE('',#1319,#1351,#766,.T.);
#1698=EDGE_CURVE('',#1351,#1325,#767,.T.);
#1699=EDGE_CURVE('',#1320,#1352,#768,.T.);
#1700=EDGE_CURVE('',#1352,#1351,#769,.T.);
#1701=EDGE_CURVE('',#1323,#1352,#770,.T.);
#1702=EDGE_CURVE('',#1353,#1353,#1135,.T.);
#1703=EDGE_CURVE('',#1338,#1349,#771,.T.);
#1704=EDGE_CURVE('',#1346,#1347,#1136,.T.);
#1705=EDGE_CURVE('',#1350,#1353,#772,.T.);
#1706=EDGE_CURVE('',#1354,#1354,#1137,.T.);
#1707=EDGE_CURVE('',#1354,#1355,#773,.T.);
#1708=EDGE_CURVE('',#1355,#1355,#1138,.T.);
#1709=EDGE_CURVE('',#1356,#1356,#1139,.T.);
#1710=EDGE_CURVE('',#1356,#1357,#1140,.T.);
#1711=EDGE_CURVE('',#1357,#1357,#1141,.T.);
#1712=EDGE_CURVE('',#1358,#1359,#774,.T.);
#1713=EDGE_CURVE('',#1359,#1360,#775,.T.);
#1714=EDGE_CURVE('',#1360,#1361,#776,.T.);
#1715=EDGE_CURVE('',#1361,#1362,#777,.T.);
#1716=EDGE_CURVE('',#1362,#1363,#778,.T.);
#1717=EDGE_CURVE('',#1363,#1358,#779,.T.);
#1718=EDGE_CURVE('',#1364,#1364,#1142,.T.);
#1719=EDGE_CURVE('',#1364,#1356,#780,.T.);
#1720=EDGE_CURVE('',#1365,#1366,#781,.T.);
#1721=EDGE_CURVE('',#1367,#1365,#782,.T.);
#1722=EDGE_CURVE('',#1367,#1366,#783,.T.);
#1723=EDGE_CURVE('',#1368,#1367,#784,.T.);
#1724=EDGE_CURVE('',#1368,#1366,#785,.T.);
#1725=EDGE_CURVE('',#1369,#1368,#786,.T.);
#1726=EDGE_CURVE('',#1369,#1366,#787,.T.);
#1727=EDGE_CURVE('',#1370,#1369,#788,.T.);
#1728=EDGE_CURVE('',#1370,#1366,#789,.T.);
#1729=EDGE_CURVE('',#1371,#1370,#790,.T.);
#1730=EDGE_CURVE('',#1371,#1366,#791,.T.);
#1731=EDGE_CURVE('',#1365,#1371,#792,.T.);
#1732=EDGE_CURVE('',#1358,#1367,#793,.T.);
#1733=EDGE_CURVE('',#1359,#1365,#794,.T.);
#1734=EDGE_CURVE('',#1363,#1368,#795,.T.);
#1735=EDGE_CURVE('',#1362,#1369,#796,.T.);
#1736=EDGE_CURVE('',#1361,#1370,#797,.T.);
#1737=EDGE_CURVE('',#1360,#1371,#798,.T.);
#1738=EDGE_CURVE('',#1354,#1372,#799,.T.);
#1739=EDGE_CURVE('',#1372,#1372,#1143,.F.);
#1740=EDGE_CURVE('',#1373,#1374,#800,.T.);
#1741=EDGE_CURVE('',#1375,#1373,#48,.T.);
#1742=EDGE_CURVE('',#1376,#1375,#801,.T.);
#1743=EDGE_CURVE('',#1374,#1376,#49,.T.);
#1744=EDGE_CURVE('',#1377,#1375,#50,.T.);
#1745=EDGE_CURVE('',#1377,#1378,#802,.T.);
#1746=EDGE_CURVE('',#1376,#1378,#51,.T.);
#1747=EDGE_CURVE('',#1379,#1379,#1144,.T.);
#1748=EDGE_CURVE('',#1379,#1380,#803,.T.);
#1749=EDGE_CURVE('',#1380,#1381,#52,.T.);
#1750=EDGE_CURVE('',#1381,#1382,#53,.T.);
#1751=EDGE_CURVE('',#1382,#1377,#54,.T.);
#1752=EDGE_CURVE('',#1373,#1383,#55,.T.);
#1753=EDGE_CURVE('',#1383,#1380,#56,.T.);
#1754=EDGE_CURVE('',#1384,#1374,#57,.T.);
#1755=EDGE_CURVE('',#1383,#1384,#804,.T.);
#1756=EDGE_CURVE('',#1385,#1384,#58,.T.);
#1757=EDGE_CURVE('',#1386,#1385,#59,.T.);
#1758=EDGE_CURVE('',#1381,#1386,#805,.T.);
#1759=EDGE_CURVE('',#1387,#1386,#60,.T.);
#1760=EDGE_CURVE('',#1382,#1387,#806,.T.);
#1761=EDGE_CURVE('',#1378,#1387,#61,.T.);
#1762=EDGE_CURVE('',#1388,#1388,#1145,.T.);
#1763=EDGE_CURVE('',#1389,#1389,#1146,.F.);
#1764=EDGE_CURVE('',#1385,#1388,#807,.T.);
#1765=EDGE_CURVE('',#1390,#1390,#1147,.T.);
#1766=EDGE_CURVE('',#1390,#1389,#808,.T.);
#1767=ORIENTED_EDGE('',*,*,#1391,.T.);
#1768=ORIENTED_EDGE('',*,*,#1392,.T.);
#1769=ORIENTED_EDGE('',*,*,#1393,.T.);
#1770=ORIENTED_EDGE('',*,*,#1392,.F.);
#1771=ORIENTED_EDGE('',*,*,#1394,.F.);
#1772=ORIENTED_EDGE('',*,*,#1393,.F.);
#1773=ORIENTED_EDGE('',*,*,#1391,.F.);
#1774=ORIENTED_EDGE('',*,*,#1395,.T.);
#1775=ORIENTED_EDGE('',*,*,#1396,.T.);
#1776=ORIENTED_EDGE('',*,*,#1395,.F.);
#1777=ORIENTED_EDGE('',*,*,#1397,.T.);
#1778=ORIENTED_EDGE('',*,*,#1398,.F.);
#1779=ORIENTED_EDGE('',*,*,#1399,.F.);
#1780=ORIENTED_EDGE('',*,*,#1400,.F.);
#1781=ORIENTED_EDGE('',*,*,#1401,.T.);
#1782=ORIENTED_EDGE('',*,*,#1400,.T.);
#1783=ORIENTED_EDGE('',*,*,#1402,.F.);
#1784=ORIENTED_EDGE('',*,*,#1403,.F.);
#1785=ORIENTED_EDGE('',*,*,#1404,.T.);
#1786=ORIENTED_EDGE('',*,*,#1403,.T.);
#1787=ORIENTED_EDGE('',*,*,#1405,.F.);
#1788=ORIENTED_EDGE('',*,*,#1406,.F.);
#1789=ORIENTED_EDGE('',*,*,#1407,.F.);
#1790=ORIENTED_EDGE('',*,*,#1405,.T.);
#1791=ORIENTED_EDGE('',*,*,#1402,.T.);
#1792=ORIENTED_EDGE('',*,*,#1399,.T.);
#1793=ORIENTED_EDGE('',*,*,#1408,.F.);
#1794=ORIENTED_EDGE('',*,*,#1397,.F.);
#1795=ORIENTED_EDGE('',*,*,#1401,.F.);
#1796=ORIENTED_EDGE('',*,*,#1404,.F.);
#1797=ORIENTED_EDGE('',*,*,#1409,.T.);
#1798=ORIENTED_EDGE('',*,*,#1410,.F.);
#1799=ORIENTED_EDGE('',*,*,#1411,.F.);
#1800=ORIENTED_EDGE('',*,*,#1412,.F.);
#1801=ORIENTED_EDGE('',*,*,#1413,.T.);
#1802=ORIENTED_EDGE('',*,*,#1412,.T.);
#1803=ORIENTED_EDGE('',*,*,#1414,.F.);
#1804=ORIENTED_EDGE('',*,*,#1415,.F.);
#1805=ORIENTED_EDGE('',*,*,#1416,.T.);
#1806=ORIENTED_EDGE('',*,*,#1415,.T.);
#1807=ORIENTED_EDGE('',*,*,#1417,.F.);
#1808=ORIENTED_EDGE('',*,*,#1418,.F.);
#1809=ORIENTED_EDGE('',*,*,#1419,.F.);
#1810=ORIENTED_EDGE('',*,*,#1417,.T.);
#1811=ORIENTED_EDGE('',*,*,#1414,.T.);
#1812=ORIENTED_EDGE('',*,*,#1411,.T.);
#1813=ORIENTED_EDGE('',*,*,#1420,.F.);
#1814=ORIENTED_EDGE('',*,*,#1409,.F.);
#1815=ORIENTED_EDGE('',*,*,#1413,.F.);
#1816=ORIENTED_EDGE('',*,*,#1416,.F.);
#1817=ORIENTED_EDGE('',*,*,#1421,.T.);
#1818=ORIENTED_EDGE('',*,*,#1422,.F.);
#1819=ORIENTED_EDGE('',*,*,#1423,.F.);
#1820=ORIENTED_EDGE('',*,*,#1424,.F.);
#1821=ORIENTED_EDGE('',*,*,#1425,.T.);
#1822=ORIENTED_EDGE('',*,*,#1424,.T.);
#1823=ORIENTED_EDGE('',*,*,#1426,.F.);
#1824=ORIENTED_EDGE('',*,*,#1427,.F.);
#1825=ORIENTED_EDGE('',*,*,#1428,.T.);
#1826=ORIENTED_EDGE('',*,*,#1427,.T.);
#1827=ORIENTED_EDGE('',*,*,#1429,.F.);
#1828=ORIENTED_EDGE('',*,*,#1430,.F.);
#1829=ORIENTED_EDGE('',*,*,#1431,.F.);
#1830=ORIENTED_EDGE('',*,*,#1429,.T.);
#1831=ORIENTED_EDGE('',*,*,#1426,.T.);
#1832=ORIENTED_EDGE('',*,*,#1423,.T.);
#1833=ORIENTED_EDGE('',*,*,#1432,.F.);
#1834=ORIENTED_EDGE('',*,*,#1421,.F.);
#1835=ORIENTED_EDGE('',*,*,#1425,.F.);
#1836=ORIENTED_EDGE('',*,*,#1428,.F.);
#1837=ORIENTED_EDGE('',*,*,#1433,.T.);
#1838=ORIENTED_EDGE('',*,*,#1434,.T.);
#1839=ORIENTED_EDGE('',*,*,#1435,.T.);
#1840=ORIENTED_EDGE('',*,*,#1434,.F.);
#1841=ORIENTED_EDGE('',*,*,#1436,.F.);
#1842=ORIENTED_EDGE('',*,*,#1433,.F.);
#1843=ORIENTED_EDGE('',*,*,#1435,.F.);
#1844=ORIENTED_EDGE('',*,*,#1437,.T.);
#1845=ORIENTED_EDGE('',*,*,#1438,.T.);
#1846=ORIENTED_EDGE('',*,*,#1437,.F.);
#1847=ORIENTED_EDGE('',*,*,#1406,.T.);
#1848=ORIENTED_EDGE('',*,*,#1407,.T.);
#1849=ORIENTED_EDGE('',*,*,#1398,.T.);
#1850=ORIENTED_EDGE('',*,*,#1408,.T.);
#1851=ORIENTED_EDGE('',*,*,#1418,.T.);
#1852=ORIENTED_EDGE('',*,*,#1419,.T.);
#1853=ORIENTED_EDGE('',*,*,#1410,.T.);
#1854=ORIENTED_EDGE('',*,*,#1420,.T.);
#1855=ORIENTED_EDGE('',*,*,#1430,.T.);
#1856=ORIENTED_EDGE('',*,*,#1431,.T.);
#1857=ORIENTED_EDGE('',*,*,#1422,.T.);
#1858=ORIENTED_EDGE('',*,*,#1432,.T.);
#1859=ORIENTED_EDGE('',*,*,#1439,.T.);
#1860=ORIENTED_EDGE('',*,*,#1440,.T.);
#1861=ORIENTED_EDGE('',*,*,#1441,.T.);
#1862=ORIENTED_EDGE('',*,*,#1442,.T.);
#1863=ORIENTED_EDGE('',*,*,#1440,.F.);
#1864=ORIENTED_EDGE('',*,*,#1443,.T.);
#1865=ORIENTED_EDGE('',*,*,#1444,.F.);
#1866=ORIENTED_EDGE('',*,*,#1445,.T.);
#1867=ORIENTED_EDGE('',*,*,#1394,.T.);
#1868=ORIENTED_EDGE('',*,*,#1446,.T.);
#1869=ORIENTED_EDGE('',*,*,#1447,.T.);
#1870=ORIENTED_EDGE('',*,*,#1448,.F.);
#1871=ORIENTED_EDGE('',*,*,#1443,.F.);
#1872=ORIENTED_EDGE('',*,*,#1439,.F.);
#1873=ORIENTED_EDGE('',*,*,#1449,.T.);
#1874=ORIENTED_EDGE('',*,*,#1446,.F.);
#1875=ORIENTED_EDGE('',*,*,#1450,.T.);
#1876=ORIENTED_EDGE('',*,*,#1444,.T.);
#1877=ORIENTED_EDGE('',*,*,#1448,.T.);
#1878=ORIENTED_EDGE('',*,*,#1451,.T.);
#1879=ORIENTED_EDGE('',*,*,#1452,.T.);
#1880=ORIENTED_EDGE('',*,*,#1453,.T.);
#1881=ORIENTED_EDGE('',*,*,#1454,.F.);
#1882=ORIENTED_EDGE('',*,*,#1455,.T.);
#1883=ORIENTED_EDGE('',*,*,#1456,.F.);
#1884=ORIENTED_EDGE('',*,*,#1457,.F.);
#1885=ORIENTED_EDGE('',*,*,#1458,.F.);
#1886=ORIENTED_EDGE('',*,*,#1459,.F.);
#1887=ORIENTED_EDGE('',*,*,#1460,.T.);
#1888=ORIENTED_EDGE('',*,*,#1461,.T.);
#1889=ORIENTED_EDGE('',*,*,#1462,.F.);
#1890=ORIENTED_EDGE('',*,*,#1463,.F.);
#1891=ORIENTED_EDGE('',*,*,#1464,.F.);
#1892=ORIENTED_EDGE('',*,*,#1465,.F.);
#1893=ORIENTED_EDGE('',*,*,#1466,.F.);
#1894=ORIENTED_EDGE('',*,*,#1467,.F.);
#1895=ORIENTED_EDGE('',*,*,#1468,.F.);
#1896=ORIENTED_EDGE('',*,*,#1469,.F.);
#1897=ORIENTED_EDGE('',*,*,#1470,.F.);
#1898=ORIENTED_EDGE('',*,*,#1471,.F.);
#1899=ORIENTED_EDGE('',*,*,#1472,.F.);
#1900=ORIENTED_EDGE('',*,*,#1473,.F.);
#1901=ORIENTED_EDGE('',*,*,#1474,.F.);
#1902=ORIENTED_EDGE('',*,*,#1475,.F.);
#1903=ORIENTED_EDGE('',*,*,#1476,.F.);
#1904=ORIENTED_EDGE('',*,*,#1477,.F.);
#1905=ORIENTED_EDGE('',*,*,#1478,.F.);
#1906=ORIENTED_EDGE('',*,*,#1479,.F.);
#1907=ORIENTED_EDGE('',*,*,#1480,.F.);
#1908=ORIENTED_EDGE('',*,*,#1481,.F.);
#1909=ORIENTED_EDGE('',*,*,#1482,.F.);
#1910=ORIENTED_EDGE('',*,*,#1483,.F.);
#1911=ORIENTED_EDGE('',*,*,#1484,.F.);
#1912=ORIENTED_EDGE('',*,*,#1485,.F.);
#1913=ORIENTED_EDGE('',*,*,#1486,.F.);
#1914=ORIENTED_EDGE('',*,*,#1465,.T.);
#1915=ORIENTED_EDGE('',*,*,#1487,.F.);
#1916=ORIENTED_EDGE('',*,*,#1488,.T.);
#1917=ORIENTED_EDGE('',*,*,#1489,.T.);
#1918=ORIENTED_EDGE('',*,*,#1464,.T.);
#1919=ORIENTED_EDGE('',*,*,#1490,.F.);
#1920=ORIENTED_EDGE('',*,*,#1491,.T.);
#1921=ORIENTED_EDGE('',*,*,#1487,.T.);
#1922=ORIENTED_EDGE('',*,*,#1463,.T.);
#1923=ORIENTED_EDGE('',*,*,#1492,.F.);
#1924=ORIENTED_EDGE('',*,*,#1493,.T.);
#1925=ORIENTED_EDGE('',*,*,#1490,.T.);
#1926=ORIENTED_EDGE('',*,*,#1482,.T.);
#1927=ORIENTED_EDGE('',*,*,#1494,.F.);
#1928=ORIENTED_EDGE('',*,*,#1495,.T.);
#1929=ORIENTED_EDGE('',*,*,#1496,.T.);
#1930=ORIENTED_EDGE('',*,*,#1497,.T.);
#1931=ORIENTED_EDGE('',*,*,#1476,.T.);
#1932=ORIENTED_EDGE('',*,*,#1498,.T.);
#1933=ORIENTED_EDGE('',*,*,#1499,.T.);
#1934=ORIENTED_EDGE('',*,*,#1500,.T.);
#1935=ORIENTED_EDGE('',*,*,#1501,.T.);
#1936=ORIENTED_EDGE('',*,*,#1502,.F.);
#1937=ORIENTED_EDGE('',*,*,#1503,.F.);
#1938=ORIENTED_EDGE('',*,*,#1504,.F.);
#1939=ORIENTED_EDGE('',*,*,#1505,.F.);
#1940=ORIENTED_EDGE('',*,*,#1475,.T.);
#1941=ORIENTED_EDGE('',*,*,#1506,.F.);
#1942=ORIENTED_EDGE('',*,*,#1507,.T.);
#1943=ORIENTED_EDGE('',*,*,#1498,.F.);
#1944=ORIENTED_EDGE('',*,*,#1486,.T.);
#1945=ORIENTED_EDGE('',*,*,#1508,.F.);
#1946=ORIENTED_EDGE('',*,*,#1509,.T.);
#1947=ORIENTED_EDGE('',*,*,#1506,.T.);
#1948=ORIENTED_EDGE('',*,*,#1499,.F.);
#1949=ORIENTED_EDGE('',*,*,#1507,.F.);
#1950=ORIENTED_EDGE('',*,*,#1509,.F.);
#1951=ORIENTED_EDGE('',*,*,#1510,.F.);
#1952=ORIENTED_EDGE('',*,*,#1511,.F.);
#1953=ORIENTED_EDGE('',*,*,#1512,.F.);
#1954=ORIENTED_EDGE('',*,*,#1495,.F.);
#1955=ORIENTED_EDGE('',*,*,#1513,.F.);
#1956=ORIENTED_EDGE('',*,*,#1514,.F.);
#1957=ORIENTED_EDGE('',*,*,#1515,.F.);
#1958=ORIENTED_EDGE('',*,*,#1516,.F.);
#1959=ORIENTED_EDGE('',*,*,#1517,.F.);
#1960=ORIENTED_EDGE('',*,*,#1478,.T.);
#1961=ORIENTED_EDGE('',*,*,#1518,.F.);
#1962=ORIENTED_EDGE('',*,*,#1516,.T.);
#1963=ORIENTED_EDGE('',*,*,#1519,.T.);
#1964=ORIENTED_EDGE('',*,*,#1479,.T.);
#1965=ORIENTED_EDGE('',*,*,#1519,.F.);
#1966=ORIENTED_EDGE('',*,*,#1515,.T.);
#1967=ORIENTED_EDGE('',*,*,#1520,.T.);
#1968=ORIENTED_EDGE('',*,*,#1480,.T.);
#1969=ORIENTED_EDGE('',*,*,#1520,.F.);
#1970=ORIENTED_EDGE('',*,*,#1514,.T.);
#1971=ORIENTED_EDGE('',*,*,#1521,.T.);
#1972=ORIENTED_EDGE('',*,*,#1481,.T.);
#1973=ORIENTED_EDGE('',*,*,#1521,.F.);
#1974=ORIENTED_EDGE('',*,*,#1513,.T.);
#1975=ORIENTED_EDGE('',*,*,#1494,.T.);
#1976=ORIENTED_EDGE('',*,*,#1522,.T.);
#1977=ORIENTED_EDGE('',*,*,#1523,.F.);
#1978=ORIENTED_EDGE('',*,*,#1524,.T.);
#1979=ORIENTED_EDGE('',*,*,#1500,.F.);
#1980=ORIENTED_EDGE('',*,*,#1517,.T.);
#1981=ORIENTED_EDGE('',*,*,#1518,.T.);
#1982=ORIENTED_EDGE('',*,*,#1477,.T.);
#1983=ORIENTED_EDGE('',*,*,#1497,.F.);
#1984=ORIENTED_EDGE('',*,*,#1491,.F.);
#1985=ORIENTED_EDGE('',*,*,#1493,.F.);
#1986=ORIENTED_EDGE('',*,*,#1525,.F.);
#1987=ORIENTED_EDGE('',*,*,#1526,.F.);
#1988=ORIENTED_EDGE('',*,*,#1527,.F.);
#1989=ORIENTED_EDGE('',*,*,#1528,.F.);
#1990=ORIENTED_EDGE('',*,*,#1529,.F.);
#1991=ORIENTED_EDGE('',*,*,#1530,.F.);
#1992=ORIENTED_EDGE('',*,*,#1531,.F.);
#1993=ORIENTED_EDGE('',*,*,#1532,.F.);
#1994=ORIENTED_EDGE('',*,*,#1533,.F.);
#1995=ORIENTED_EDGE('',*,*,#1488,.F.);
#1996=ORIENTED_EDGE('',*,*,#1471,.T.);
#1997=ORIENTED_EDGE('',*,*,#1534,.F.);
#1998=ORIENTED_EDGE('',*,*,#1528,.T.);
#1999=ORIENTED_EDGE('',*,*,#1535,.T.);
#2000=ORIENTED_EDGE('',*,*,#1536,.T.);
#2001=ORIENTED_EDGE('',*,*,#1537,.F.);
#2002=ORIENTED_EDGE('',*,*,#1472,.T.);
#2003=ORIENTED_EDGE('',*,*,#1535,.F.);
#2004=ORIENTED_EDGE('',*,*,#1527,.T.);
#2005=ORIENTED_EDGE('',*,*,#1538,.F.);
#2006=ORIENTED_EDGE('',*,*,#1539,.F.);
#2007=ORIENTED_EDGE('',*,*,#1540,.T.);
#2008=ORIENTED_EDGE('',*,*,#1467,.T.);
#2009=ORIENTED_EDGE('',*,*,#1541,.F.);
#2010=ORIENTED_EDGE('',*,*,#1532,.T.);
#2011=ORIENTED_EDGE('',*,*,#1542,.T.);
#2012=ORIENTED_EDGE('',*,*,#1468,.T.);
#2013=ORIENTED_EDGE('',*,*,#1542,.F.);
#2014=ORIENTED_EDGE('',*,*,#1531,.T.);
#2015=ORIENTED_EDGE('',*,*,#1543,.T.);
#2016=ORIENTED_EDGE('',*,*,#1469,.T.);
#2017=ORIENTED_EDGE('',*,*,#1543,.F.);
#2018=ORIENTED_EDGE('',*,*,#1530,.T.);
#2019=ORIENTED_EDGE('',*,*,#1544,.T.);
#2020=ORIENTED_EDGE('',*,*,#1470,.T.);
#2021=ORIENTED_EDGE('',*,*,#1544,.F.);
#2022=ORIENTED_EDGE('',*,*,#1529,.T.);
#2023=ORIENTED_EDGE('',*,*,#1534,.T.);
#2024=ORIENTED_EDGE('',*,*,#1545,.F.);
#2025=ORIENTED_EDGE('',*,*,#1546,.F.);
#2026=ORIENTED_EDGE('',*,*,#1547,.F.);
#2027=ORIENTED_EDGE('',*,*,#1548,.F.);
#2028=ORIENTED_EDGE('',*,*,#1549,.F.);
#2029=ORIENTED_EDGE('',*,*,#1550,.F.);
#2030=ORIENTED_EDGE('',*,*,#1551,.F.);
#2031=ORIENTED_EDGE('',*,*,#1552,.F.);
#2032=ORIENTED_EDGE('',*,*,#1553,.F.);
#2033=ORIENTED_EDGE('',*,*,#1522,.F.);
#2034=ORIENTED_EDGE('',*,*,#1505,.T.);
#2035=ORIENTED_EDGE('',*,*,#1554,.F.);
#2036=ORIENTED_EDGE('',*,*,#1555,.F.);
#2037=ORIENTED_EDGE('',*,*,#1536,.F.);
#2038=ORIENTED_EDGE('',*,*,#1556,.F.);
#2039=ORIENTED_EDGE('',*,*,#1396,.F.);
#2040=ORIENTED_EDGE('',*,*,#1484,.T.);
#2041=ORIENTED_EDGE('',*,*,#1557,.F.);
#2042=ORIENTED_EDGE('',*,*,#1511,.T.);
#2043=ORIENTED_EDGE('',*,*,#1558,.T.);
#2044=ORIENTED_EDGE('',*,*,#1485,.T.);
#2045=ORIENTED_EDGE('',*,*,#1558,.F.);
#2046=ORIENTED_EDGE('',*,*,#1510,.T.);
#2047=ORIENTED_EDGE('',*,*,#1508,.T.);
#2048=ORIENTED_EDGE('',*,*,#1537,.T.);
#2049=ORIENTED_EDGE('',*,*,#1555,.T.);
#2050=ORIENTED_EDGE('',*,*,#1559,.F.);
#2051=ORIENTED_EDGE('',*,*,#1560,.F.);
#2052=ORIENTED_EDGE('',*,*,#1561,.F.);
#2053=ORIENTED_EDGE('',*,*,#1562,.T.);
#2054=ORIENTED_EDGE('',*,*,#1538,.T.);
#2055=ORIENTED_EDGE('',*,*,#1526,.T.);
#2056=ORIENTED_EDGE('',*,*,#1563,.T.);
#2057=ORIENTED_EDGE('',*,*,#1473,.T.);
#2058=ORIENTED_EDGE('',*,*,#1474,.T.);
#2059=ORIENTED_EDGE('',*,*,#1563,.F.);
#2060=ORIENTED_EDGE('',*,*,#1525,.T.);
#2061=ORIENTED_EDGE('',*,*,#1492,.T.);
#2062=ORIENTED_EDGE('',*,*,#1564,.T.);
#2063=ORIENTED_EDGE('',*,*,#1565,.T.);
#2064=ORIENTED_EDGE('',*,*,#1539,.T.);
#2065=ORIENTED_EDGE('',*,*,#1562,.F.);
#2066=ORIENTED_EDGE('',*,*,#1566,.F.);
#2067=ORIENTED_EDGE('',*,*,#1501,.F.);
#2068=ORIENTED_EDGE('',*,*,#1524,.F.);
#2069=ORIENTED_EDGE('',*,*,#1567,.F.);
#2070=ORIENTED_EDGE('',*,*,#1568,.T.);
#2071=ORIENTED_EDGE('',*,*,#1569,.T.);
#2072=ORIENTED_EDGE('',*,*,#1570,.F.);
#2073=ORIENTED_EDGE('',*,*,#1452,.F.);
#2074=ORIENTED_EDGE('',*,*,#1571,.T.);
#2075=ORIENTED_EDGE('',*,*,#1556,.T.);
#2076=ORIENTED_EDGE('',*,*,#1540,.F.);
#2077=ORIENTED_EDGE('',*,*,#1565,.F.);
#2078=ORIENTED_EDGE('',*,*,#1572,.T.);
#2079=ORIENTED_EDGE('',*,*,#1573,.T.);
#2080=ORIENTED_EDGE('',*,*,#1574,.F.);
#2081=ORIENTED_EDGE('',*,*,#1567,.T.);
#2082=ORIENTED_EDGE('',*,*,#1523,.T.);
#2083=ORIENTED_EDGE('',*,*,#1553,.T.);
#2084=ORIENTED_EDGE('',*,*,#1575,.F.);
#2085=ORIENTED_EDGE('',*,*,#1454,.T.);
#2086=ORIENTED_EDGE('',*,*,#1545,.T.);
#2087=ORIENTED_EDGE('',*,*,#1571,.F.);
#2088=ORIENTED_EDGE('',*,*,#1462,.T.);
#2089=ORIENTED_EDGE('',*,*,#1576,.T.);
#2090=ORIENTED_EDGE('',*,*,#1466,.T.);
#2091=ORIENTED_EDGE('',*,*,#1489,.F.);
#2092=ORIENTED_EDGE('',*,*,#1533,.T.);
#2093=ORIENTED_EDGE('',*,*,#1541,.T.);
#2094=ORIENTED_EDGE('',*,*,#1546,.T.);
#2095=ORIENTED_EDGE('',*,*,#1576,.F.);
#2096=ORIENTED_EDGE('',*,*,#1461,.F.);
#2097=ORIENTED_EDGE('',*,*,#1577,.T.);
#2098=ORIENTED_EDGE('',*,*,#1547,.T.);
#2099=ORIENTED_EDGE('',*,*,#1577,.F.);
#2100=ORIENTED_EDGE('',*,*,#1460,.F.);
#2101=ORIENTED_EDGE('',*,*,#1578,.F.);
#2102=ORIENTED_EDGE('',*,*,#1550,.T.);
#2103=ORIENTED_EDGE('',*,*,#1579,.F.);
#2104=ORIENTED_EDGE('',*,*,#1457,.T.);
#2105=ORIENTED_EDGE('',*,*,#1580,.T.);
#2106=ORIENTED_EDGE('',*,*,#1551,.T.);
#2107=ORIENTED_EDGE('',*,*,#1580,.F.);
#2108=ORIENTED_EDGE('',*,*,#1456,.T.);
#2109=ORIENTED_EDGE('',*,*,#1581,.T.);
#2110=ORIENTED_EDGE('',*,*,#1552,.T.);
#2111=ORIENTED_EDGE('',*,*,#1581,.F.);
#2112=ORIENTED_EDGE('',*,*,#1455,.F.);
#2113=ORIENTED_EDGE('',*,*,#1575,.T.);
#2114=ORIENTED_EDGE('',*,*,#1496,.F.);
#2115=ORIENTED_EDGE('',*,*,#1512,.T.);
#2116=ORIENTED_EDGE('',*,*,#1557,.T.);
#2117=ORIENTED_EDGE('',*,*,#1483,.T.);
#2118=ORIENTED_EDGE('',*,*,#1579,.T.);
#2119=ORIENTED_EDGE('',*,*,#1549,.T.);
#2120=ORIENTED_EDGE('',*,*,#1582,.T.);
#2121=ORIENTED_EDGE('',*,*,#1458,.T.);
#2122=ORIENTED_EDGE('',*,*,#1583,.F.);
#2123=ORIENTED_EDGE('',*,*,#1584,.T.);
#2124=ORIENTED_EDGE('',*,*,#1585,.T.);
#2125=ORIENTED_EDGE('',*,*,#1586,.T.);
#2126=ORIENTED_EDGE('',*,*,#1586,.F.);
#2127=ORIENTED_EDGE('',*,*,#1587,.F.);
#2128=ORIENTED_EDGE('',*,*,#1588,.F.);
#2129=ORIENTED_EDGE('',*,*,#1589,.F.);
#2130=ORIENTED_EDGE('',*,*,#1590,.F.);
#2131=ORIENTED_EDGE('',*,*,#1436,.T.);
#2132=ORIENTED_EDGE('',*,*,#1591,.T.);
#2133=ORIENTED_EDGE('',*,*,#1587,.T.);
#2134=ORIENTED_EDGE('',*,*,#1585,.F.);
#2135=ORIENTED_EDGE('',*,*,#1592,.F.);
#2136=ORIENTED_EDGE('',*,*,#1593,.F.);
#2137=ORIENTED_EDGE('',*,*,#1588,.T.);
#2138=ORIENTED_EDGE('',*,*,#1591,.F.);
#2139=ORIENTED_EDGE('',*,*,#1584,.F.);
#2140=ORIENTED_EDGE('',*,*,#1594,.F.);
#2141=ORIENTED_EDGE('',*,*,#1595,.T.);
#2142=ORIENTED_EDGE('',*,*,#1592,.T.);
#2143=ORIENTED_EDGE('',*,*,#1595,.F.);
#2144=ORIENTED_EDGE('',*,*,#1596,.T.);
#2145=ORIENTED_EDGE('',*,*,#1589,.T.);
#2146=ORIENTED_EDGE('',*,*,#1593,.T.);
#2147=ORIENTED_EDGE('',*,*,#1597,.T.);
#2148=ORIENTED_EDGE('',*,*,#1598,.T.);
#2149=ORIENTED_EDGE('',*,*,#1599,.T.);
#2150=ORIENTED_EDGE('',*,*,#1441,.F.);
#2151=ORIENTED_EDGE('',*,*,#1445,.F.);
#2152=ORIENTED_EDGE('',*,*,#1450,.F.);
#2153=ORIENTED_EDGE('',*,*,#1600,.T.);
#2154=ORIENTED_EDGE('',*,*,#1598,.F.);
#2155=ORIENTED_EDGE('',*,*,#1442,.F.);
#2156=ORIENTED_EDGE('',*,*,#1599,.F.);
#2157=ORIENTED_EDGE('',*,*,#1600,.F.);
#2158=ORIENTED_EDGE('',*,*,#1451,.F.);
#2159=ORIENTED_EDGE('',*,*,#1447,.F.);
#2160=ORIENTED_EDGE('',*,*,#1449,.F.);
#2161=ORIENTED_EDGE('',*,*,#1601,.F.);
#2162=ORIENTED_EDGE('',*,*,#1602,.F.);
#2163=ORIENTED_EDGE('',*,*,#1603,.F.);
#2164=ORIENTED_EDGE('',*,*,#1604,.F.);
#2165=ORIENTED_EDGE('',*,*,#1597,.F.);
#2166=ORIENTED_EDGE('',*,*,#1594,.T.);
#2167=ORIENTED_EDGE('',*,*,#1583,.T.);
#2168=ORIENTED_EDGE('',*,*,#1590,.T.);
#2169=ORIENTED_EDGE('',*,*,#1596,.F.);
#2170=ORIENTED_EDGE('',*,*,#1564,.F.);
#2171=ORIENTED_EDGE('',*,*,#1574,.T.);
#2172=ORIENTED_EDGE('',*,*,#1605,.T.);
#2173=ORIENTED_EDGE('',*,*,#1606,.T.);
#2174=ORIENTED_EDGE('',*,*,#1568,.F.);
#2175=ORIENTED_EDGE('',*,*,#1573,.F.);
#2176=ORIENTED_EDGE('',*,*,#1607,.F.);
#2177=ORIENTED_EDGE('',*,*,#1608,.F.);
#2178=ORIENTED_EDGE('',*,*,#1605,.F.);
#2179=ORIENTED_EDGE('',*,*,#1453,.F.);
#2180=ORIENTED_EDGE('',*,*,#1570,.T.);
#2181=ORIENTED_EDGE('',*,*,#1609,.T.);
#2182=ORIENTED_EDGE('',*,*,#1607,.T.);
#2183=ORIENTED_EDGE('',*,*,#1572,.F.);
#2184=ORIENTED_EDGE('',*,*,#1609,.F.);
#2185=ORIENTED_EDGE('',*,*,#1569,.F.);
#2186=ORIENTED_EDGE('',*,*,#1606,.F.);
#2187=ORIENTED_EDGE('',*,*,#1610,.F.);
#2188=ORIENTED_EDGE('',*,*,#1611,.F.);
#2189=ORIENTED_EDGE('',*,*,#1560,.T.);
#2190=ORIENTED_EDGE('',*,*,#1612,.T.);
#2191=ORIENTED_EDGE('',*,*,#1601,.T.);
#2192=ORIENTED_EDGE('',*,*,#1613,.T.);
#2193=ORIENTED_EDGE('',*,*,#1602,.T.);
#2194=ORIENTED_EDGE('',*,*,#1612,.F.);
#2195=ORIENTED_EDGE('',*,*,#1559,.T.);
#2196=ORIENTED_EDGE('',*,*,#1554,.T.);
#2197=ORIENTED_EDGE('',*,*,#1504,.T.);
#2198=ORIENTED_EDGE('',*,*,#1614,.T.);
#2199=ORIENTED_EDGE('',*,*,#1603,.T.);
#2200=ORIENTED_EDGE('',*,*,#1614,.F.);
#2201=ORIENTED_EDGE('',*,*,#1503,.T.);
#2202=ORIENTED_EDGE('',*,*,#1615,.T.);
#2203=ORIENTED_EDGE('',*,*,#1604,.T.);
#2204=ORIENTED_EDGE('',*,*,#1615,.F.);
#2205=ORIENTED_EDGE('',*,*,#1502,.T.);
#2206=ORIENTED_EDGE('',*,*,#1566,.T.);
#2207=ORIENTED_EDGE('',*,*,#1561,.T.);
#2208=ORIENTED_EDGE('',*,*,#1613,.F.);
#2209=ORIENTED_EDGE('',*,*,#1578,.T.);
#2210=ORIENTED_EDGE('',*,*,#1459,.T.);
#2211=ORIENTED_EDGE('',*,*,#1582,.F.);
#2212=ORIENTED_EDGE('',*,*,#1548,.T.);
#2213=ORIENTED_EDGE('',*,*,#1608,.T.);
#2214=ORIENTED_EDGE('',*,*,#1611,.T.);
#2215=ORIENTED_EDGE('',*,*,#1616,.T.);
#2216=ORIENTED_EDGE('',*,*,#1617,.F.);
#2217=ORIENTED_EDGE('',*,*,#1616,.F.);
#2218=ORIENTED_EDGE('',*,*,#1610,.T.);
#2219=ORIENTED_EDGE('',*,*,#1438,.F.);
#2220=ORIENTED_EDGE('',*,*,#1617,.T.);
#2221=ORIENTED_EDGE('',*,*,#1618,.T.);
#2222=ORIENTED_EDGE('',*,*,#1619,.T.);
#2223=ORIENTED_EDGE('',*,*,#1620,.T.);
#2224=ORIENTED_EDGE('',*,*,#1621,.T.);
#2225=ORIENTED_EDGE('',*,*,#1622,.T.);
#2226=ORIENTED_EDGE('',*,*,#1623,.T.);
#2227=ORIENTED_EDGE('',*,*,#1624,.T.);
#2228=ORIENTED_EDGE('',*,*,#1620,.F.);
#2229=ORIENTED_EDGE('',*,*,#1625,.F.);
#2230=ORIENTED_EDGE('',*,*,#1626,.F.);
#2231=ORIENTED_EDGE('',*,*,#1627,.T.);
#2232=ORIENTED_EDGE('',*,*,#1623,.F.);
#2233=ORIENTED_EDGE('',*,*,#1619,.F.);
#2234=ORIENTED_EDGE('',*,*,#1628,.F.);
#2235=ORIENTED_EDGE('',*,*,#1629,.T.);
#2236=ORIENTED_EDGE('',*,*,#1625,.T.);
#2237=ORIENTED_EDGE('',*,*,#1629,.F.);
#2238=ORIENTED_EDGE('',*,*,#1630,.T.);
#2239=ORIENTED_EDGE('',*,*,#1631,.T.);
#2240=ORIENTED_EDGE('',*,*,#1626,.T.);
#2241=ORIENTED_EDGE('',*,*,#1621,.F.);
#2242=ORIENTED_EDGE('',*,*,#1624,.F.);
#2243=ORIENTED_EDGE('',*,*,#1627,.F.);
#2244=ORIENTED_EDGE('',*,*,#1631,.F.);
#2245=ORIENTED_EDGE('',*,*,#1632,.F.);
#2246=ORIENTED_EDGE('',*,*,#1633,.F.);
#2247=ORIENTED_EDGE('',*,*,#1618,.F.);
#2248=ORIENTED_EDGE('',*,*,#1633,.T.);
#2249=ORIENTED_EDGE('',*,*,#1634,.T.);
#2250=ORIENTED_EDGE('',*,*,#1635,.T.);
#2251=ORIENTED_EDGE('',*,*,#1634,.F.);
#2252=ORIENTED_EDGE('',*,*,#1632,.T.);
#2253=ORIENTED_EDGE('',*,*,#1630,.F.);
#2254=ORIENTED_EDGE('',*,*,#1628,.T.);
#2255=ORIENTED_EDGE('',*,*,#1636,.T.);
#2256=ORIENTED_EDGE('',*,*,#1637,.T.);
#2257=ORIENTED_EDGE('',*,*,#1638,.T.);
#2258=ORIENTED_EDGE('',*,*,#1639,.F.);
#2259=ORIENTED_EDGE('',*,*,#1640,.T.);
#2260=ORIENTED_EDGE('',*,*,#1641,.T.);
#2261=ORIENTED_EDGE('',*,*,#1642,.T.);
#2262=ORIENTED_EDGE('',*,*,#1643,.T.);
#2263=ORIENTED_EDGE('',*,*,#1644,.T.);
#2264=ORIENTED_EDGE('',*,*,#1645,.T.);
#2265=ORIENTED_EDGE('',*,*,#1646,.T.);
#2266=ORIENTED_EDGE('',*,*,#1641,.F.);
#2267=ORIENTED_EDGE('',*,*,#1647,.T.);
#2268=ORIENTED_EDGE('',*,*,#1645,.F.);
#2269=ORIENTED_EDGE('',*,*,#1648,.T.);
#2270=ORIENTED_EDGE('',*,*,#1649,.T.);
#2271=ORIENTED_EDGE('',*,*,#1650,.T.);
#2272=ORIENTED_EDGE('',*,*,#1649,.F.);
#2273=ORIENTED_EDGE('',*,*,#1651,.T.);
#2274=ORIENTED_EDGE('',*,*,#1639,.T.);
#2275=ORIENTED_EDGE('',*,*,#1652,.T.);
#2276=ORIENTED_EDGE('',*,*,#1643,.F.);
#2277=ORIENTED_EDGE('',*,*,#1653,.T.);
#2278=ORIENTED_EDGE('',*,*,#1637,.F.);
#2279=ORIENTED_EDGE('',*,*,#1638,.F.);
#2280=ORIENTED_EDGE('',*,*,#1654,.T.);
#2281=ORIENTED_EDGE('',*,*,#1655,.T.);
#2282=ORIENTED_EDGE('',*,*,#1656,.F.);
#2283=ORIENTED_EDGE('',*,*,#1653,.F.);
#2284=ORIENTED_EDGE('',*,*,#1657,.T.);
#2285=ORIENTED_EDGE('',*,*,#1658,.T.);
#2286=ORIENTED_EDGE('',*,*,#1654,.F.);
#2287=ORIENTED_EDGE('',*,*,#1642,.F.);
#2288=ORIENTED_EDGE('',*,*,#1659,.T.);
#2289=ORIENTED_EDGE('',*,*,#1660,.T.);
#2290=ORIENTED_EDGE('',*,*,#1657,.F.);
#2291=ORIENTED_EDGE('',*,*,#1661,.T.);
#2292=ORIENTED_EDGE('',*,*,#1662,.F.);
#2293=ORIENTED_EDGE('',*,*,#1663,.F.);
#2294=ORIENTED_EDGE('',*,*,#1664,.F.);
#2295=ORIENTED_EDGE('',*,*,#1665,.F.);
#2296=ORIENTED_EDGE('',*,*,#1666,.F.);
#2297=ORIENTED_EDGE('',*,*,#1640,.F.);
#2298=ORIENTED_EDGE('',*,*,#1652,.F.);
#2299=ORIENTED_EDGE('',*,*,#1636,.F.);
#2300=ORIENTED_EDGE('',*,*,#1651,.F.);
#2301=ORIENTED_EDGE('',*,*,#1648,.F.);
#2302=ORIENTED_EDGE('',*,*,#1644,.F.);
#2303=ORIENTED_EDGE('',*,*,#1661,.F.);
#2304=ORIENTED_EDGE('',*,*,#1667,.T.);
#2305=ORIENTED_EDGE('',*,*,#1668,.T.);
#2306=ORIENTED_EDGE('',*,*,#1669,.T.);
#2307=ORIENTED_EDGE('',*,*,#1669,.F.);
#2308=ORIENTED_EDGE('',*,*,#1670,.F.);
#2309=ORIENTED_EDGE('',*,*,#1671,.F.);
#2310=ORIENTED_EDGE('',*,*,#1662,.T.);
#2311=ORIENTED_EDGE('',*,*,#1672,.T.);
#2312=ORIENTED_EDGE('',*,*,#1673,.T.);
#2313=ORIENTED_EDGE('',*,*,#1663,.T.);
#2314=ORIENTED_EDGE('',*,*,#1671,.T.);
#2315=ORIENTED_EDGE('',*,*,#1674,.T.);
#2316=ORIENTED_EDGE('',*,*,#1675,.T.);
#2317=ORIENTED_EDGE('',*,*,#1665,.T.);
#2318=ORIENTED_EDGE('',*,*,#1676,.T.);
#2319=ORIENTED_EDGE('',*,*,#1673,.F.);
#2320=ORIENTED_EDGE('',*,*,#1677,.F.);
#2321=ORIENTED_EDGE('',*,*,#1676,.F.);
#2322=ORIENTED_EDGE('',*,*,#1664,.T.);
#2323=ORIENTED_EDGE('',*,*,#1667,.F.);
#2324=ORIENTED_EDGE('',*,*,#1666,.T.);
#2325=ORIENTED_EDGE('',*,*,#1675,.F.);
#2326=ORIENTED_EDGE('',*,*,#1678,.F.);
#2327=ORIENTED_EDGE('',*,*,#1635,.F.);
#2328=ORIENTED_EDGE('',*,*,#1679,.T.);
#2329=ORIENTED_EDGE('',*,*,#1622,.F.);
#2330=ORIENTED_EDGE('',*,*,#1672,.F.);
#2331=ORIENTED_EDGE('',*,*,#1670,.T.);
#2332=ORIENTED_EDGE('',*,*,#1668,.F.);
#2333=ORIENTED_EDGE('',*,*,#1678,.T.);
#2334=ORIENTED_EDGE('',*,*,#1674,.F.);
#2335=ORIENTED_EDGE('',*,*,#1677,.T.);
#2336=ORIENTED_EDGE('',*,*,#1680,.F.);
#2337=ORIENTED_EDGE('',*,*,#1681,.T.);
#2338=ORIENTED_EDGE('',*,*,#1682,.T.);
#2339=ORIENTED_EDGE('',*,*,#1683,.T.);
#2340=ORIENTED_EDGE('',*,*,#1684,.F.);
#2341=ORIENTED_EDGE('',*,*,#1685,.F.);
#2342=ORIENTED_EDGE('',*,*,#1686,.F.);
#2343=ORIENTED_EDGE('',*,*,#1687,.F.);
#2344=ORIENTED_EDGE('',*,*,#1682,.F.);
#2345=ORIENTED_EDGE('',*,*,#1688,.F.);
#2346=ORIENTED_EDGE('',*,*,#1689,.T.);
#2347=ORIENTED_EDGE('',*,*,#1690,.T.);
#2348=ORIENTED_EDGE('',*,*,#1686,.T.);
#2349=ORIENTED_EDGE('',*,*,#1691,.F.);
#2350=ORIENTED_EDGE('',*,*,#1690,.F.);
#2351=ORIENTED_EDGE('',*,*,#1692,.F.);
#2352=ORIENTED_EDGE('',*,*,#1693,.F.);
#2353=ORIENTED_EDGE('',*,*,#1683,.F.);
#2354=ORIENTED_EDGE('',*,*,#1694,.F.);
#2355=ORIENTED_EDGE('',*,*,#1695,.F.);
#2356=ORIENTED_EDGE('',*,*,#1680,.T.);
#2357=ORIENTED_EDGE('',*,*,#1696,.F.);
#2358=ORIENTED_EDGE('',*,*,#1646,.F.);
#2359=ORIENTED_EDGE('',*,*,#1697,.T.);
#2360=ORIENTED_EDGE('',*,*,#1698,.T.);
#2361=ORIENTED_EDGE('',*,*,#1659,.F.);
#2362=ORIENTED_EDGE('',*,*,#1647,.F.);
#2363=ORIENTED_EDGE('',*,*,#1699,.T.);
#2364=ORIENTED_EDGE('',*,*,#1700,.T.);
#2365=ORIENTED_EDGE('',*,*,#1697,.F.);
#2366=ORIENTED_EDGE('',*,*,#1650,.F.);
#2367=ORIENTED_EDGE('',*,*,#1656,.T.);
#2368=ORIENTED_EDGE('',*,*,#1701,.T.);
#2369=ORIENTED_EDGE('',*,*,#1699,.F.);
#2370=ORIENTED_EDGE('',*,*,#1658,.F.);
#2371=ORIENTED_EDGE('',*,*,#1660,.F.);
#2372=ORIENTED_EDGE('',*,*,#1698,.F.);
#2373=ORIENTED_EDGE('',*,*,#1700,.F.);
#2374=ORIENTED_EDGE('',*,*,#1701,.F.);
#2375=ORIENTED_EDGE('',*,*,#1655,.F.);
#2376=ORIENTED_EDGE('',*,*,#1702,.F.);
#2377=ORIENTED_EDGE('',*,*,#1679,.F.);
#2378=ORIENTED_EDGE('',*,*,#1703,.T.);
#2379=ORIENTED_EDGE('',*,*,#1692,.T.);
#2380=ORIENTED_EDGE('',*,*,#1689,.F.);
#2381=ORIENTED_EDGE('',*,*,#1704,.T.);
#2382=ORIENTED_EDGE('',*,*,#1691,.T.);
#2383=ORIENTED_EDGE('',*,*,#1685,.T.);
#2384=ORIENTED_EDGE('',*,*,#1681,.F.);
#2385=ORIENTED_EDGE('',*,*,#1696,.T.);
#2386=ORIENTED_EDGE('',*,*,#1684,.T.);
#2387=ORIENTED_EDGE('',*,*,#1693,.T.);
#2388=ORIENTED_EDGE('',*,*,#1703,.F.);
#2389=ORIENTED_EDGE('',*,*,#1688,.T.);
#2390=ORIENTED_EDGE('',*,*,#1704,.F.);
#2391=ORIENTED_EDGE('',*,*,#1687,.T.);
#2392=ORIENTED_EDGE('',*,*,#1695,.T.);
#2393=ORIENTED_EDGE('',*,*,#1705,.T.);
#2394=ORIENTED_EDGE('',*,*,#1702,.T.);
#2395=ORIENTED_EDGE('',*,*,#1705,.F.);
#2396=ORIENTED_EDGE('',*,*,#1694,.T.);
#2397=ORIENTED_EDGE('',*,*,#1706,.F.);
#2398=ORIENTED_EDGE('',*,*,#1707,.T.);
#2399=ORIENTED_EDGE('',*,*,#1708,.F.);
#2400=ORIENTED_EDGE('',*,*,#1707,.F.);
#2401=ORIENTED_EDGE('',*,*,#1709,.T.);
#2402=ORIENTED_EDGE('',*,*,#1710,.T.);
#2403=ORIENTED_EDGE('',*,*,#1711,.T.);
#2404=ORIENTED_EDGE('',*,*,#1710,.F.);
#2405=ORIENTED_EDGE('',*,*,#1711,.F.);
#2406=ORIENTED_EDGE('',*,*,#1712,.T.);
#2407=ORIENTED_EDGE('',*,*,#1713,.T.);
#2408=ORIENTED_EDGE('',*,*,#1714,.T.);
#2409=ORIENTED_EDGE('',*,*,#1715,.T.);
#2410=ORIENTED_EDGE('',*,*,#1716,.T.);
#2411=ORIENTED_EDGE('',*,*,#1717,.T.);
#2412=ORIENTED_EDGE('',*,*,#1718,.F.);
#2413=ORIENTED_EDGE('',*,*,#1719,.T.);
#2414=ORIENTED_EDGE('',*,*,#1709,.F.);
#2415=ORIENTED_EDGE('',*,*,#1719,.F.);
#2416=ORIENTED_EDGE('',*,*,#1720,.F.);
#2417=ORIENTED_EDGE('',*,*,#1721,.F.);
#2418=ORIENTED_EDGE('',*,*,#1722,.T.);
#2419=ORIENTED_EDGE('',*,*,#1722,.F.);
#2420=ORIENTED_EDGE('',*,*,#1723,.F.);
#2421=ORIENTED_EDGE('',*,*,#1724,.T.);
#2422=ORIENTED_EDGE('',*,*,#1724,.F.);
#2423=ORIENTED_EDGE('',*,*,#1725,.F.);
#2424=ORIENTED_EDGE('',*,*,#1726,.T.);
#2425=ORIENTED_EDGE('',*,*,#1726,.F.);
#2426=ORIENTED_EDGE('',*,*,#1727,.F.);
#2427=ORIENTED_EDGE('',*,*,#1728,.T.);
#2428=ORIENTED_EDGE('',*,*,#1728,.F.);
#2429=ORIENTED_EDGE('',*,*,#1729,.F.);
#2430=ORIENTED_EDGE('',*,*,#1730,.T.);
#2431=ORIENTED_EDGE('',*,*,#1730,.F.);
#2432=ORIENTED_EDGE('',*,*,#1731,.F.);
#2433=ORIENTED_EDGE('',*,*,#1720,.T.);
#2434=ORIENTED_EDGE('',*,*,#1712,.F.);
#2435=ORIENTED_EDGE('',*,*,#1732,.T.);
#2436=ORIENTED_EDGE('',*,*,#1721,.T.);
#2437=ORIENTED_EDGE('',*,*,#1733,.F.);
#2438=ORIENTED_EDGE('',*,*,#1717,.F.);
#2439=ORIENTED_EDGE('',*,*,#1734,.T.);
#2440=ORIENTED_EDGE('',*,*,#1723,.T.);
#2441=ORIENTED_EDGE('',*,*,#1732,.F.);
#2442=ORIENTED_EDGE('',*,*,#1716,.F.);
#2443=ORIENTED_EDGE('',*,*,#1735,.T.);
#2444=ORIENTED_EDGE('',*,*,#1725,.T.);
#2445=ORIENTED_EDGE('',*,*,#1734,.F.);
#2446=ORIENTED_EDGE('',*,*,#1715,.F.);
#2447=ORIENTED_EDGE('',*,*,#1736,.T.);
#2448=ORIENTED_EDGE('',*,*,#1727,.T.);
#2449=ORIENTED_EDGE('',*,*,#1735,.F.);
#2450=ORIENTED_EDGE('',*,*,#1714,.F.);
#2451=ORIENTED_EDGE('',*,*,#1737,.T.);
#2452=ORIENTED_EDGE('',*,*,#1729,.T.);
#2453=ORIENTED_EDGE('',*,*,#1736,.F.);
#2454=ORIENTED_EDGE('',*,*,#1713,.F.);
#2455=ORIENTED_EDGE('',*,*,#1733,.T.);
#2456=ORIENTED_EDGE('',*,*,#1731,.T.);
#2457=ORIENTED_EDGE('',*,*,#1737,.F.);
#2458=ORIENTED_EDGE('',*,*,#1706,.T.);
#2459=ORIENTED_EDGE('',*,*,#1738,.T.);
#2460=ORIENTED_EDGE('',*,*,#1739,.T.);
#2461=ORIENTED_EDGE('',*,*,#1738,.F.);
#2462=ORIENTED_EDGE('',*,*,#1708,.T.);
#2463=ORIENTED_EDGE('',*,*,#1718,.T.);
#2464=ORIENTED_EDGE('',*,*,#1739,.F.);
#2465=ORIENTED_EDGE('',*,*,#1740,.F.);
#2466=ORIENTED_EDGE('',*,*,#1741,.F.);
#2467=ORIENTED_EDGE('',*,*,#1742,.F.);
#2468=ORIENTED_EDGE('',*,*,#1743,.F.);
#2469=ORIENTED_EDGE('',*,*,#1742,.T.);
#2470=ORIENTED_EDGE('',*,*,#1744,.F.);
#2471=ORIENTED_EDGE('',*,*,#1745,.T.);
#2472=ORIENTED_EDGE('',*,*,#1746,.F.);
#2473=ORIENTED_EDGE('',*,*,#1747,.F.);
#2474=ORIENTED_EDGE('',*,*,#1748,.T.);
#2475=ORIENTED_EDGE('',*,*,#1749,.T.);
#2476=ORIENTED_EDGE('',*,*,#1750,.T.);
#2477=ORIENTED_EDGE('',*,*,#1751,.T.);
#2478=ORIENTED_EDGE('',*,*,#1744,.T.);
#2479=ORIENTED_EDGE('',*,*,#1741,.T.);
#2480=ORIENTED_EDGE('',*,*,#1752,.T.);
#2481=ORIENTED_EDGE('',*,*,#1753,.T.);
#2482=ORIENTED_EDGE('',*,*,#1748,.F.);
#2483=ORIENTED_EDGE('',*,*,#1740,.T.);
#2484=ORIENTED_EDGE('',*,*,#1754,.F.);
#2485=ORIENTED_EDGE('',*,*,#1755,.F.);
#2486=ORIENTED_EDGE('',*,*,#1752,.F.);
#2487=ORIENTED_EDGE('',*,*,#1755,.T.);
#2488=ORIENTED_EDGE('',*,*,#1756,.F.);
#2489=ORIENTED_EDGE('',*,*,#1757,.F.);
#2490=ORIENTED_EDGE('',*,*,#1758,.F.);
#2491=ORIENTED_EDGE('',*,*,#1749,.F.);
#2492=ORIENTED_EDGE('',*,*,#1753,.F.);
#2493=ORIENTED_EDGE('',*,*,#1758,.T.);
#2494=ORIENTED_EDGE('',*,*,#1759,.F.);
#2495=ORIENTED_EDGE('',*,*,#1760,.F.);
#2496=ORIENTED_EDGE('',*,*,#1750,.F.);
#2497=ORIENTED_EDGE('',*,*,#1760,.T.);
#2498=ORIENTED_EDGE('',*,*,#1761,.F.);
#2499=ORIENTED_EDGE('',*,*,#1745,.F.);
#2500=ORIENTED_EDGE('',*,*,#1751,.F.);
#2501=ORIENTED_EDGE('',*,*,#1762,.F.);
#2502=ORIENTED_EDGE('',*,*,#1763,.T.);
#2503=ORIENTED_EDGE('',*,*,#1743,.T.);
#2504=ORIENTED_EDGE('',*,*,#1746,.T.);
#2505=ORIENTED_EDGE('',*,*,#1761,.T.);
#2506=ORIENTED_EDGE('',*,*,#1759,.T.);
#2507=ORIENTED_EDGE('',*,*,#1757,.T.);
#2508=ORIENTED_EDGE('',*,*,#1764,.T.);
#2509=ORIENTED_EDGE('',*,*,#1762,.T.);
#2510=ORIENTED_EDGE('',*,*,#1764,.F.);
#2511=ORIENTED_EDGE('',*,*,#1756,.T.);
#2512=ORIENTED_EDGE('',*,*,#1754,.T.);
#2513=ORIENTED_EDGE('',*,*,#1747,.T.);
#2514=ORIENTED_EDGE('',*,*,#1765,.F.);
#2515=ORIENTED_EDGE('',*,*,#1765,.T.);
#2516=ORIENTED_EDGE('',*,*,#1766,.T.);
#2517=ORIENTED_EDGE('',*,*,#1763,.F.);
#2518=ORIENTED_EDGE('',*,*,#1766,.F.);
#2519=CONICAL_SURFACE('',#2736,2.2,0.78539816339745);
#2520=CONICAL_SURFACE('',#2743,2.34999999999999,0.148889947609492);
#2521=CONICAL_SURFACE('',#2748,2.35,0.1488899476095);
#2522=CONICAL_SURFACE('',#2752,2.34999999999999,0.148889947609492);
#2523=CONICAL_SURFACE('',#2757,2.35,0.1488899476095);
#2524=CONICAL_SURFACE('',#2761,2.34999999999999,0.148889947609492);
#2525=CONICAL_SURFACE('',#2766,2.35,0.1488899476095);
#2526=CONICAL_SURFACE('',#2770,2.75,0.463647609000807);
#2527=CONICAL_SURFACE('',#2779,12.,0.463647609000808);
#2528=CONICAL_SURFACE('',#2829,9.95,0.463647609000806);
#2529=CONICAL_SURFACE('',#2834,12.05,0.78539816339745);
#2530=CONICAL_SURFACE('',#2850,12.,0.785398163397451);
#2531=CONICAL_SURFACE('',#2852,12.,0.785398163397451);
#2532=CONICAL_SURFACE('',#2859,12.05,0.78539816339745);
#2533=CONICAL_SURFACE('',#2868,12.,0.463647609000806);
#2534=CONICAL_SURFACE('',#2919,2.30000000001855,0.785398163397978);
#2535=CONICAL_SURFACE('',#2948,4.27,1.0471975511966);
#2536=CONICAL_SURFACE('',#2957,4.27,1.0471975511966);
#2537=ADVANCED_FACE('',(#229),#2519,.F.);
#2538=ADVANCED_FACE('',(#230,#108),#127,.T.);
#2539=ADVANCED_FACE('',(#231),#81,.F.);
#2540=ADVANCED_FACE('',(#232),#2520,.F.);
#2541=ADVANCED_FACE('',(#233),#82,.F.);
#2542=ADVANCED_FACE('',(#234),#2521,.F.);
#2543=ADVANCED_FACE('',(#235),#128,.T.);
#2544=ADVANCED_FACE('',(#236),#129,.F.);
#2545=ADVANCED_FACE('',(#237),#2522,.F.);
#2546=ADVANCED_FACE('',(#238),#83,.F.);
#2547=ADVANCED_FACE('',(#239),#2523,.F.);
#2548=ADVANCED_FACE('',(#240),#130,.T.);
#2549=ADVANCED_FACE('',(#241),#131,.F.);
#2550=ADVANCED_FACE('',(#242),#2524,.F.);
#2551=ADVANCED_FACE('',(#243),#84,.F.);
#2552=ADVANCED_FACE('',(#244),#2525,.F.);
#2553=ADVANCED_FACE('',(#245),#132,.T.);
#2554=ADVANCED_FACE('',(#246),#133,.F.);
#2555=ADVANCED_FACE('',(#247),#2526,.F.);
#2556=ADVANCED_FACE('',(#248,#109),#134,.F.);
#2557=ADVANCED_FACE('',(#249,#110,#111,#112),#85,.F.);
#2558=ADVANCED_FACE('',(#250),#86,.T.);
#2559=ADVANCED_FACE('',(#251),#87,.F.);
#2560=ADVANCED_FACE('',(#252),#2527,.T.);
#2561=ADVANCED_FACE('',(#253),#88,.T.);
#2562=ADVANCED_FACE('',(#254),#135,.T.);
#2563=ADVANCED_FACE('',(#255),#136,.F.);
#2564=ADVANCED_FACE('',(#256),#137,.F.);
#2565=ADVANCED_FACE('',(#257),#138,.F.);
#2566=ADVANCED_FACE('',(#258),#139,.F.);
#2567=ADVANCED_FACE('',(#259),#140,.T.);
#2568=ADVANCED_FACE('',(#260),#141,.F.);
#2569=ADVANCED_FACE('',(#261),#142,.F.);
#2570=ADVANCED_FACE('',(#262),#143,.T.);
#2571=ADVANCED_FACE('',(#263),#144,.T.);
#2572=ADVANCED_FACE('',(#264),#145,.F.);
#2573=ADVANCED_FACE('',(#265),#146,.F.);
#2574=ADVANCED_FACE('',(#266),#147,.F.);
#2575=ADVANCED_FACE('',(#267),#148,.F.);
#2576=ADVANCED_FACE('',(#268),#149,.F.);
#2577=ADVANCED_FACE('',(#269),#150,.F.);
#2578=ADVANCED_FACE('',(#270),#151,.F.);
#2579=ADVANCED_FACE('',(#271),#152,.F.);
#2580=ADVANCED_FACE('',(#272),#153,.F.);
#2581=ADVANCED_FACE('',(#273),#154,.F.);
#2582=ADVANCED_FACE('',(#274),#155,.F.);
#2583=ADVANCED_FACE('',(#275),#156,.F.);
#2584=ADVANCED_FACE('',(#276),#157,.F.);
#2585=ADVANCED_FACE('',(#277,#113),#158,.T.);
#2586=ADVANCED_FACE('',(#278),#159,.F.);
#2587=ADVANCED_FACE('',(#279),#160,.F.);
#2588=ADVANCED_FACE('',(#280),#161,.F.);
#2589=ADVANCED_FACE('',(#281),#162,.T.);
#2590=ADVANCED_FACE('',(#282),#163,.T.);
#2591=ADVANCED_FACE('',(#283),#164,.F.);
#2592=ADVANCED_FACE('',(#284),#165,.F.);
#2593=ADVANCED_FACE('',(#285,#114),#166,.F.);
#2594=ADVANCED_FACE('',(#286),#167,.F.);
#2595=ADVANCED_FACE('',(#287),#168,.F.);
#2596=ADVANCED_FACE('',(#288),#169,.F.);
#2597=ADVANCED_FACE('',(#289),#170,.F.);
#2598=ADVANCED_FACE('',(#290,#115),#171,.F.);
#2599=ADVANCED_FACE('',(#291),#172,.F.);
#2600=ADVANCED_FACE('',(#292),#89,.T.);
#2601=ADVANCED_FACE('',(#293),#90,.T.);
#2602=ADVANCED_FACE('',(#294),#2528,.T.);
#2603=ADVANCED_FACE('',(#295),#91,.F.);
#2604=ADVANCED_FACE('',(#296),#92,.T.);
#2605=ADVANCED_FACE('',(#297),#2529,.T.);
#2606=ADVANCED_FACE('',(#298,#116),#93,.T.);
#2607=ADVANCED_FACE('',(#299,#117),#173,.F.);
#2608=ADVANCED_FACE('',(#300),#174,.F.);
#2609=ADVANCED_FACE('',(#301),#175,.T.);
#2610=ADVANCED_FACE('',(#302),#176,.F.);
#2611=ADVANCED_FACE('',(#303),#177,.T.);
#2612=ADVANCED_FACE('',(#304),#178,.T.);
#2613=ADVANCED_FACE('',(#305),#2530,.T.);
#2614=ADVANCED_FACE('',(#306),#179,.T.);
#2615=ADVANCED_FACE('',(#307),#2531,.T.);
#2616=ADVANCED_FACE('',(#308),#180,.F.);
#2617=ADVANCED_FACE('',(#309),#94,.F.);
#2618=ADVANCED_FACE('',(#310,#118),#181,.T.);
#2619=ADVANCED_FACE('',(#311),#95,.T.);
#2620=ADVANCED_FACE('',(#312),#2532,.T.);
#2621=ADVANCED_FACE('',(#313),#96,.F.);
#2622=ADVANCED_FACE('',(#314),#97,.T.);
#2623=ADVANCED_FACE('',(#315),#98,.T.);
#2624=ADVANCED_FACE('',(#316),#2533,.T.);
#2625=ADVANCED_FACE('',(#317),#182,.T.);
#2626=ADVANCED_FACE('',(#318),#183,.T.);
#2627=ADVANCED_FACE('',(#319),#184,.T.);
#2628=ADVANCED_FACE('',(#320),#185,.T.);
#2629=ADVANCED_FACE('',(#321),#186,.T.);
#2630=ADVANCED_FACE('',(#322),#187,.T.);
#2631=ADVANCED_FACE('',(#323),#188,.F.);
#2632=ADVANCED_FACE('',(#324),#189,.F.);
#2633=ADVANCED_FACE('',(#325),#190,.F.);
#2634=ADVANCED_FACE('',(#326,#119),#191,.T.);
#2635=ADVANCED_FACE('',(#327),#99,.F.);
#2636=ADVANCED_FACE('',(#328),#192,.F.);
#2637=ADVANCED_FACE('',(#329),#100,.T.);
#2638=ADVANCED_FACE('',(#330),#101,.T.);
#2639=ADVANCED_FACE('',(#331),#102,.F.);
#2640=ADVANCED_FACE('',(#332),#193,.F.);
#2641=ADVANCED_FACE('',(#333,#120),#194,.F.);
#2642=ADVANCED_FACE('',(#334,#121),#195,.T.);
#2643=ADVANCED_FACE('',(#335),#196,.F.);
#2644=ADVANCED_FACE('',(#336),#197,.T.);
#2645=ADVANCED_FACE('',(#337),#198,.F.);
#2646=ADVANCED_FACE('',(#338),#199,.T.);
#2647=ADVANCED_FACE('',(#339),#200,.T.);
#2648=ADVANCED_FACE('',(#340),#201,.F.);
#2649=ADVANCED_FACE('',(#341),#202,.F.);
#2650=ADVANCED_FACE('',(#342),#203,.F.);
#2651=ADVANCED_FACE('',(#343,#122),#204,.T.);
#2652=ADVANCED_FACE('',(#344),#103,.F.);
#2653=ADVANCED_FACE('',(#345),#205,.T.);
#2654=ADVANCED_FACE('',(#346),#104,.F.);
#2655=ADVANCED_FACE('',(#347),#2534,.T.);
#2656=ADVANCED_FACE('',(#348),#27,.T.);
#2657=ADVANCED_FACE('',(#349,#123),#206,.T.);
#2658=ADVANCED_FACE('',(#350),#105,.T.);
#2659=ADVANCED_FACE('',(#351),#207,.F.);
#2660=ADVANCED_FACE('',(#352),#208,.F.);
#2661=ADVANCED_FACE('',(#353),#209,.F.);
#2662=ADVANCED_FACE('',(#354),#210,.F.);
#2663=ADVANCED_FACE('',(#355),#211,.F.);
#2664=ADVANCED_FACE('',(#356),#212,.F.);
#2665=ADVANCED_FACE('',(#357),#213,.F.);
#2666=ADVANCED_FACE('',(#358),#214,.F.);
#2667=ADVANCED_FACE('',(#359),#215,.F.);
#2668=ADVANCED_FACE('',(#360),#216,.F.);
#2669=ADVANCED_FACE('',(#361),#217,.F.);
#2670=ADVANCED_FACE('',(#362),#218,.F.);
#2671=ADVANCED_FACE('',(#363),#106,.T.);
#2672=ADVANCED_FACE('',(#364),#219,.T.);
#2673=ADVANCED_FACE('',(#365,#124),#220,.T.);
#2674=ADVANCED_FACE('',(#366),#221,.F.);
#2675=ADVANCED_FACE('',(#367),#222,.F.);
#2676=ADVANCED_FACE('',(#368),#2535,.T.);
#2677=ADVANCED_FACE('',(#369),#223,.F.);
#2678=ADVANCED_FACE('',(#370),#224,.F.);
#2679=ADVANCED_FACE('',(#371),#225,.F.);
#2680=ADVANCED_FACE('',(#372),#226,.F.);
#2681=ADVANCED_FACE('',(#373,#125),#227,.T.);
#2682=ADVANCED_FACE('',(#374),#2536,.T.);
#2683=ADVANCED_FACE('',(#375,#126),#228,.T.);
#2684=ADVANCED_FACE('',(#376),#107,.F.);
#2685=CLOSED_SHELL('',(#2537,#2538,#2539,#2540,#2541,#2542,#2543,#2544,
#2545,#2546,#2547,#2548,#2549,#2550,#2551,#2552,#2553,#2554,#2555,#2556,
#2557,#2558,#2559,#2560,#2561,#2562,#2563,#2564,#2565,#2566,#2567,#2568,
#2569,#2570,#2571,#2572,#2573,#2574,#2575,#2576,#2577,#2578,#2579,#2580,
#2581,#2582,#2583,#2584,#2585,#2586,#2587,#2588,#2589,#2590,#2591,#2592,
#2593,#2594,#2595,#2596,#2597,#2598,#2599,#2600,#2601,#2602,#2603,#2604,
#2605,#2606,#2607,#2608,#2609,#2610,#2611,#2612,#2613,#2614,#2615,#2616,
#2617,#2618));
#2686=CLOSED_SHELL('',(#2619,#2620,#2621,#2622,#2623,#2624,#2625,#2626,
#2627,#2628,#2629,#2630,#2631,#2632,#2633,#2634,#2635,#2636,#2637,#2638,
#2639,#2640,#2641,#2642,#2643,#2644,#2645,#2646,#2647,#2648,#2649,#2650,
#2651,#2652,#2653,#2654));
#2687=CLOSED_SHELL('',(#2655,#2656,#2657,#2658,#2659,#2660,#2661,#2662,
#2663,#2664,#2665,#2666,#2667,#2668,#2669,#2670,#2671,#2672,#2673));
#2688=CLOSED_SHELL('',(#2674,#2675,#2676,#2677,#2678,#2679,#2680,#2681,
#2682,#2683,#2684));
#2689=DERIVED_UNIT_ELEMENT(#2697,1.);
#2690=DERIVED_UNIT_ELEMENT(#4656,-3.);
#2691=DERIVED_UNIT_ELEMENT(#2697,1.);
#2692=DERIVED_UNIT_ELEMENT(#4656,-3.);
#2693=DERIVED_UNIT_ELEMENT(#2697,1.);
#2694=DERIVED_UNIT_ELEMENT(#4656,-3.);
#2695=DERIVED_UNIT_ELEMENT(#2697,1.);
#2696=DERIVED_UNIT_ELEMENT(#4656,-3.);
#2697=(
MASS_UNIT()
NAMED_UNIT(*)
SI_UNIT(.KILO.,.GRAM.)
);
#2698=DERIVED_UNIT((#2689,#2690));
#2699=DERIVED_UNIT((#2691,#2692));
#2700=DERIVED_UNIT((#2693,#2694));
#2701=DERIVED_UNIT((#2695,#2696));
#2702=MEASURE_REPRESENTATION_ITEM('density measure',
POSITIVE_RATIO_MEASURE(7850.),#2698);
#2703=MEASURE_REPRESENTATION_ITEM('density measure',
POSITIVE_RATIO_MEASURE(7850.),#2699);
#2704=MEASURE_REPRESENTATION_ITEM('density measure',
POSITIVE_RATIO_MEASURE(7750.),#2700);
#2705=MEASURE_REPRESENTATION_ITEM('density measure',
POSITIVE_RATIO_MEASURE(8030.),#2701);
#2706=PROPERTY_DEFINITION_REPRESENTATION(#2726,#2714);
#2707=PROPERTY_DEFINITION_REPRESENTATION(#2727,#2715);
#2708=PROPERTY_DEFINITION_REPRESENTATION(#2728,#2716);
#2709=PROPERTY_DEFINITION_REPRESENTATION(#2729,#2717);
#2710=PROPERTY_DEFINITION_REPRESENTATION(#2730,#2718);
#2711=PROPERTY_DEFINITION_REPRESENTATION(#2731,#2719);
#2712=PROPERTY_DEFINITION_REPRESENTATION(#2732,#2720);
#2713=PROPERTY_DEFINITION_REPRESENTATION(#2733,#2721);
#2714=REPRESENTATION('material name',(#2722),#4650);
#2715=REPRESENTATION('density',(#2702),#4650);
#2716=REPRESENTATION('material name',(#2723),#4651);
#2717=REPRESENTATION('density',(#2703),#4651);
#2718=REPRESENTATION('material name',(#2724),#4652);
#2719=REPRESENTATION('density',(#2704),#4652);
#2720=REPRESENTATION('material name',(#2725),#4653);
#2721=REPRESENTATION('density',(#2705),#4653);
#2722=DESCRIPTIVE_REPRESENTATION_ITEM('Steel','Steel');
#2723=DESCRIPTIVE_REPRESENTATION_ITEM('Steel','Steel');
#2724=DESCRIPTIVE_REPRESENTATION_ITEM('Steel 4.6, Plain',
'Steel 4.6, Plain');
#2725=DESCRIPTIVE_REPRESENTATION_ITEM('Steel 6, Plain','Steel 6, Plain');
#2726=PROPERTY_DEFINITION('material property','material name',#4680);
#2727=PROPERTY_DEFINITION('material property','density of part',#4680);
#2728=PROPERTY_DEFINITION('material property','material name',#4681);
#2729=PROPERTY_DEFINITION('material property','density of part',#4681);
#2730=PROPERTY_DEFINITION('material property','material name',#4682);
#2731=PROPERTY_DEFINITION('material property','density of part',#4682);
#2732=PROPERTY_DEFINITION('material property','material name',#4683);
#2733=PROPERTY_DEFINITION('material property','density of part',#4683);
#2734=AXIS2_PLACEMENT_3D('',#3692,#2965,#2966);
#2735=AXIS2_PLACEMENT_3D('',#3693,#2967,#2968);
#2736=AXIS2_PLACEMENT_3D('',#3694,#2969,#2970);
#2737=AXIS2_PLACEMENT_3D('',#3696,#2971,#2972);
#2738=AXIS2_PLACEMENT_3D('',#3699,#2974,#2975);
#2739=AXIS2_PLACEMENT_3D('',#3700,#2976,#2977);
#2740=AXIS2_PLACEMENT_3D('',#3702,#2978,#2979);
#2741=AXIS2_PLACEMENT_3D('',#3703,#2980,#2981);
#2742=AXIS2_PLACEMENT_3D('',#3706,#2983,#2984);
#2743=AXIS2_PLACEMENT_3D('',#3707,#2985,#2986);
#2744=AXIS2_PLACEMENT_3D('',#3712,#2988,#2989);
#2745=AXIS2_PLACEMENT_3D('',#3715,#2991,#2992);
#2746=AXIS2_PLACEMENT_3D('',#3716,#2993,#2994);
#2747=AXIS2_PLACEMENT_3D('',#3721,#2997,#2998);
#2748=AXIS2_PLACEMENT_3D('',#3722,#2999,#3000);
#2749=AXIS2_PLACEMENT_3D('',#3727,#3003,#3004);
#2750=AXIS2_PLACEMENT_3D('',#3728,#3005,#3006);
#2751=AXIS2_PLACEMENT_3D('',#3730,#3008,#3009);
#2752=AXIS2_PLACEMENT_3D('',#3732,#3011,#3012);
#2753=AXIS2_PLACEMENT_3D('',#3737,#3014,#3015);
#2754=AXIS2_PLACEMENT_3D('',#3740,#3017,#3018);
#2755=AXIS2_PLACEMENT_3D('',#3741,#3019,#3020);
#2756=AXIS2_PLACEMENT_3D('',#3746,#3023,#3024);
#2757=AXIS2_PLACEMENT_3D('',#3747,#3025,#3026);
#2758=AXIS2_PLACEMENT_3D('',#3752,#3029,#3030);
#2759=AXIS2_PLACEMENT_3D('',#3753,#3031,#3032);
#2760=AXIS2_PLACEMENT_3D('',#3755,#3034,#3035);
#2761=AXIS2_PLACEMENT_3D('',#3757,#3037,#3038);
#2762=AXIS2_PLACEMENT_3D('',#3762,#3040,#3041);
#2763=AXIS2_PLACEMENT_3D('',#3765,#3043,#3044);
#2764=AXIS2_PLACEMENT_3D('',#3766,#3045,#3046);
#2765=AXIS2_PLACEMENT_3D('',#3771,#3049,#3050);
#2766=AXIS2_PLACEMENT_3D('',#3772,#3051,#3052);
#2767=AXIS2_PLACEMENT_3D('',#3777,#3055,#3056);
#2768=AXIS2_PLACEMENT_3D('',#3778,#3057,#3058);
#2769=AXIS2_PLACEMENT_3D('',#3780,#3060,#3061);
#2770=AXIS2_PLACEMENT_3D('',#3782,#3063,#3064);
#2771=AXIS2_PLACEMENT_3D('',#3784,#3065,#3066);
#2772=AXIS2_PLACEMENT_3D('',#3787,#3068,#3069);
#2773=AXIS2_PLACEMENT_3D('',#3788,#3070,#3071);
#2774=AXIS2_PLACEMENT_3D('',#3790,#3072,#3073);
#2775=AXIS2_PLACEMENT_3D('',#3791,#3074,#3075);
#2776=AXIS2_PLACEMENT_3D('',#3794,#3077,#3078);
#2777=AXIS2_PLACEMENT_3D('',#3795,#3079,#3080);
#2778=AXIS2_PLACEMENT_3D('',#3818,#3083,#3084);
#2779=AXIS2_PLACEMENT_3D('',#3846,#3086,#3087);
#2780=AXIS2_PLACEMENT_3D('',#3850,#3089,#3090);
#2781=AXIS2_PLACEMENT_3D('',#3859,#3091,#3092);
#2782=AXIS2_PLACEMENT_3D('',#3860,#3093,#3094);
#2783=AXIS2_PLACEMENT_3D('',#3871,#3096,#3097);
#2784=AXIS2_PLACEMENT_3D('',#3894,#3109,#3110);
#2785=AXIS2_PLACEMENT_3D('',#3919,#3123,#3124);
#2786=AXIS2_PLACEMENT_3D('',#3944,#3137,#3138);
#2787=AXIS2_PLACEMENT_3D('',#3950,#3142,#3143);
#2788=AXIS2_PLACEMENT_3D('',#3954,#3146,#3147);
#2789=AXIS2_PLACEMENT_3D('',#3958,#3150,#3151);
#2790=AXIS2_PLACEMENT_3D('',#3964,#3155,#3156);
#2791=AXIS2_PLACEMENT_3D('',#3986,#3164,#3165);
#2792=AXIS2_PLACEMENT_3D('',#3990,#3168,#3169);
#2793=AXIS2_PLACEMENT_3D('',#3994,#3172,#3173);
#2794=AXIS2_PLACEMENT_3D('',#4009,#3182,#3183);
#2795=AXIS2_PLACEMENT_3D('',#4012,#3186,#3187);
#2796=AXIS2_PLACEMENT_3D('',#4014,#3189,#3190);
#2797=AXIS2_PLACEMENT_3D('',#4016,#3192,#3193);
#2798=AXIS2_PLACEMENT_3D('',#4017,#3194,#3195);
#2799=AXIS2_PLACEMENT_3D('',#4023,#3199,#3200);
#2800=AXIS2_PLACEMENT_3D('',#4041,#3210,#3211);
#2801=AXIS2_PLACEMENT_3D('',#4044,#3214,#3215);
#2802=AXIS2_PLACEMENT_3D('',#4054,#3221,#3222);
#2803=AXIS2_PLACEMENT_3D('',#4057,#3225,#3226);
#2804=AXIS2_PLACEMENT_3D('',#4059,#3228,#3229);
#2805=AXIS2_PLACEMENT_3D('',#4061,#3231,#3232);
#2806=AXIS2_PLACEMENT_3D('',#4062,#3233,#3234);
#2807=AXIS2_PLACEMENT_3D('',#4082,#3244,#3245);
#2808=AXIS2_PLACEMENT_3D('',#4085,#3248,#3249);
#2809=AXIS2_PLACEMENT_3D('',#4088,#3252,#3253);
#2810=AXIS2_PLACEMENT_3D('',#4089,#3254,#3255);
#2811=AXIS2_PLACEMENT_3D('',#4102,#3259,#3260);
#2812=AXIS2_PLACEMENT_3D('',#4103,#3261,#3262);
#2813=AXIS2_PLACEMENT_3D('',#4108,#3265,#3266);
#2814=AXIS2_PLACEMENT_3D('',#4110,#3268,#3269);
#2815=AXIS2_PLACEMENT_3D('',#4117,#3274,#3275);
#2816=AXIS2_PLACEMENT_3D('',#4124,#3280,#3281);
#2817=AXIS2_PLACEMENT_3D('',#4126,#3283,#3284);
#2818=AXIS2_PLACEMENT_3D('',#4128,#3286,#3287);
#2819=AXIS2_PLACEMENT_3D('',#4130,#3289,#3290);
#2820=AXIS2_PLACEMENT_3D('',#4133,#3293,#3294);
#2821=AXIS2_PLACEMENT_3D('',#4135,#3296,#3297);
#2822=AXIS2_PLACEMENT_3D('',#4136,#3298,#3299);
#2823=AXIS2_PLACEMENT_3D('',#4138,#3301,#3302);
#2824=AXIS2_PLACEMENT_3D('',#4141,#3303,#3304);
#2825=AXIS2_PLACEMENT_3D('',#4154,#3307,#3308);
#2826=AXIS2_PLACEMENT_3D('',#4156,#3309,#3310);
#2827=AXIS2_PLACEMENT_3D('',#4158,#3311,#3312);
#2828=AXIS2_PLACEMENT_3D('',#4161,#3314,#3315);
#2829=AXIS2_PLACEMENT_3D('',#4162,#3316,#3317);
#2830=AXIS2_PLACEMENT_3D('',#4187,#3319,#3320);
#2831=AXIS2_PLACEMENT_3D('',#4189,#3321,#3322);
#2832=AXIS2_PLACEMENT_3D('',#4191,#3324,#3325);
#2833=AXIS2_PLACEMENT_3D('',#4192,#3326,#3327);
#2834=AXIS2_PLACEMENT_3D('',#4193,#3328,#3329);
#2835=AXIS2_PLACEMENT_3D('',#4195,#3330,#3331);
#2836=AXIS2_PLACEMENT_3D('',#4198,#3333,#3334);
#2837=AXIS2_PLACEMENT_3D('',#4199,#3335,#3336);
#2838=AXIS2_PLACEMENT_3D('',#4200,#3337,#3338);
#2839=AXIS2_PLACEMENT_3D('',#4205,#3340,#3341);
#2840=AXIS2_PLACEMENT_3D('',#4208,#3343,#3344);
#2841=AXIS2_PLACEMENT_3D('',#4209,#3345,#3346);
#2842=AXIS2_PLACEMENT_3D('',#4210,#3347,#3348);
#2843=AXIS2_PLACEMENT_3D('',#4214,#3351,#3352);
#2844=AXIS2_PLACEMENT_3D('',#4217,#3354,#3355);
#2845=AXIS2_PLACEMENT_3D('',#4218,#3356,#3357);
#2846=AXIS2_PLACEMENT_3D('',#4220,#3359,#3360);
#2847=AXIS2_PLACEMENT_3D('',#4222,#3361,#3362);
#2848=AXIS2_PLACEMENT_3D('',#4223,#3363,#3364);
#2849=AXIS2_PLACEMENT_3D('',#4224,#3365,#3366);
#2850=AXIS2_PLACEMENT_3D('',#4233,#3367,#3368);
#2851=AXIS2_PLACEMENT_3D('',#4238,#3369,#3370);
#2852=AXIS2_PLACEMENT_3D('',#4243,#3371,#3372);
#2853=AXIS2_PLACEMENT_3D('',#4244,#3373,#3374);
#2854=AXIS2_PLACEMENT_3D('',#4245,#3375,#3376);
#2855=AXIS2_PLACEMENT_3D('',#4248,#3378,#3379);
#2856=AXIS2_PLACEMENT_3D('',#4249,#3380,#3381);
#2857=AXIS2_PLACEMENT_3D('',#4250,#3382,#3383);
#2858=AXIS2_PLACEMENT_3D('',#4251,#3384,#3385);
#2859=AXIS2_PLACEMENT_3D('',#4274,#3388,#3389);
#2860=AXIS2_PLACEMENT_3D('',#4276,#3390,#3391);
#2861=AXIS2_PLACEMENT_3D('',#4279,#3393,#3394);
#2862=AXIS2_PLACEMENT_3D('',#4300,#3395,#3396);
#2863=AXIS2_PLACEMENT_3D('',#4301,#3397,#3398);
#2864=AXIS2_PLACEMENT_3D('',#4318,#3400,#3401);
#2865=AXIS2_PLACEMENT_3D('',#4329,#3403,#3404);
#2866=AXIS2_PLACEMENT_3D('',#4331,#3405,#3406);
#2867=AXIS2_PLACEMENT_3D('',#4332,#3407,#3408);
#2868=AXIS2_PLACEMENT_3D('',#4333,#3409,#3410);
#2869=AXIS2_PLACEMENT_3D('',#4336,#3412,#3413);
#2870=AXIS2_PLACEMENT_3D('',#4337,#3414,#3415);
#2871=AXIS2_PLACEMENT_3D('',#4346,#3420,#3421);
#2872=AXIS2_PLACEMENT_3D('',#4355,#3426,#3427);
#2873=AXIS2_PLACEMENT_3D('',#4361,#3431,#3432);
#2874=AXIS2_PLACEMENT_3D('',#4367,#3436,#3437);
#2875=AXIS2_PLACEMENT_3D('',#4370,#3440,#3441);
#2876=AXIS2_PLACEMENT_3D('',#4373,#3444,#3445);
#2877=AXIS2_PLACEMENT_3D('',#4379,#3449,#3450);
#2878=AXIS2_PLACEMENT_3D('',#4383,#3453,#3454);
#2879=AXIS2_PLACEMENT_3D('',#4387,#3457,#3458);
#2880=AXIS2_PLACEMENT_3D('',#4390,#3459,#3460);
#2881=AXIS2_PLACEMENT_3D('',#4394,#3462,#3463);
#2882=AXIS2_PLACEMENT_3D('',#4396,#3464,#3465);
#2883=AXIS2_PLACEMENT_3D('',#4398,#3466,#3467);
#2884=AXIS2_PLACEMENT_3D('',#4400,#3469,#3470);
#2885=AXIS2_PLACEMENT_3D('',#4404,#3472,#3473);
#2886=AXIS2_PLACEMENT_3D('',#4406,#3475,#3476);
#2887=AXIS2_PLACEMENT_3D('',#4410,#3479,#3480);
#2888=AXIS2_PLACEMENT_3D('',#4412,#3481,#3482);
#2889=AXIS2_PLACEMENT_3D('',#4414,#3484,#3485);
#2890=AXIS2_PLACEMENT_3D('',#4417,#3486,#3487);
#2891=AXIS2_PLACEMENT_3D('',#4420,#3490,#3491);
#2892=AXIS2_PLACEMENT_3D('',#4421,#3492,#3493);
#2893=AXIS2_PLACEMENT_3D('',#4422,#3494,#3495);
#2894=AXIS2_PLACEMENT_3D('',#4424,#3497,#3498);
#2895=AXIS2_PLACEMENT_3D('',#4426,#3499,#3500);
#2896=AXIS2_PLACEMENT_3D('',#4427,#3501,#3502);
#2897=AXIS2_PLACEMENT_3D('',#4428,#3503,#3504);
#2898=AXIS2_PLACEMENT_3D('',#4439,#3510,#3511);
#2899=AXIS2_PLACEMENT_3D('',#4441,#3512,#3513);
#2900=AXIS2_PLACEMENT_3D('',#4444,#3515,#3516);
#2901=AXIS2_PLACEMENT_3D('',#4445,#3517,#3518);
#2902=AXIS2_PLACEMENT_3D('',#4453,#3523,#3524);
#2903=AXIS2_PLACEMENT_3D('',#4455,#3525,#3526);
#2904=AXIS2_PLACEMENT_3D('',#4456,#3527,#3528);
#2905=AXIS2_PLACEMENT_3D('',#4458,#3529,#3530);
#2906=AXIS2_PLACEMENT_3D('',#4459,#3531,#3532);
#2907=AXIS2_PLACEMENT_3D('',#4460,#3533,#3534);
#2908=AXIS2_PLACEMENT_3D('',#4461,#3535,#3536);
#2909=AXIS2_PLACEMENT_3D('',#4462,#3537,#3538);
#2910=AXIS2_PLACEMENT_3D('',#4466,#3541,#3542);
#2911=AXIS2_PLACEMENT_3D('',#4470,#3545,#3546);
#2912=AXIS2_PLACEMENT_3D('',#4472,#3548,#3549);
#2913=AXIS2_PLACEMENT_3D('',#4474,#3550,#3551);
#2914=AXIS2_PLACEMENT_3D('',#4475,#3552,#3553);
#2915=AXIS2_PLACEMENT_3D('',#4477,#3555,#3556);
#2916=AXIS2_PLACEMENT_3D('',#4478,#3557,#3558);
#2917=AXIS2_PLACEMENT_3D('',#4479,#3559,#3560);
#2918=AXIS2_PLACEMENT_3D('',#4481,#3562,#3563);
#2919=AXIS2_PLACEMENT_3D('',#4482,#3564,#3565);
#2920=AXIS2_PLACEMENT_3D('',#4484,#3566,#3567);
#2921=AXIS2_PLACEMENT_3D('',#4487,#3569,#3570);
#2922=AXIS2_PLACEMENT_3D('',#4488,#3571,#3572);
#2923=AXIS2_PLACEMENT_3D('',#4490,#3573,#3574);
#2924=AXIS2_PLACEMENT_3D('',#4492,#3575,#3576);
#2925=AXIS2_PLACEMENT_3D('',#4493,#3577,#3578);
#2926=AXIS2_PLACEMENT_3D('',#4494,#3579,#3580);
#2927=AXIS2_PLACEMENT_3D('',#4507,#3587,#3588);
#2928=AXIS2_PLACEMENT_3D('',#4509,#3589,#3590);
#2929=AXIS2_PLACEMENT_3D('',#4511,#3592,#3593);
#2930=AXIS2_PLACEMENT_3D('',#4518,#3597,#3598);
#2931=AXIS2_PLACEMENT_3D('',#4522,#3601,#3602);
#2932=AXIS2_PLACEMENT_3D('',#4526,#3605,#3606);
#2933=AXIS2_PLACEMENT_3D('',#4530,#3609,#3610);
#2934=AXIS2_PLACEMENT_3D('',#4534,#3613,#3614);
#2935=AXIS2_PLACEMENT_3D('',#4536,#3616,#3617);
#2936=AXIS2_PLACEMENT_3D('',#4539,#3620,#3621);
#2937=AXIS2_PLACEMENT_3D('',#4541,#3623,#3624);
#2938=AXIS2_PLACEMENT_3D('',#4543,#3626,#3627);
#2939=AXIS2_PLACEMENT_3D('',#4545,#3629,#3630);
#2940=AXIS2_PLACEMENT_3D('',#4547,#3632,#3633);
#2941=AXIS2_PLACEMENT_3D('',#4548,#3634,#3635);
#2942=AXIS2_PLACEMENT_3D('',#4551,#3637,#3638);
#2943=AXIS2_PLACEMENT_3D('',#4552,#3639,#3640);
#2944=AXIS2_PLACEMENT_3D('',#4553,#3641,#3642);
#2945=AXIS2_PLACEMENT_3D('',#4554,#3643,#3644);
#2946=AXIS2_PLACEMENT_3D('',#4555,#3645,#3646);
#2947=AXIS2_PLACEMENT_3D('',#4568,#3649,#3650);
#2948=AXIS2_PLACEMENT_3D('',#4578,#3652,#3653);
#2949=AXIS2_PLACEMENT_3D('',#4580,#3654,#3655);
#2950=AXIS2_PLACEMENT_3D('',#4601,#3657,#3658);
#2951=AXIS2_PLACEMENT_3D('',#4607,#3660,#3661);
#2952=AXIS2_PLACEMENT_3D('',#4617,#3663,#3664);
#2953=AXIS2_PLACEMENT_3D('',#4623,#3666,#3667);
#2954=AXIS2_PLACEMENT_3D('',#4627,#3668,#3669);
#2955=AXIS2_PLACEMENT_3D('',#4629,#3670,#3671);
#2956=AXIS2_PLACEMENT_3D('',#4631,#3672,#3673);
#2957=AXIS2_PLACEMENT_3D('',#4632,#3674,#3675);
#2958=AXIS2_PLACEMENT_3D('',#4634,#3677,#3678);
#2959=AXIS2_PLACEMENT_3D('',#4636,#3679,#3680);
#2960=AXIS2_PLACEMENT_3D('',#4637,#3681,#3682);
#2961=AXIS2_PLACEMENT_3D('',#4639,#3684,#3685);
#2962=AXIS2_PLACEMENT_3D('',#4640,#3686,#3687);
#2963=AXIS2_PLACEMENT_3D('',#4641,#3688,#3689);
#2964=AXIS2_PLACEMENT_3D('',#4642,#3690,#3691);
#2965=DIRECTION('axis',(0.,0.,1.));
#2966=DIRECTION('refdir',(1.,0.,0.));
#2967=DIRECTION('axis',(0.,0.,1.));
#2968=DIRECTION('refdir',(1.,0.,0.));
#2969=DIRECTION('center_axis',(0.,0.,1.));
#2970=DIRECTION('ref_axis',(-1.,0.,0.));
#2971=DIRECTION('center_axis',(0.,0.,-1.));
#2972=DIRECTION('ref_axis',(-1.,0.,0.));
#2973=DIRECTION('',(0.707106781186549,-8.65956056235495E-17,0.707106781186546));
#2974=DIRECTION('center_axis',(0.,0.,1.));
#2975=DIRECTION('ref_axis',(-1.,0.,0.));
#2976=DIRECTION('center_axis',(0.,0.,1.));
#2977=DIRECTION('ref_axis',(1.,0.,0.));
#2978=DIRECTION('center_axis',(0.,0.,-1.));
#2979=DIRECTION('ref_axis',(1.,0.,0.));
#2980=DIRECTION('center_axis',(0.,0.,-1.));
#2981=DIRECTION('ref_axis',(-1.,0.,0.));
#2982=DIRECTION('',(0.,0.,-1.));
#2983=DIRECTION('center_axis',(0.,0.,1.));
#2984=DIRECTION('ref_axis',(-1.,0.,0.));
#2985=DIRECTION('center_axis',(0.,0.,1.));
#2986=DIRECTION('ref_axis',(-0.5,-0.866025403784438,0.));
#2987=DIRECTION('',(-0.07417022646512,-0.128466600646477,0.988936352868298));
#2988=DIRECTION('center_axis',(0.,0.,-1.));
#2989=DIRECTION('ref_axis',(1.,0.,0.));
#2990=DIRECTION('',(0.0257590493256231,-0.146086828131043,0.988936352868298));
#2991=DIRECTION('center_axis',(0.,0.,1.));
#2992=DIRECTION('ref_axis',(-0.500000000000001,-0.866025403784438,0.));
#2993=DIRECTION('center_axis',(0.,0.,1.));
#2994=DIRECTION('ref_axis',(-0.500000000000001,-0.866025403784438,0.));
#2995=DIRECTION('',(0.,0.,1.));
#2996=DIRECTION('',(0.,0.,1.));
#2997=DIRECTION('center_axis',(0.,0.,1.));
#2998=DIRECTION('ref_axis',(-0.500000000000001,-0.866025403784438,0.));
#2999=DIRECTION('center_axis',(0.,0.,-1.));
#3000=DIRECTION('ref_axis',(-0.5,-0.866025403784438,0.));
#3001=DIRECTION('',(0.0741702264651239,0.128466600646484,0.988936352868297));
#3002=DIRECTION('',(-0.0257590493256245,0.14608682813105,0.988936352868297));
#3003=DIRECTION('center_axis',(0.,0.,1.));
#3004=DIRECTION('ref_axis',(1.,0.,0.));
#3005=DIRECTION('center_axis',(0.984807753012208,0.17364817766693,0.));
#3006=DIRECTION('ref_axis',(0.17364817766693,-0.984807753012208,0.));
#3007=DIRECTION('',(0.,0.,1.));
#3008=DIRECTION('center_axis',(0.866025403784438,-0.5,0.));
#3009=DIRECTION('ref_axis',(-0.5,-0.866025403784438,0.));
#3010=DIRECTION('',(0.,0.,-1.));
#3011=DIRECTION('center_axis',(0.,0.,1.));
#3012=DIRECTION('ref_axis',(-0.5,0.866025403784439,0.));
#3013=DIRECTION('',(-0.0741702264651199,0.128466600646477,0.988936352868298));
#3014=DIRECTION('center_axis',(0.,0.,-1.));
#3015=DIRECTION('ref_axis',(1.,0.,0.));
#3016=DIRECTION('',(-0.139394428982586,0.0507354229721953,0.988936352868298));
#3017=DIRECTION('center_axis',(0.,0.,1.));
#3018=DIRECTION('ref_axis',(-0.499999999999999,0.866025403784439,0.));
#3019=DIRECTION('center_axis',(0.,0.,1.));
#3020=DIRECTION('ref_axis',(-0.5,0.866025403784439,0.));
#3021=DIRECTION('',(0.,0.,1.));
#3022=DIRECTION('',(0.,0.,1.));
#3023=DIRECTION('center_axis',(0.,0.,1.));
#3024=DIRECTION('ref_axis',(-0.499999999999999,0.866025403784439,0.));
#3025=DIRECTION('center_axis',(0.,0.,-1.));
#3026=DIRECTION('ref_axis',(-0.5,0.866025403784439,0.));
#3027=DIRECTION('',(0.0741702264651238,-0.128466600646484,0.988936352868297));
#3028=DIRECTION('',(0.139394428982593,-0.0507354229721979,0.988936352868297));
#3029=DIRECTION('center_axis',(0.,0.,1.));
#3030=DIRECTION('ref_axis',(1.,0.,0.));
#3031=DIRECTION('center_axis',(-0.342020143325669,-0.939692620785908,0.));
#3032=DIRECTION('ref_axis',(-0.939692620785908,0.342020143325669,0.));
#3033=DIRECTION('',(0.,0.,1.));
#3034=DIRECTION('center_axis',(-0.866025403784439,-0.5,0.));
#3035=DIRECTION('ref_axis',(-0.5,0.866025403784439,0.));
#3036=DIRECTION('',(0.,0.,-1.));
#3037=DIRECTION('center_axis',(0.,0.,1.));
#3038=DIRECTION('ref_axis',(1.,0.,0.));
#3039=DIRECTION('',(0.14834045293024,0.,0.988936352868298));
#3040=DIRECTION('center_axis',(0.,0.,-1.));
#3041=DIRECTION('ref_axis',(1.,0.,0.));
#3042=DIRECTION('',(0.113635379656963,0.0953514051588474,0.988936352868298));
#3043=DIRECTION('center_axis',(0.,0.,1.));
#3044=DIRECTION('ref_axis',(1.,-5.67727683046957E-16,0.));
#3045=DIRECTION('center_axis',(0.,0.,1.));
#3046=DIRECTION('ref_axis',(1.,0.,0.));
#3047=DIRECTION('',(0.,0.,1.));
#3048=DIRECTION('',(0.,0.,1.));
#3049=DIRECTION('center_axis',(0.,0.,1.));
#3050=DIRECTION('ref_axis',(1.,-5.67727683046957E-16,0.));
#3051=DIRECTION('center_axis',(0.,0.,-1.));
#3052=DIRECTION('ref_axis',(1.,0.,0.));
#3053=DIRECTION('',(-0.148340452930248,0.,0.988936352868297));
#3054=DIRECTION('',(-0.113635379656969,-0.0953514051588524,0.988936352868297));
#3055=DIRECTION('center_axis',(0.,0.,1.));
#3056=DIRECTION('ref_axis',(1.,0.,0.));
#3057=DIRECTION('center_axis',(-0.642787609686539,0.766044443118978,0.));
#3058=DIRECTION('ref_axis',(0.766044443118978,0.642787609686539,0.));
#3059=DIRECTION('',(0.,0.,1.));
#3060=DIRECTION('center_axis',(0.,1.,0.));
#3061=DIRECTION('ref_axis',(1.,0.,0.));
#3062=DIRECTION('',(0.,0.,-1.));
#3063=DIRECTION('center_axis',(0.,0.,-1.));
#3064=DIRECTION('ref_axis',(1.,0.,0.));
#3065=DIRECTION('center_axis',(0.,0.,-1.));
#3066=DIRECTION('ref_axis',(1.,0.,0.));
#3067=DIRECTION('',(0.447213595499959,-5.47678698264204E-17,0.894427190999915));
#3068=DIRECTION('center_axis',(0.,0.,1.));
#3069=DIRECTION('ref_axis',(1.,0.,0.));
#3070=DIRECTION('center_axis',(0.,0.,1.));
#3071=DIRECTION('ref_axis',(1.,0.,0.));
#3072=DIRECTION('center_axis',(0.,0.,1.));
#3073=DIRECTION('ref_axis',(1.,0.,0.));
#3074=DIRECTION('center_axis',(0.,0.,1.));
#3075=DIRECTION('ref_axis',(1.,0.,0.));
#3076=DIRECTION('',(0.,0.,1.));
#3077=DIRECTION('center_axis',(0.,0.,1.));
#3078=DIRECTION('ref_axis',(1.,0.,0.));
#3079=DIRECTION('center_axis',(0.,0.,-1.));
#3080=DIRECTION('ref_axis',(-0.0570521732152614,0.998371198268167,0.));
#3081=DIRECTION('',(0.,0.,-1.));
#3082=DIRECTION('',(0.,0.,1.));
#3083=DIRECTION('center_axis',(0.,0.,-1.));
#3084=DIRECTION('ref_axis',(2.0603171639824E-15,1.,0.));
#3085=DIRECTION('',(0.,0.,1.));
#3086=DIRECTION('center_axis',(0.,0.,-1.));
#3087=DIRECTION('ref_axis',(1.,0.,0.));
#3088=DIRECTION('',(-0.44721359549996,-5.47678698264205E-17,-0.894427190999915));
#3089=DIRECTION('center_axis',(0.,0.,1.));
#3090=DIRECTION('ref_axis',(1.,0.,0.));
#3091=DIRECTION('center_axis',(0.,0.,1.));
#3092=DIRECTION('ref_axis',(1.,0.,0.));
#3093=DIRECTION('center_axis',(0.,0.,1.));
#3094=DIRECTION('ref_axis',(0.0570521732152618,0.998371198268167,0.));
#3095=DIRECTION('',(0.,0.,-1.));
#3096=DIRECTION('center_axis',(0.,0.,1.));
#3097=DIRECTION('ref_axis',(-1.,0.,0.));
#3098=DIRECTION('',(8.10412262448072E-17,1.,0.));
#3099=DIRECTION('',(-1.,3.96508223080413E-16,0.));
#3100=DIRECTION('',(2.43123678734421E-16,1.,0.));
#3101=DIRECTION('',(1.,0.,0.));
#3102=DIRECTION('',(-2.09461095631204E-15,-1.,0.));
#3103=DIRECTION('',(-0.0617409612675937,-0.998092207013838,0.));
#3104=DIRECTION('',(-0.866025403784438,0.5,0.));
#3105=DIRECTION('',(-0.866025403784439,-0.499999999999999,0.));
#3106=DIRECTION('',(0.0617409612675934,-0.998092207013838,0.));
#3107=DIRECTION('',(1.81532949547043E-15,-1.,0.));
#3108=DIRECTION('',(-1.,0.,0.));
#3109=DIRECTION('center_axis',(0.,0.,-1.));
#3110=DIRECTION('ref_axis',(-1.,0.,0.));
#3111=DIRECTION('',(0.,1.,0.));
#3112=DIRECTION('',(-0.0617409433957496,0.998092208119372,0.));
#3113=DIRECTION('',(5.55111512312578E-16,1.,0.));
#3114=DIRECTION('',(-1.,0.,0.));
#3115=DIRECTION('',(-8.13806937284226E-16,-1.,0.));
#3116=DIRECTION('',(0.0617409612675886,-0.998092207013838,0.));
#3117=DIRECTION('',(0.,-1.,0.));
#3118=DIRECTION('',(-0.0617409612677508,-0.998092207013828,0.));
#3119=DIRECTION('',(8.13806937280868E-16,-1.,0.));
#3120=DIRECTION('',(1.,0.,0.));
#3121=DIRECTION('',(5.15079290995597E-16,1.,0.));
#3122=DIRECTION('',(0.0617409433957502,0.998092208119371,0.));
#3123=DIRECTION('center_axis',(0.,0.,-1.));
#3124=DIRECTION('ref_axis',(-1.,0.,0.));
#3125=DIRECTION('',(0.0617409433957499,-0.998092208119371,0.));
#3126=DIRECTION('',(-5.15079290995597E-16,-1.,0.));
#3127=DIRECTION('',(1.,0.,0.));
#3128=DIRECTION('',(8.13806937280869E-16,1.,0.));
#3129=DIRECTION('',(-0.0617409612677504,0.998092207013828,0.));
#3130=DIRECTION('',(3.43386193993019E-16,1.,0.));
#3131=DIRECTION('',(0.0617409612675885,0.998092207013838,0.));
#3132=DIRECTION('',(-2.71268979094742E-16,1.,0.));
#3133=DIRECTION('',(-1.,0.,0.));
#3134=DIRECTION('',(0.,-1.,0.));
#3135=DIRECTION('',(-0.0617409433957496,-0.998092208119372,0.));
#3136=DIRECTION('',(-3.43386193993019E-16,-1.,0.));
#3137=DIRECTION('center_axis',(1.,-5.55111512312578E-16,0.));
#3138=DIRECTION('ref_axis',(5.55111512312578E-16,1.,0.));
#3139=DIRECTION('',(0.,0.,1.));
#3140=DIRECTION('',(-5.55111512312578E-16,-1.,0.));
#3141=DIRECTION('',(0.,0.,1.));
#3142=DIRECTION('center_axis',(0.998092208119372,0.0617409433957496,0.));
#3143=DIRECTION('ref_axis',(-0.0617409433957496,0.998092208119372,0.));
#3144=DIRECTION('',(0.,0.,1.));
#3145=DIRECTION('',(0.0617409433957496,-0.998092208119372,0.));
#3146=DIRECTION('center_axis',(-1.,0.,0.));
#3147=DIRECTION('ref_axis',(0.,-1.,0.));
#3148=DIRECTION('',(0.,0.,1.));
#3149=DIRECTION('',(0.,-1.,0.));
#3150=DIRECTION('center_axis',(1.,2.71268979094742E-16,0.));
#3151=DIRECTION('ref_axis',(-2.71268979094742E-16,1.,0.));
#3152=DIRECTION('',(0.,0.,1.));
#3153=DIRECTION('',(2.71268979094742E-16,-1.,0.));
#3154=DIRECTION('',(0.,0.,1.));
#3155=DIRECTION('center_axis',(-1.,5.15079290995597E-16,0.));
#3156=DIRECTION('ref_axis',(5.15079290995597E-16,1.,0.));
#3157=DIRECTION('',(0.,0.,-1.));
#3158=DIRECTION('',(0.,0.,-1.));
#3159=DIRECTION('',(5.15079290995597E-16,1.,0.));
#3160=DIRECTION('',(0.,0.,-1.));
#3161=DIRECTION('',(0.,1.,0.));
#3162=DIRECTION('',(0.,0.,-1.));
#3163=DIRECTION('',(0.,1.,0.));
#3164=DIRECTION('center_axis',(0.998092208119372,0.0617409433957499,0.));
#3165=DIRECTION('ref_axis',(-0.0617409433957499,0.998092208119371,0.));
#3166=DIRECTION('',(0.,0.,1.));
#3167=DIRECTION('',(-0.0617409433957499,0.998092208119371,0.));
#3168=DIRECTION('center_axis',(1.,-3.43386193993019E-16,0.));
#3169=DIRECTION('ref_axis',(3.43386193993019E-16,1.,0.));
#3170=DIRECTION('',(0.,0.,1.));
#3171=DIRECTION('',(3.43386193993019E-16,1.,0.));
#3172=DIRECTION('center_axis',(0.,0.,1.));
#3173=DIRECTION('ref_axis',(1.,0.,0.));
#3174=DIRECTION('',(0.0617409433957496,0.998092208119372,0.));
#3175=DIRECTION('',(0.,1.,0.));
#3176=DIRECTION('',(1.,0.,0.));
#3177=DIRECTION('',(-0.0617409612675885,-0.998092207013838,0.));
#3178=DIRECTION('',(-3.43386193993019E-16,-1.,0.));
#3179=DIRECTION('',(0.0617409612677504,-0.998092207013828,0.));
#3180=DIRECTION('',(-8.13806937280869E-16,-1.,0.));
#3181=DIRECTION('',(-1.,0.,0.));
#3182=DIRECTION('center_axis',(1.,-8.13806937280869E-16,0.));
#3183=DIRECTION('ref_axis',(8.13806937280869E-16,1.,0.));
#3184=DIRECTION('',(0.,0.,1.));
#3185=DIRECTION('',(0.,0.,1.));
#3186=DIRECTION('center_axis',(0.998092207013828,0.0617409612677504,0.));
#3187=DIRECTION('ref_axis',(-0.0617409612677504,0.998092207013828,0.));
#3188=DIRECTION('',(0.,0.,1.));
#3189=DIRECTION('center_axis',(1.,-3.43386193993019E-16,0.));
#3190=DIRECTION('ref_axis',(3.43386193993019E-16,1.,0.));
#3191=DIRECTION('',(0.,0.,1.));
#3192=DIRECTION('center_axis',(0.998092207013838,-0.0617409612675886,0.));
#3193=DIRECTION('ref_axis',(0.0617409612675885,0.998092207013838,0.));
#3194=DIRECTION('center_axis',(0.,1.,0.));
#3195=DIRECTION('ref_axis',(-1.,0.,0.));
#3196=DIRECTION('',(-1.,0.,0.));
#3197=DIRECTION('',(0.,0.,1.));
#3198=DIRECTION('',(1.,0.,0.));
#3199=DIRECTION('center_axis',(0.,0.,1.));
#3200=DIRECTION('ref_axis',(1.,0.,0.));
#3201=DIRECTION('',(-0.0617409433957502,-0.998092208119371,0.));
#3202=DIRECTION('',(-5.15079290995597E-16,-1.,0.));
#3203=DIRECTION('',(-1.,0.,0.));
#3204=DIRECTION('',(-8.13806937280868E-16,1.,0.));
#3205=DIRECTION('',(0.0617409612677508,0.998092207013828,0.));
#3206=DIRECTION('',(0.,1.,0.));
#3207=DIRECTION('',(-0.0617409612675886,0.998092207013838,0.));
#3208=DIRECTION('',(8.13806937284226E-16,1.,0.));
#3209=DIRECTION('',(1.,0.,0.));
#3210=DIRECTION('center_axis',(-1.,-8.13806937280868E-16,0.));
#3211=DIRECTION('ref_axis',(8.13806937280868E-16,-1.,0.));
#3212=DIRECTION('',(0.,0.,1.));
#3213=DIRECTION('',(0.,0.,1.));
#3214=DIRECTION('center_axis',(0.,1.,0.));
#3215=DIRECTION('ref_axis',(-1.,0.,0.));
#3216=DIRECTION('',(-1.,0.,0.));
#3217=DIRECTION('',(0.,0.,1.));
#3218=DIRECTION('',(0.,0.,1.));
#3219=DIRECTION('',(-1.,0.,0.));
#3220=DIRECTION('',(0.,0.,1.));
#3221=DIRECTION('center_axis',(-1.,8.13806937284226E-16,0.));
#3222=DIRECTION('ref_axis',(-8.13806937284226E-16,-1.,0.));
#3223=DIRECTION('',(0.,0.,1.));
#3224=DIRECTION('',(0.,0.,1.));
#3225=DIRECTION('center_axis',(-0.998092207013838,-0.0617409612675886,0.));
#3226=DIRECTION('ref_axis',(0.0617409612675886,-0.998092207013838,0.));
#3227=DIRECTION('',(0.,0.,1.));
#3228=DIRECTION('center_axis',(-1.,0.,0.));
#3229=DIRECTION('ref_axis',(0.,-1.,0.));
#3230=DIRECTION('',(0.,0.,1.));
#3231=DIRECTION('center_axis',(-0.998092207013828,0.0617409612677508,0.));
#3232=DIRECTION('ref_axis',(-0.0617409612677508,-0.998092207013828,0.));
#3233=DIRECTION('center_axis',(0.,0.,-1.));
#3234=DIRECTION('ref_axis',(-1.,0.,0.));
#3235=DIRECTION('',(1.,0.,0.));
#3236=DIRECTION('',(1.81532949547043E-15,-1.,0.));
#3237=DIRECTION('',(0.0617409612675934,-0.998092207013838,0.));
#3238=DIRECTION('',(0.866025403784439,0.499999999999999,0.));
#3239=DIRECTION('',(0.866025403784438,-0.5,0.));
#3240=DIRECTION('',(0.0617409612675937,0.998092207013838,0.));
#3241=DIRECTION('',(2.09461095631204E-15,1.,0.));
#3242=DIRECTION('',(1.,0.,0.));
#3243=DIRECTION('',(-2.43123678734421E-16,-1.,0.));
#3244=DIRECTION('center_axis',(0.,0.,1.));
#3245=DIRECTION('ref_axis',(1.,0.,0.));
#3246=DIRECTION('',(5.15079290995597E-16,1.,0.));
#3247=DIRECTION('',(8.10412262448072E-17,1.,0.));
#3248=DIRECTION('center_axis',(-1.,0.,0.));
#3249=DIRECTION('ref_axis',(0.,-1.,0.));
#3250=DIRECTION('',(0.,0.,1.));
#3251=DIRECTION('',(0.,0.,1.));
#3252=DIRECTION('center_axis',(-0.998092208119372,0.0617409433957496,0.));
#3253=DIRECTION('ref_axis',(-0.0617409433957496,-0.998092208119372,0.));
#3254=DIRECTION('center_axis',(1.,-5.15079290995597E-16,0.));
#3255=DIRECTION('ref_axis',(-5.15079290995597E-16,-1.,0.));
#3256=DIRECTION('',(0.,0.,1.));
#3257=DIRECTION('',(-5.15079290995597E-16,-1.,0.));
#3258=DIRECTION('',(0.,0.,1.));
#3259=DIRECTION('center_axis',(-0.998092208119371,0.0617409433957502,0.));
#3260=DIRECTION('ref_axis',(-0.0617409433957502,-0.998092208119371,0.));
#3261=DIRECTION('center_axis',(0.,0.,1.));
#3262=DIRECTION('ref_axis',(-1.,0.,0.));
#3263=DIRECTION('',(1.,-3.96508223080413E-16,0.));
#3264=DIRECTION('',(8.10412262448072E-17,1.,0.));
#3265=DIRECTION('center_axis',(0.,0.,-1.));
#3266=DIRECTION('ref_axis',(1.,0.,0.));
#3267=DIRECTION('',(2.43123678734421E-16,1.,0.));
#3268=DIRECTION('center_axis',(1.,-5.15079290995597E-16,0.));
#3269=DIRECTION('ref_axis',(-5.15079290995597E-16,-1.,0.));
#3270=DIRECTION('',(0.,0.,1.));
#3271=DIRECTION('',(-5.15079290995597E-16,-1.,0.));
#3272=DIRECTION('',(0.,0.,-1.));
#3273=DIRECTION('',(0.,0.,1.));
#3274=DIRECTION('center_axis',(-1.,5.15079290995597E-16,0.));
#3275=DIRECTION('ref_axis',(5.15079290995597E-16,1.,0.));
#3276=DIRECTION('',(0.,0.,1.));
#3277=DIRECTION('',(5.15079290995597E-16,1.,0.));
#3278=DIRECTION('',(0.,0.,-1.));
#3279=DIRECTION('',(0.,0.,1.));
#3280=DIRECTION('center_axis',(0.,-1.,0.));
#3281=DIRECTION('ref_axis',(1.,0.,0.));
#3282=DIRECTION('',(0.,0.,1.));
#3283=DIRECTION('center_axis',(-1.,-1.81532949547043E-15,0.));
#3284=DIRECTION('ref_axis',(1.81532949547043E-15,-1.,0.));
#3285=DIRECTION('',(0.,0.,1.));
#3286=DIRECTION('center_axis',(-0.998092207013838,-0.0617409612675934,0.));
#3287=DIRECTION('ref_axis',(0.0617409612675934,-0.998092207013838,0.));
#3288=DIRECTION('',(0.,0.,-1.));
#3289=DIRECTION('center_axis',(0.998092207013838,-0.0617409612675937,0.));
#3290=DIRECTION('ref_axis',(0.0617409612675937,0.998092207013838,0.));
#3291=DIRECTION('',(0.,0.,1.));
#3292=DIRECTION('',(0.,0.,1.));
#3293=DIRECTION('center_axis',(1.,-2.09461095631204E-15,0.));
#3294=DIRECTION('ref_axis',(2.09461095631204E-15,1.,0.));
#3295=DIRECTION('',(0.,0.,1.));
#3296=DIRECTION('center_axis',(0.,-1.,0.));
#3297=DIRECTION('ref_axis',(1.,0.,0.));
#3298=DIRECTION('center_axis',(-0.5,-0.866025403784438,0.));
#3299=DIRECTION('ref_axis',(-0.866025403784438,0.5,0.));
#3300=DIRECTION('',(0.,0.,-1.));
#3301=DIRECTION('center_axis',(0.,0.,-1.));
#3302=DIRECTION('ref_axis',(-0.0683740574753341,0.99765975576063,0.));
#3303=DIRECTION('center_axis',(0.,0.,1.));
#3304=DIRECTION('ref_axis',(-0.0683740574753341,0.99765975576063,0.));
#3305=DIRECTION('',(0.,0.,-1.));
#3306=DIRECTION('',(0.,0.,1.));
#3307=DIRECTION('center_axis',(0.,0.,1.));
#3308=DIRECTION('ref_axis',(4.64848792731411E-5,0.999999998919578,0.));
#3309=DIRECTION('center_axis',(0.,0.,-1.));
#3310=DIRECTION('ref_axis',(1.,0.,0.));
#3311=DIRECTION('center_axis',(0.,0.,-1.));
#3312=DIRECTION('ref_axis',(1.,0.,0.));
#3313=DIRECTION('',(0.,0.,-1.));
#3314=DIRECTION('center_axis',(0.,0.,1.));
#3315=DIRECTION('ref_axis',(1.,0.,0.));
#3316=DIRECTION('center_axis',(0.,0.,1.));
#3317=DIRECTION('ref_axis',(1.,0.,0.));
#3318=DIRECTION('',(-0.447213595499957,5.47678698264202E-17,0.894427190999916));
#3319=DIRECTION('center_axis',(0.,0.,1.));
#3320=DIRECTION('ref_axis',(-0.499999999999998,-0.86602540378444,0.));
#3321=DIRECTION('center_axis',(0.,0.,-1.));
#3322=DIRECTION('ref_axis',(-0.499999999999998,-0.86602540378444,0.));
#3323=DIRECTION('',(0.,0.,-1.));
#3324=DIRECTION('center_axis',(0.,0.,1.));
#3325=DIRECTION('ref_axis',(0.225580818454652,-0.974224457887057,0.));
#3326=DIRECTION('center_axis',(0.,0.,1.));
#3327=DIRECTION('ref_axis',(0.225580818454652,-0.974224457887057,0.));
#3328=DIRECTION('center_axis',(0.,0.,1.));
#3329=DIRECTION('ref_axis',(1.,0.,0.));
#3330=DIRECTION('center_axis',(0.,0.,1.));
#3331=DIRECTION('ref_axis',(1.,0.,0.));
#3332=DIRECTION('',(-0.707106781186548,8.65956056235494E-17,0.707106781186547));
#3333=DIRECTION('center_axis',(0.,0.,-1.));
#3334=DIRECTION('ref_axis',(1.,0.,0.));
#3335=DIRECTION('center_axis',(0.,0.,-1.));
#3336=DIRECTION('ref_axis',(1.,0.,0.));
#3337=DIRECTION('center_axis',(0.,0.,1.));
#3338=DIRECTION('ref_axis',(6.12323399573677E-17,1.,0.));
#3339=DIRECTION('',(0.,0.,-1.));
#3340=DIRECTION('center_axis',(0.,0.,-1.));
#3341=DIRECTION('ref_axis',(1.,0.,0.));
#3342=DIRECTION('',(0.,0.,1.));
#3343=DIRECTION('center_axis',(0.,0.,1.));
#3344=DIRECTION('ref_axis',(1.,0.,0.));
#3345=DIRECTION('center_axis',(0.,0.,1.));
#3346=DIRECTION('ref_axis',(1.,0.,0.));
#3347=DIRECTION('center_axis',(3.96508223080413E-16,1.,0.));
#3348=DIRECTION('ref_axis',(1.,-3.96508223080413E-16,0.));
#3349=DIRECTION('',(1.,-3.96508223080413E-16,0.));
#3350=DIRECTION('',(1.,-3.96508223080413E-16,0.));
#3351=DIRECTION('center_axis',(0.,0.,1.));
#3352=DIRECTION('ref_axis',(-1.,0.,0.));
#3353=DIRECTION('',(-1.,3.96508223080413E-16,0.));
#3354=DIRECTION('center_axis',(0.,0.,1.));
#3355=DIRECTION('ref_axis',(-1.,0.,0.));
#3356=DIRECTION('center_axis',(-3.96508223080413E-16,-1.,0.));
#3357=DIRECTION('ref_axis',(-1.,3.96508223080413E-16,0.));
#3358=DIRECTION('',(-1.,3.96508223080413E-16,0.));
#3359=DIRECTION('center_axis',(0.,0.,1.));
#3360=DIRECTION('ref_axis',(-1.,0.,0.));
#3361=DIRECTION('center_axis',(0.,0.,1.));
#3362=DIRECTION('ref_axis',(-1.,0.,0.));
#3363=DIRECTION('center_axis',(0.,0.,1.));
#3364=DIRECTION('ref_axis',(-1.,0.,0.));
#3365=DIRECTION('center_axis',(-0.607122601279697,0.794608172003897,0.));
#3366=DIRECTION('ref_axis',(0.,0.,1.));
#3367=DIRECTION('center_axis',(0.,0.,1.));
#3368=DIRECTION('ref_axis',(1.,0.,0.));
#3369=DIRECTION('center_axis',(0.607122601279691,0.794608172003901,0.));
#3370=DIRECTION('ref_axis',(0.,0.,-1.));
#3371=DIRECTION('center_axis',(0.,0.,-1.));
#3372=DIRECTION('ref_axis',(1.,0.,0.));
#3373=DIRECTION('center_axis',(0.499999999999999,-0.866025403784439,0.));
#3374=DIRECTION('ref_axis',(-0.866025403784439,-0.499999999999999,0.));
#3375=DIRECTION('center_axis',(0.,0.,-1.));
#3376=DIRECTION('ref_axis',(-1.,0.,0.));
#3377=DIRECTION('',(0.,0.,-1.));
#3378=DIRECTION('center_axis',(0.,0.,1.));
#3379=DIRECTION('ref_axis',(-1.,0.,0.));
#3380=DIRECTION('center_axis',(0.,0.,-1.));
#3381=DIRECTION('ref_axis',(1.,0.,0.));
#3382=DIRECTION('axis',(0.,0.,1.));
#3383=DIRECTION('refdir',(1.,0.,0.));
#3384=DIRECTION('center_axis',(0.,0.,1.));
#3385=DIRECTION('ref_axis',(-0.0570535006587439,-0.99837112241019,0.));
#3386=DIRECTION('',(0.,0.,1.));
#3387=DIRECTION('',(0.,0.,-1.));
#3388=DIRECTION('center_axis',(0.,0.,-1.));
#3389=DIRECTION('ref_axis',(1.,0.,0.));
#3390=DIRECTION('center_axis',(0.,0.,-1.));
#3391=DIRECTION('ref_axis',(1.,0.,0.));
#3392=DIRECTION('',(-0.707106781186548,-8.65956056235494E-17,-0.707106781186547));
#3393=DIRECTION('center_axis',(0.,0.,1.));
#3394=DIRECTION('ref_axis',(1.,0.,0.));
#3395=DIRECTION('center_axis',(0.,0.,1.));
#3396=DIRECTION('ref_axis',(1.,0.,0.));
#3397=DIRECTION('center_axis',(0.,0.,-1.));
#3398=DIRECTION('ref_axis',(-0.499999999999998,0.86602540378444,0.));
#3399=DIRECTION('',(0.,0.,1.));
#3400=DIRECTION('center_axis',(0.,0.,-1.));
#3401=DIRECTION('ref_axis',(0.231122970149594,0.972924546236361,0.));
#3402=DIRECTION('',(0.,0.,1.));
#3403=DIRECTION('center_axis',(0.,0.,1.));
#3404=DIRECTION('ref_axis',(2.5392373080632E-5,-0.999999999677614,0.));
#3405=DIRECTION('center_axis',(0.,0.,-1.));
#3406=DIRECTION('ref_axis',(1.,0.,0.));
#3407=DIRECTION('center_axis',(0.,0.,-1.));
#3408=DIRECTION('ref_axis',(1.,0.,0.));
#3409=DIRECTION('center_axis',(0.,0.,1.));
#3410=DIRECTION('ref_axis',(1.,0.,0.));
#3411=DIRECTION('',(0.447213595499958,5.47678698264203E-17,-0.894427190999916));
#3412=DIRECTION('center_axis',(0.,0.,1.));
#3413=DIRECTION('ref_axis',(1.,0.,0.));
#3414=DIRECTION('center_axis',(0.6123724356958,0.353553390593276,0.707106781186542));
#3415=DIRECTION('ref_axis',(0.755928946018449,0.,-0.654653670707983));
#3416=DIRECTION('',(0.499999999999999,-0.866025403784439,0.));
#3417=DIRECTION('',(0.377964473009223,0.654653670707974,-0.654653670707982));
#3418=DIRECTION('',(-0.499999999999999,0.866025403784439,0.));
#3419=DIRECTION('',(0.75592894601845,-5.30345323595775E-15,-0.654653670707982));
#3420=DIRECTION('center_axis',(-0.612372435695799,0.353553390593277,0.707106781186543));
#3421=DIRECTION('ref_axis',(0.75592894601845,0.,0.654653670707982));
#3422=DIRECTION('',(0.5,0.866025403784438,0.));
#3423=DIRECTION('',(-0.75592894601845,1.18106881485997E-15,-0.654653670707982));
#3424=DIRECTION('',(-0.5,-0.866025403784438,0.));
#3425=DIRECTION('',(0.377964473009224,-0.654653670707974,0.654653670707982));
#3426=DIRECTION('center_axis',(-0.612372435695799,-0.353553390593276,0.707106781186543));
#3427=DIRECTION('ref_axis',(0.75592894601845,0.,0.654653670707982));
#3428=DIRECTION('',(-0.5,0.866025403784439,0.));
#3429=DIRECTION('',(-0.377964473009226,-0.654653670707972,-0.654653670707983));
#3430=DIRECTION('',(0.5,-0.866025403784439,0.));
#3431=DIRECTION('center_axis',(-2.4873291869095E-16,-0.707106781186553,
0.707106781186542));
#3432=DIRECTION('ref_axis',(1.,0.,3.51761467021389E-16));
#3433=DIRECTION('',(1.,-3.51761467021384E-16,0.));
#3434=DIRECTION('',(-1.,3.51761467021384E-16,0.));
#3435=DIRECTION('',(0.377964473009227,-0.654653670707973,-0.654653670707982));
#3436=DIRECTION('center_axis',(0.612372435695798,-0.353553390593276,0.707106781186544));
#3437=DIRECTION('ref_axis',(0.755928946018451,0.,-0.654653670707981));
#3438=DIRECTION('',(0.5,0.866025403784438,0.));
#3439=DIRECTION('',(-0.5,-0.866025403784438,0.));
#3440=DIRECTION('center_axis',(2.4873291869095E-16,0.707106781186552,0.707106781186543));
#3441=DIRECTION('ref_axis',(1.,0.,-3.51761467021388E-16));
#3442=DIRECTION('',(1.,-3.51761467021383E-16,0.));
#3443=DIRECTION('',(-1.,3.51761467021383E-16,0.));
#3444=DIRECTION('center_axis',(-0.866025403784439,-0.499999999999999,0.));
#3445=DIRECTION('ref_axis',(-0.499999999999999,0.866025403784439,0.));
#3446=DIRECTION('',(0.,0.,-1.));
#3447=DIRECTION('',(-0.499999999999999,0.866025403784439,0.));
#3448=DIRECTION('',(0.,0.,-1.));
#3449=DIRECTION('center_axis',(-3.51761467021383E-16,-1.,0.));
#3450=DIRECTION('ref_axis',(-1.,3.51761467021383E-16,0.));
#3451=DIRECTION('',(0.,0.,-1.));
#3452=DIRECTION('',(-1.,3.51761467021383E-16,0.));
#3453=DIRECTION('center_axis',(0.866025403784439,-0.5,0.));
#3454=DIRECTION('ref_axis',(-0.5,-0.866025403784438,0.));
#3455=DIRECTION('',(0.,0.,-1.));
#3456=DIRECTION('',(-0.5,-0.866025403784439,0.));
#3457=DIRECTION('center_axis',(0.,0.,1.));
#3458=DIRECTION('ref_axis',(1.,0.,0.));
#3459=DIRECTION('center_axis',(0.,0.,1.));
#3460=DIRECTION('ref_axis',(-3.4910929723035E-15,-1.,0.));
#3461=DIRECTION('',(-0.866025403784441,-0.499999999999996,0.));
#3462=DIRECTION('center_axis',(0.,0.,-1.));
#3463=DIRECTION('ref_axis',(-0.291068205455104,0.956702304676405,0.));
#3464=DIRECTION('center_axis',(0.,0.,-1.));
#3465=DIRECTION('ref_axis',(1.,0.,0.));
#3466=DIRECTION('center_axis',(0.,0.,-1.));
#3467=DIRECTION('ref_axis',(0.291068205455108,0.956702304676404,0.));
#3468=DIRECTION('',(-0.866025403784437,0.500000000000002,0.));
#3469=DIRECTION('center_axis',(0.,0.,-1.));
#3470=DIRECTION('ref_axis',(-3.4910929723035E-15,-1.,0.));
#3471=DIRECTION('',(0.,0.,1.));
#3472=DIRECTION('center_axis',(0.,0.,1.));
#3473=DIRECTION('ref_axis',(-3.4910929723035E-15,-1.,0.));
#3474=DIRECTION('',(0.,0.,-1.));
#3475=DIRECTION('center_axis',(0.499999999999996,-0.866025403784441,0.));
#3476=DIRECTION('ref_axis',(-0.866025403784441,-0.499999999999996,0.));
#3477=DIRECTION('',(-0.866025403784441,-0.499999999999996,0.));
#3478=DIRECTION('',(0.,0.,1.));
#3479=DIRECTION('center_axis',(0.,0.,1.));
#3480=DIRECTION('ref_axis',(-0.291068205455104,0.956702304676405,0.));
#3481=DIRECTION('center_axis',(0.,0.,-1.));
#3482=DIRECTION('ref_axis',(-0.291068205455104,0.956702304676405,0.));
#3483=DIRECTION('',(0.,0.,-1.));
#3484=DIRECTION('center_axis',(0.,0.,-1.));
#3485=DIRECTION('ref_axis',(0.291068205455108,0.956702304676404,0.));
#3486=DIRECTION('center_axis',(0.,0.,-1.));
#3487=DIRECTION('ref_axis',(0.291068205455108,0.956702304676404,0.));
#3488=DIRECTION('',(0.,0.,-1.));
#3489=DIRECTION('',(0.,0.,1.));
#3490=DIRECTION('center_axis',(0.,0.,1.));
#3491=DIRECTION('ref_axis',(-3.82856869892695E-16,1.,0.));
#3492=DIRECTION('center_axis',(0.,0.,-1.));
#3493=DIRECTION('ref_axis',(1.,0.,0.));
#3494=DIRECTION('center_axis',(-0.500000000000003,-0.866025403784437,0.));
#3495=DIRECTION('ref_axis',(-0.866025403784437,0.500000000000002,0.));
#3496=DIRECTION('',(-0.866025403784437,0.500000000000002,0.));
#3497=DIRECTION('center_axis',(0.,0.,1.));
#3498=DIRECTION('ref_axis',(1.,0.,0.));
#3499=DIRECTION('center_axis',(0.,0.,1.));
#3500=DIRECTION('ref_axis',(1.,0.,0.));
#3501=DIRECTION('center_axis',(0.,0.,1.));
#3502=DIRECTION('ref_axis',(1.,0.,0.));
#3503=DIRECTION('center_axis',(0.,1.,0.));
#3504=DIRECTION('ref_axis',(-1.,0.,0.));
#3505=DIRECTION('',(-1.,0.,0.));
#3506=DIRECTION('',(0.,0.,1.));
#3507=DIRECTION('',(-1.,0.,0.));
#3508=DIRECTION('',(-1.,0.,0.));
#3509=DIRECTION('',(0.,0.,1.));
#3510=DIRECTION('center_axis',(0.,0.,-1.));
#3511=DIRECTION('ref_axis',(1.,0.,0.));
#3512=DIRECTION('center_axis',(0.,0.,1.));
#3513=DIRECTION('ref_axis',(1.,0.,0.));
#3514=DIRECTION('',(1.,0.,0.));
#3515=DIRECTION('center_axis',(0.,0.,-1.));
#3516=DIRECTION('ref_axis',(1.,0.,0.));
#3517=DIRECTION('center_axis',(0.,-1.,0.));
#3518=DIRECTION('ref_axis',(1.,0.,0.));
#3519=DIRECTION('',(1.,0.,0.));
#3520=DIRECTION('',(0.,0.,1.));
#3521=DIRECTION('',(1.,0.,0.));
#3522=DIRECTION('',(0.,0.,1.));
#3523=DIRECTION('center_axis',(0.,0.,-1.));
#3524=DIRECTION('ref_axis',(1.,0.,0.));
#3525=DIRECTION('center_axis',(0.,0.,1.));
#3526=DIRECTION('ref_axis',(1.,0.,0.));
#3527=DIRECTION('center_axis',(0.,0.,1.));
#3528=DIRECTION('ref_axis',(1.,0.,0.));
#3529=DIRECTION('center_axis',(0.,0.,-1.));
#3530=DIRECTION('ref_axis',(1.,0.,0.));
#3531=DIRECTION('center_axis',(0.,0.,-1.));
#3532=DIRECTION('ref_axis',(1.,0.,0.));
#3533=DIRECTION('center_axis',(0.,0.,-1.));
#3534=DIRECTION('ref_axis',(1.,0.,0.));
#3535=DIRECTION('center_axis',(0.,0.,1.));
#3536=DIRECTION('ref_axis',(1.,0.,0.));
#3537=DIRECTION('center_axis',(0.866025403784439,0.5,0.));
#3538=DIRECTION('ref_axis',(0.5,-0.866025403784439,0.));
#3539=DIRECTION('',(0.,0.,-1.));
#3540=DIRECTION('',(0.5,-0.866025403784439,0.));
#3541=DIRECTION('center_axis',(3.51761467021384E-16,1.,0.));
#3542=DIRECTION('ref_axis',(1.,-3.51761467021384E-16,0.));
#3543=DIRECTION('',(0.,0.,-1.));
#3544=DIRECTION('',(1.,-3.51761467021384E-16,0.));
#3545=DIRECTION('center_axis',(-0.866025403784438,0.5,0.));
#3546=DIRECTION('ref_axis',(0.5,0.866025403784438,0.));
#3547=DIRECTION('',(0.5,0.866025403784438,0.));
#3548=DIRECTION('center_axis',(0.,0.,1.));
#3549=DIRECTION('ref_axis',(-1.,0.,0.));
#3550=DIRECTION('center_axis',(0.,0.,1.));
#3551=DIRECTION('ref_axis',(1.,0.,0.));
#3552=DIRECTION('center_axis',(0.,0.,1.));
#3553=DIRECTION('ref_axis',(1.,0.,0.));
#3554=DIRECTION('',(0.,0.,1.));
#3555=DIRECTION('center_axis',(0.,0.,1.));
#3556=DIRECTION('ref_axis',(1.,0.,0.));
#3557=DIRECTION('center_axis',(0.,0.,-1.));
#3558=DIRECTION('ref_axis',(1.,0.,0.));
#3559=DIRECTION('center_axis',(0.,0.,1.));
#3560=DIRECTION('ref_axis',(1.,0.,0.));
#3561=DIRECTION('',(0.,0.,1.));
#3562=DIRECTION('axis',(0.,0.,1.));
#3563=DIRECTION('refdir',(1.,0.,0.));
#3564=DIRECTION('center_axis',(0.,0.,1.));
#3565=DIRECTION('ref_axis',(-1.,0.,0.));
#3566=DIRECTION('center_axis',(-1.88270005408418E-15,0.,1.));
#3567=DIRECTION('ref_axis',(-1.,0.,-1.36219495044689E-15));
#3568=DIRECTION('',(-0.707106781186922,8.65956056235953E-17,-0.707106781186173));
#3569=DIRECTION('center_axis',(1.88270005408418E-15,0.,-1.));
#3570=DIRECTION('ref_axis',(-1.,0.,0.));
#3571=DIRECTION('center_axis',(1.88270005408418E-15,0.,-1.));
#3572=DIRECTION('ref_axis',(-1.,0.,-1.88084841818851E-15));
#3573=DIRECTION('center_axis',(-1.88270005408418E-15,0.,1.));
#3574=DIRECTION('ref_axis',(1.,0.,1.87758305635138E-15));
#3575=DIRECTION('center_axis',(-1.22464679914735E-16,-1.,-2.30564259498874E-31));
#3576=DIRECTION('ref_axis',(1.,-1.22464679914735E-16,1.82860262879438E-15));
#3577=DIRECTION('center_axis',(1.88270005408418E-15,0.,-1.));
#3578=DIRECTION('ref_axis',(1.,0.,1.88270005408418E-15));
#3579=DIRECTION('center_axis',(-1.88270005408418E-15,0.,1.));
#3580=DIRECTION('ref_axis',(1.,0.,1.88270005408418E-15));
#3581=DIRECTION('',(0.,1.,0.));
#3582=DIRECTION('',(0.866025403784439,0.499999999999999,1.63046607454324E-15));
#3583=DIRECTION('',(0.866025403784438,-0.500000000000001,1.63046607454324E-15));
#3584=DIRECTION('',(0.,-1.,0.));
#3585=DIRECTION('',(-0.866025403784439,-0.5,-1.63046607454324E-15));
#3586=DIRECTION('',(-0.866025403784438,0.5,-1.63046607454324E-15));
#3587=DIRECTION('center_axis',(1.88270005408418E-15,0.,-1.));
#3588=DIRECTION('ref_axis',(-1.,0.,-1.36219495044689E-15));
#3589=DIRECTION('center_axis',(1.88270005408418E-15,0.,-1.));
#3590=DIRECTION('ref_axis',(1.,0.,1.88270005408418E-15));
#3591=DIRECTION('',(-1.88270005408418E-15,0.,1.));
#3592=DIRECTION('center_axis',(-0.0871557427476581,0.,-0.996194698091746));
#3593=DIRECTION('ref_axis',(0.,1.,0.));
#3594=DIRECTION('',(0.863550259614423,-0.498570974847159,-0.0755508581011305));
#3595=DIRECTION('',(0.,1.,0.));
#3596=DIRECTION('',(0.863550259614423,0.498570974847158,-0.0755508581011305));
#3597=DIRECTION('center_axis',(-0.0435778713738291,-0.0754790873051733,
-0.996194698091746));
#3598=DIRECTION('ref_axis',(-0.866025403784438,0.5,0.));
#3599=DIRECTION('',(-0.866025403784438,0.5,0.));
#3600=DIRECTION('',(1.59381164582915E-16,0.997141949694316,-0.0755508581011305));
#3601=DIRECTION('center_axis',(0.043577871373829,-0.0754790873051733,-0.996194698091746));
#3602=DIRECTION('ref_axis',(-0.866025403784439,-0.5,0.));
#3603=DIRECTION('',(-0.866025403784439,-0.5,0.));
#3604=DIRECTION('',(-0.863550259614423,0.498570974847158,-0.0755508581011305));
#3605=DIRECTION('center_axis',(0.0871557427476581,0.,-0.996194698091746));
#3606=DIRECTION('ref_axis',(0.,-1.,0.));
#3607=DIRECTION('',(0.,-1.,0.));
#3608=DIRECTION('',(-0.863550259614423,-0.498570974847158,-0.0755508581011305));
#3609=DIRECTION('center_axis',(0.0435778713738291,0.0754790873051733,-0.996194698091746));
#3610=DIRECTION('ref_axis',(0.866025403784438,-0.500000000000001,0.));
#3611=DIRECTION('',(0.866025403784438,-0.500000000000001,0.));
#3612=DIRECTION('',(-4.78143493748745E-16,-0.997141949694316,-0.0755508581011305));
#3613=DIRECTION('center_axis',(-0.043577871373829,0.0754790873051733,-0.996194698091746));
#3614=DIRECTION('ref_axis',(0.866025403784439,0.499999999999999,0.));
#3615=DIRECTION('',(0.866025403784439,0.499999999999999,0.));
#3616=DIRECTION('center_axis',(-1.,0.,0.));
#3617=DIRECTION('ref_axis',(0.,1.,0.));
#3618=DIRECTION('',(0.,0.,-1.));
#3619=DIRECTION('',(0.,0.,-1.));
#3620=DIRECTION('center_axis',(-0.5,-0.866025403784438,0.));
#3621=DIRECTION('ref_axis',(-0.866025403784438,0.5,0.));
#3622=DIRECTION('',(0.,0.,-1.));
#3623=DIRECTION('center_axis',(0.5,-0.866025403784439,0.));
#3624=DIRECTION('ref_axis',(-0.866025403784439,-0.5,0.));
#3625=DIRECTION('',(0.,0.,-1.));
#3626=DIRECTION('center_axis',(1.,0.,0.));
#3627=DIRECTION('ref_axis',(0.,-1.,0.));
#3628=DIRECTION('',(0.,0.,-1.));
#3629=DIRECTION('center_axis',(0.500000000000001,0.866025403784438,0.));
#3630=DIRECTION('ref_axis',(0.866025403784438,-0.500000000000001,0.));
#3631=DIRECTION('',(0.,0.,-1.));
#3632=DIRECTION('center_axis',(-0.499999999999999,0.866025403784439,0.));
#3633=DIRECTION('ref_axis',(0.866025403784439,0.499999999999999,0.));
#3634=DIRECTION('center_axis',(1.88270005408418E-15,0.,-1.));
#3635=DIRECTION('ref_axis',(-1.,0.,-1.36219495044689E-15));
#3636=DIRECTION('',(-1.88270005408418E-15,0.,1.));
#3637=DIRECTION('center_axis',(-1.88270005408418E-15,0.,1.));
#3638=DIRECTION('ref_axis',(-1.,0.,-1.36219495044689E-15));
#3639=DIRECTION('center_axis',(1.88270005408418E-15,0.,-1.));
#3640=DIRECTION('ref_axis',(-1.,0.,-1.88270005408418E-15));
#3641=DIRECTION('center_axis',(1.88270005408418E-15,0.,-1.));
#3642=DIRECTION('ref_axis',(-1.,0.,-1.88270005408418E-15));
#3643=DIRECTION('axis',(0.,0.,1.));
#3644=DIRECTION('refdir',(1.,0.,0.));
#3645=DIRECTION('center_axis',(0.499999999999999,-0.86602540378444,0.));
#3646=DIRECTION('ref_axis',(-0.866025403784439,-0.499999999999998,0.));
#3647=DIRECTION('',(0.,0.,1.));
#3648=DIRECTION('',(0.,0.,-1.));
#3649=DIRECTION('center_axis',(1.,-9.60485356035485E-16,0.));
#3650=DIRECTION('ref_axis',(-9.60485356035485E-16,-1.,0.));
#3651=DIRECTION('',(0.,0.,1.));
#3652=DIRECTION('center_axis',(0.,0.,1.));
#3653=DIRECTION('ref_axis',(-1.,0.,0.));
#3654=DIRECTION('center_axis',(0.,0.,-1.));
#3655=DIRECTION('ref_axis',(1.,0.,0.));
#3656=DIRECTION('',(0.866025403784438,-1.06057523872491E-16,0.500000000000001));
#3657=DIRECTION('center_axis',(-0.500000000000001,-0.866025403784438,0.));
#3658=DIRECTION('ref_axis',(-0.866025403784438,0.500000000000001,0.));
#3659=DIRECTION('',(0.,0.,1.));
#3660=DIRECTION('center_axis',(-1.,1.08295003595022E-15,0.));
#3661=DIRECTION('ref_axis',(1.08295003595022E-15,1.,0.));
#3662=DIRECTION('',(0.,0.,1.));
#3663=DIRECTION('center_axis',(-0.499999999999999,0.866025403784439,0.));
#3664=DIRECTION('ref_axis',(0.866025403784439,0.499999999999999,0.));
#3665=DIRECTION('',(0.,0.,1.));
#3666=DIRECTION('center_axis',(0.500000000000001,0.866025403784438,0.));
#3667=DIRECTION('ref_axis',(0.866025403784438,-0.500000000000001,0.));
#3668=DIRECTION('center_axis',(0.,0.,1.));
#3669=DIRECTION('ref_axis',(1.,0.,0.));
#3670=DIRECTION('center_axis',(0.,0.,-1.));
#3671=DIRECTION('ref_axis',(1.,0.,0.));
#3672=DIRECTION('center_axis',(0.,0.,1.));
#3673=DIRECTION('ref_axis',(-1.,0.,0.));
#3674=DIRECTION('center_axis',(0.,0.,-1.));
#3675=DIRECTION('ref_axis',(-1.,0.,0.));
#3676=DIRECTION('',(-0.866025403784441,1.06057523872491E-16,0.499999999999995));
#3677=DIRECTION('center_axis',(0.,0.,-1.));
#3678=DIRECTION('ref_axis',(-1.,0.,0.));
#3679=DIRECTION('center_axis',(0.,0.,-1.));
#3680=DIRECTION('ref_axis',(-1.,0.,0.));
#3681=DIRECTION('center_axis',(0.,0.,-1.));
#3682=DIRECTION('ref_axis',(-1.,0.,0.));
#3683=DIRECTION('',(0.,0.,1.));
#3684=DIRECTION('',(0.,0.,1.));
#3685=DIRECTION('',(1.,0.,0.));
#3686=DIRECTION('',(0.,0.,1.));
#3687=DIRECTION('',(1.,0.,0.));
#3688=DIRECTION('',(-1.37390099297363E-14,0.,-1.));
#3689=DIRECTION('',(-1.,0.,1.37390099297363E-14));
#3690=DIRECTION('',(0.,0.,1.));
#3691=DIRECTION('',(0.866025403784439,0.5,0.));
#3692=CARTESIAN_POINT('',(0.,0.,0.));
#3693=CARTESIAN_POINT('',(0.,0.,0.));
#3694=CARTESIAN_POINT('Origin',(0.,0.,135.5));
#3695=CARTESIAN_POINT('',(1.7,-2.0818995585505E-16,135.));
#3696=CARTESIAN_POINT('Origin',(0.,0.,135.));
#3697=CARTESIAN_POINT('',(2.7,3.30654635769785E-16,136.));
#3698=CARTESIAN_POINT('',(2.2,-2.69422295812418E-16,135.5));
#3699=CARTESIAN_POINT('Origin',(0.,0.,136.));
#3700=CARTESIAN_POINT('Origin',(0.,0.,136.));
#3701=CARTESIAN_POINT('',(-11.5,1.40834381901946E-15,136.));
#3702=CARTESIAN_POINT('Origin',(0.,0.,136.));
#3703=CARTESIAN_POINT('Origin',(0.,0.,136.));
#3704=CARTESIAN_POINT('',(1.7,2.0818995585505E-16,130.4));
#3705=CARTESIAN_POINT('',(1.7,-2.0818995585505E-16,136.));
#3706=CARTESIAN_POINT('Origin',(0.,0.,130.4));
#3707=CARTESIAN_POINT('Origin',(0.,0.,65.));
#3708=CARTESIAN_POINT('',(-1.1,-1.90525588832576,64.));
#3709=CARTESIAN_POINT('',(-1.24999999999999,-2.16506350946108,66.));
#3710=CARTESIAN_POINT('',(-1.1,-1.90525588832576,64.));
#3711=CARTESIAN_POINT('',(0.434120444167322,-2.4620193825305,66.));
#3712=CARTESIAN_POINT('Origin',(0.,0.,66.0000000000001));
#3713=CARTESIAN_POINT('',(0.382025990867244,-2.16657705662685,64.));
#3714=CARTESIAN_POINT('',(0.382025990867244,-2.16657705662685,64.));
#3715=CARTESIAN_POINT('Origin',(-3.06112269690693E-16,-3.02820380933111E-15,
64.));
#3716=CARTESIAN_POINT('Origin',(0.,0.,56.));
#3717=CARTESIAN_POINT('',(-1.1,-1.90525588832576,48.));
#3718=CARTESIAN_POINT('',(-1.1,-1.90525588832576,48.));
#3719=CARTESIAN_POINT('',(0.382025990867244,-2.16657705662685,48.));
#3720=CARTESIAN_POINT('',(0.382025990867244,-2.16657705662685,48.));
#3721=CARTESIAN_POINT('Origin',(-3.06112269690693E-16,-3.02820380933111E-15,
48.));
#3722=CARTESIAN_POINT('Origin',(0.,0.,47.));
#3723=CARTESIAN_POINT('',(-1.25,-2.1650635094611,46.));
#3724=CARTESIAN_POINT('',(-1.25,-2.1650635094611,46.));
#3725=CARTESIAN_POINT('',(0.434120444167325,-2.46201938253052,46.));
#3726=CARTESIAN_POINT('',(0.434120444167325,-2.46201938253052,46.));
#3727=CARTESIAN_POINT('Origin',(0.,0.,46.));
#3728=CARTESIAN_POINT('Origin',(0.408073217517284,-2.31429821957869,56.));
#3729=CARTESIAN_POINT('',(0.434120444167324,-2.46201938253052,43.));
#3730=CARTESIAN_POINT('Origin',(-1.175,-2.03515969889343,56.));
#3731=CARTESIAN_POINT('',(-1.25,-2.1650635094611,43.));
#3732=CARTESIAN_POINT('Origin',(0.,0.,65.));
#3733=CARTESIAN_POINT('',(-1.1,1.90525588832576,64.));
#3734=CARTESIAN_POINT('',(-1.24999999999999,2.16506350946108,66.));
#3735=CARTESIAN_POINT('',(-1.1,1.90525588832576,64.));
#3736=CARTESIAN_POINT('',(-2.34923155196476,0.855050358314167,66.));
#3737=CARTESIAN_POINT('Origin',(0.,0.,66.0000000000001));
#3738=CARTESIAN_POINT('',(-2.06732376572899,0.75244431531647,64.));
#3739=CARTESIAN_POINT('',(-2.06732376572899,0.75244431531647,64.));
#3740=CARTESIAN_POINT('Origin',(-2.4694452918722E-15,1.77920290662781E-15,
64.));
#3741=CARTESIAN_POINT('Origin',(0.,0.,56.));
#3742=CARTESIAN_POINT('',(-1.1,1.90525588832576,48.));
#3743=CARTESIAN_POINT('',(-1.1,1.90525588832576,48.));
#3744=CARTESIAN_POINT('',(-2.06732376572899,0.75244431531647,48.));
#3745=CARTESIAN_POINT('',(-2.06732376572899,0.75244431531647,48.));
#3746=CARTESIAN_POINT('Origin',(-2.4694452918722E-15,1.77920290662781E-15,
48.));
#3747=CARTESIAN_POINT('Origin',(0.,0.,47.));
#3748=CARTESIAN_POINT('',(-1.25,2.1650635094611,46.));
#3749=CARTESIAN_POINT('',(-1.25,2.1650635094611,46.));
#3750=CARTESIAN_POINT('',(-2.34923155196477,0.855050358314172,46.));
#3751=CARTESIAN_POINT('',(-2.34923155196477,0.855050358314172,46.));
#3752=CARTESIAN_POINT('Origin',(0.,0.,46.));
#3753=CARTESIAN_POINT('Origin',(-2.20827765884688,0.803747336815321,56.));
#3754=CARTESIAN_POINT('',(-2.34923155196477,0.855050358314173,43.));
#3755=CARTESIAN_POINT('Origin',(-1.175,2.03515969889343,56.));
#3756=CARTESIAN_POINT('',(-1.25,2.1650635094611,43.));
#3757=CARTESIAN_POINT('Origin',(0.,0.,65.));
#3758=CARTESIAN_POINT('',(2.19999999999999,0.,64.));
#3759=CARTESIAN_POINT('',(2.49999999999998,0.,66.));
#3760=CARTESIAN_POINT('',(2.19999999999999,0.,64.));
#3761=CARTESIAN_POINT('',(1.91511110779743,1.60696902421634,66.));
#3762=CARTESIAN_POINT('Origin',(0.,0.,66.0000000000001));
#3763=CARTESIAN_POINT('',(1.68529777486175,1.41413274131038,64.));
#3764=CARTESIAN_POINT('',(1.68529777486175,1.41413274131038,64.));
#3765=CARTESIAN_POINT('Origin',(2.77555756156289E-15,1.2490009027033E-15,
64.));
#3766=CARTESIAN_POINT('Origin',(0.,0.,56.));
#3767=CARTESIAN_POINT('',(2.19999999999999,0.,48.));
#3768=CARTESIAN_POINT('',(2.19999999999999,0.,48.));
#3769=CARTESIAN_POINT('',(1.68529777486175,1.41413274131038,48.));
#3770=CARTESIAN_POINT('',(1.68529777486175,1.41413274131038,48.));
#3771=CARTESIAN_POINT('Origin',(2.77555756156289E-15,1.2490009027033E-15,
48.));
#3772=CARTESIAN_POINT('Origin',(0.,0.,47.));
#3773=CARTESIAN_POINT('',(2.5,0.,46.));
#3774=CARTESIAN_POINT('',(2.5,0.,46.));
#3775=CARTESIAN_POINT('',(1.91511110779744,1.60696902421635,46.));
#3776=CARTESIAN_POINT('',(1.91511110779744,1.60696902421635,46.));
#3777=CARTESIAN_POINT('Origin',(0.,0.,46.));
#3778=CARTESIAN_POINT('Origin',(1.8002044413296,1.51055088276337,56.));
#3779=CARTESIAN_POINT('',(1.91511110779745,1.60696902421635,43.));
#3780=CARTESIAN_POINT('Origin',(2.35,0.,56.));
#3781=CARTESIAN_POINT('',(2.5,0.,43.));
#3782=CARTESIAN_POINT('Origin',(0.,0.,43.5));
#3783=CARTESIAN_POINT('',(-3.,3.67394039744206E-16,43.));
#3784=CARTESIAN_POINT('Origin',(0.,0.,43.));
#3785=CARTESIAN_POINT('',(-2.5,-3.06161699786838E-16,44.));
#3786=CARTESIAN_POINT('',(-2.75,3.36777869765522E-16,43.5));
#3787=CARTESIAN_POINT('Origin',(0.,0.,44.));
#3788=CARTESIAN_POINT('Origin',(0.,0.,43.));
#3789=CARTESIAN_POINT('',(-9.45,-1.15729122519425E-15,43.));
#3790=CARTESIAN_POINT('Origin',(0.,0.,43.));
#3791=CARTESIAN_POINT('Origin',(0.,0.,43.));
#3792=CARTESIAN_POINT('',(-2.5,3.06161699786838E-16,101.));
#3793=CARTESIAN_POINT('',(-2.5,-3.06161699786838E-16,43.));
#3794=CARTESIAN_POINT('Origin',(0.,0.,101.));
#3795=CARTESIAN_POINT('Origin',(0.673215643940085,-11.7807801395644,93.));
#3796=CARTESIAN_POINT('',(0.713152165190768,-12.4796399783521,134.));
#3797=CARTESIAN_POINT('',(0.336607821970035,-12.3945351185165,134.201789933146));
#3798=CARTESIAN_POINT('Ctrl Pts',(0.713152165190768,-12.4796399783521,134.));
#3799=CARTESIAN_POINT('Ctrl Pts',(0.671031431440859,-12.4820469782756,134.));
#3800=CARTESIAN_POINT('Ctrl Pts',(0.626046360469667,-12.4804922817798,134.007772821971));
#3801=CARTESIAN_POINT('Ctrl Pts',(0.541376897975604,-12.4695765948729,134.037495109322));
#3802=CARTESIAN_POINT('Ctrl Pts',(0.50160519351028,-12.4603329482618,134.059238405291));
#3803=CARTESIAN_POINT('Ctrl Pts',(0.420375388529359,-12.4354129252123,134.115144734517));
#3804=CARTESIAN_POINT('Ctrl Pts',(0.376176257399911,-12.4162360339072,134.156255710794));
#3805=CARTESIAN_POINT('Ctrl Pts',(0.336607821970016,-12.3945351185165,134.201789933146));
#3806=CARTESIAN_POINT('',(0.336607821970002,-12.3945351185165,93.7991050334268));
#3807=CARTESIAN_POINT('',(0.336607821970038,-12.3945351185165,93.));
#3808=CARTESIAN_POINT('',(0.713152165190768,-12.4796399783521,93.9));
#3809=CARTESIAN_POINT('Ctrl Pts',(0.33660782196998,-12.3945351185165,93.7991050334268));
#3810=CARTESIAN_POINT('Ctrl Pts',(0.363123780712131,-12.4090775327139,93.814361936412));
#3811=CARTESIAN_POINT('Ctrl Pts',(0.391154578036391,-12.4222025463352,93.8283260352249));
#3812=CARTESIAN_POINT('Ctrl Pts',(0.465546972476926,-12.4510201522096,93.8596408694556));
#3813=CARTESIAN_POINT('Ctrl Pts',(0.513682302110447,-12.4641951104105,93.874679148207));
#3814=CARTESIAN_POINT('Ctrl Pts',(0.612497563712914,-12.4799313758551,93.8948568351718));
#3815=CARTESIAN_POINT('Ctrl Pts',(0.663176221621114,-12.4824958662163,93.9));
#3816=CARTESIAN_POINT('Ctrl Pts',(0.713152165190768,-12.4796399783521,93.9));
#3817=CARTESIAN_POINT('',(0.713152165190768,-12.4796399783521,93.));
#3818=CARTESIAN_POINT('Origin',(-2.63677968348475E-15,-13.0082900974687,
136.));
#3819=CARTESIAN_POINT('',(-0.336607821970038,-12.3945351185165,134.201789933146));
#3820=CARTESIAN_POINT('Ctrl Pts',(0.336607821970027,-12.3945351185165,134.201789933146));
#3821=CARTESIAN_POINT('Ctrl Pts',(0.305218079901462,-12.3773197262635,134.237912349396));
#3822=CARTESIAN_POINT('Ctrl Pts',(0.270043509768476,-12.3611542615875,134.271915190706));
#3823=CARTESIAN_POINT('Ctrl Pts',(0.197502514541979,-12.335791688636,134.325343774994));
#3824=CARTESIAN_POINT('Ctrl Pts',(0.161013852774575,-12.3259249161394,134.346168243071));
#3825=CARTESIAN_POINT('Ctrl Pts',(0.0835796323183675,-12.3121872782566,
134.375179239866));
#3826=CARTESIAN_POINT('Ctrl Pts',(0.042659000877497,-12.3082900974687,134.383419805063));
#3827=CARTESIAN_POINT('Ctrl Pts',(-0.0426590008775023,-12.3082900974687,
134.383419805063));
#3828=CARTESIAN_POINT('Ctrl Pts',(-0.0835796323183722,-12.3121872782566,
134.375179239866));
#3829=CARTESIAN_POINT('Ctrl Pts',(-0.16101385277458,-12.3259249161394,134.346168243071));
#3830=CARTESIAN_POINT('Ctrl Pts',(-0.197502514541984,-12.335791688636,134.325343774994));
#3831=CARTESIAN_POINT('Ctrl Pts',(-0.270043509768483,-12.3611542615875,
134.271915190706));
#3832=CARTESIAN_POINT('Ctrl Pts',(-0.305218079901453,-12.3773197262635,
134.237912349396));
#3833=CARTESIAN_POINT('Ctrl Pts',(-0.336607821970022,-12.3945351185165,
134.201789933146));
#3834=CARTESIAN_POINT('',(-0.336607821970001,-12.3945351185165,93.7991050334268));
#3835=CARTESIAN_POINT('',(-0.336607821970043,-12.3945351185165,93.));
#3836=CARTESIAN_POINT('Ctrl Pts',(-0.336607821969991,-12.3945351185165,
93.7991050334268));
#3837=CARTESIAN_POINT('Ctrl Pts',(-0.308486461088136,-12.3791122374615,
93.7829244050378));
#3838=CARTESIAN_POINT('Ctrl Pts',(-0.278444613424289,-12.365174108246,93.7682694200116));
#3839=CARTESIAN_POINT('Ctrl Pts',(-0.169871177311096,-12.3242300560509,
93.725163120676));
#3840=CARTESIAN_POINT('Ctrl Pts',(-0.083627566588842,-12.3082900974687,
93.7082900974687));
#3841=CARTESIAN_POINT('Ctrl Pts',(0.0836275665888355,-12.3082900974687,
93.7082900974687));
#3842=CARTESIAN_POINT('Ctrl Pts',(0.169871177311089,-12.3242300560509,93.725163120676));
#3843=CARTESIAN_POINT('Ctrl Pts',(0.278444613424283,-12.365174108246,93.7682694200116));
#3844=CARTESIAN_POINT('Ctrl Pts',(0.308486461088122,-12.3791122374615,93.7829244050378));
#3845=CARTESIAN_POINT('Ctrl Pts',(0.336607821969976,-12.3945351185165,93.7991050334268));
#3846=CARTESIAN_POINT('Origin',(0.,0.,135.));
#3847=CARTESIAN_POINT('',(-12.5,-1.53080849893419E-15,134.));
#3848=CARTESIAN_POINT('',(-12.,-1.46957615897682E-15,135.));
#3849=CARTESIAN_POINT('',(-0.713152165190773,-12.4796399783521,134.));
#3850=CARTESIAN_POINT('Origin',(0.,0.,134.));
#3851=CARTESIAN_POINT('Ctrl Pts',(-0.336607821970014,-12.3945351185165,
134.201789933146));
#3852=CARTESIAN_POINT('Ctrl Pts',(-0.376176257399894,-12.4162360339072,
134.156255710794));
#3853=CARTESIAN_POINT('Ctrl Pts',(-0.420375388529363,-12.4354129252123,
134.115144734517));
#3854=CARTESIAN_POINT('Ctrl Pts',(-0.501605193510284,-12.4603329482618,
134.059238405291));
#3855=CARTESIAN_POINT('Ctrl Pts',(-0.541376897975609,-12.4695765948729,
134.037495109322));
#3856=CARTESIAN_POINT('Ctrl Pts',(-0.626046360469672,-12.4804922817798,
134.007772821971));
#3857=CARTESIAN_POINT('Ctrl Pts',(-0.671031431440863,-12.4820469782756,
134.));
#3858=CARTESIAN_POINT('Ctrl Pts',(-0.713152165190773,-12.4796399783521,
134.));
#3859=CARTESIAN_POINT('Origin',(0.,0.,134.));
#3860=CARTESIAN_POINT('Origin',(-0.67321564394009,-11.7807801395644,93.));
#3861=CARTESIAN_POINT('',(-0.713152165190773,-12.4796399783521,93.9));
#3862=CARTESIAN_POINT('Ctrl Pts',(-0.713152165190773,-12.4796399783521,
93.9));
#3863=CARTESIAN_POINT('Ctrl Pts',(-0.663176221621119,-12.4824958662163,
93.9));
#3864=CARTESIAN_POINT('Ctrl Pts',(-0.61249756371292,-12.4799313758551,93.8948568351718));
#3865=CARTESIAN_POINT('Ctrl Pts',(-0.513682302110454,-12.4641951104105,
93.874679148207));
#3866=CARTESIAN_POINT('Ctrl Pts',(-0.465546972476932,-12.4510201522096,
93.8596408694556));
#3867=CARTESIAN_POINT('Ctrl Pts',(-0.391154578036395,-12.4222025463352,
93.8283260352249));
#3868=CARTESIAN_POINT('Ctrl Pts',(-0.363123780712127,-12.4090775327139,
93.814361936412));
#3869=CARTESIAN_POINT('Ctrl Pts',(-0.33660782196998,-12.3945351185165,93.7991050334268));
#3870=CARTESIAN_POINT('',(-0.713152165190773,-12.4796399783521,93.));
#3871=CARTESIAN_POINT('Origin',(-5.55111512312578E-16,0.,127.8));
#3872=CARTESIAN_POINT('',(5.30000000000001,-6.84974226123095,127.8));
#3873=CARTESIAN_POINT('',(5.3,-1.6,127.8));
#3874=CARTESIAN_POINT('',(5.30000000000001,-6.84974226123095,127.8));
#3875=CARTESIAN_POINT('',(-5.3,-1.6,127.8));
#3876=CARTESIAN_POINT('',(1.4,-1.6,127.8));
#3877=CARTESIAN_POINT('',(-5.3,-6.84974226123095,127.8));
#3878=CARTESIAN_POINT('',(-5.3,-6.84974226123095,127.8));
#3879=CARTESIAN_POINT('',(-2.39999994635582,-6.84974226123095,127.8));
#3880=CARTESIAN_POINT('',(-2.8,-6.84974226123095,127.8));
#3881=CARTESIAN_POINT('',(-2.39999994635582,-4.86210043695888,127.8));
#3882=CARTESIAN_POINT('',(-2.39999994635582,-4.86210043695888,127.8));
#3883=CARTESIAN_POINT('',(-2.21995144982159,-1.95147194031951,127.8));
#3884=CARTESIAN_POINT('',(-2.21995144982159,-1.95147194031951,127.8));
#3885=CARTESIAN_POINT('',(-2.4980018054066E-15,-3.2331615074619,127.8));
#3886=CARTESIAN_POINT('',(-2.8,-1.61658075373095,127.8));
#3887=CARTESIAN_POINT('',(2.2199514498216,-1.95147194031951,127.8));
#3888=CARTESIAN_POINT('',(-2.56739074444567E-15,-3.2331615074619,127.8));
#3889=CARTESIAN_POINT('',(2.39999994635582,-4.86210043695888,127.8));
#3890=CARTESIAN_POINT('',(2.2199514498216,-1.95147194031951,127.8));
#3891=CARTESIAN_POINT('',(2.39999994635582,-6.84974226123095,127.8));
#3892=CARTESIAN_POINT('',(2.39999994635582,-4.86210043695888,127.8));
#3893=CARTESIAN_POINT('',(2.8,-6.84974226123095,127.8));
#3894=CARTESIAN_POINT('Origin',(1.66533453693773E-15,1.90480964334938E-11,
130.));
#3895=CARTESIAN_POINT('',(2.6,-1.61658075373095,130.));
#3896=CARTESIAN_POINT('',(2.6,1.61658075376905,130.));
#3897=CARTESIAN_POINT('',(2.6,0.808290376894048,130.));
#3898=CARTESIAN_POINT('',(2.8,-4.84974226123095,130.));
#3899=CARTESIAN_POINT('',(2.64523506988576,-2.34784218744941,130.));
#3900=CARTESIAN_POINT('',(2.8,-6.84974226123095,130.));
#3901=CARTESIAN_POINT('',(2.80000000000001,-3.42487113060595,130.));
#3902=CARTESIAN_POINT('',(4.30000000000001,-6.84974226123095,130.));
#3903=CARTESIAN_POINT('',(1.4,-6.84974226123095,130.));
#3904=CARTESIAN_POINT('',(4.30000000000001,-4.80339138777298,130.));
#3905=CARTESIAN_POINT('',(4.30000000000001,-2.40169569387697,130.));
#3906=CARTESIAN_POINT('',(4.10286715942589,-1.61658075373095,130.));
#3907=CARTESIAN_POINT('',(4.04523778762727,-0.684955691432158,130.));
#3908=CARTESIAN_POINT('',(4.10286715942589,1.61658075376905,130.));
#3909=CARTESIAN_POINT('',(4.10286715942589,0.808290376894047,130.));
#3910=CARTESIAN_POINT('',(4.30000000000001,4.80339138780263,130.));
#3911=CARTESIAN_POINT('',(4.14380420791416,2.27836100848673,130.));
#3912=CARTESIAN_POINT('',(4.30000000000001,6.84974226126905,130.));
#3913=CARTESIAN_POINT('',(4.30000000000001,3.42487113064405,130.));
#3914=CARTESIAN_POINT('',(2.80000000000001,6.84974226126905,130.));
#3915=CARTESIAN_POINT('',(2.15,6.84974226126905,130.));
#3916=CARTESIAN_POINT('',(2.80000000000001,4.84974226126905,130.));
#3917=CARTESIAN_POINT('',(2.8,0.808290376874999,130.));
#3918=CARTESIAN_POINT('',(2.64523506988576,2.3478421874875,130.));
#3919=CARTESIAN_POINT('Origin',(1.66533453693773E-15,1.90480964334938E-11,
130.));
#3920=CARTESIAN_POINT('',(-2.8,4.84974226126905,130.));
#3921=CARTESIAN_POINT('',(-2.6,1.61658075376905,130.));
#3922=CARTESIAN_POINT('',(-2.54523506988575,0.731261433737502,130.));
#3923=CARTESIAN_POINT('',(-2.8,6.84974226126905,130.));
#3924=CARTESIAN_POINT('',(-2.8,-0.808290376855951,130.));
#3925=CARTESIAN_POINT('',(-4.3,6.84974226126905,130.));
#3926=CARTESIAN_POINT('',(-1.4,6.84974226126905,130.));
#3927=CARTESIAN_POINT('',(-4.3,4.80339138780263,130.));
#3928=CARTESIAN_POINT('',(-4.3,2.40169569391084,130.));
#3929=CARTESIAN_POINT('',(-4.10286715942589,1.61658075376905,130.));
#3930=CARTESIAN_POINT('',(-4.0452377876271,0.684955691469939,130.));
#3931=CARTESIAN_POINT('',(-4.10286715942589,-1.61658075373095,130.));
#3932=CARTESIAN_POINT('',(-4.10286715942589,-0.808290376855951,130.));
#3933=CARTESIAN_POINT('',(-4.30000000000001,-4.80339138777298,130.));
#3934=CARTESIAN_POINT('',(-4.14380420791433,-2.27836100845317,130.));
#3935=CARTESIAN_POINT('',(-4.30000000000001,-6.84974226123095,130.));
#3936=CARTESIAN_POINT('',(-4.30000000000001,-3.42487113060595,130.));
#3937=CARTESIAN_POINT('',(-2.8,-6.84974226123095,130.));
#3938=CARTESIAN_POINT('',(-2.15,-6.84974226123095,130.));
#3939=CARTESIAN_POINT('',(-2.8,-4.84974226123095,130.));
#3940=CARTESIAN_POINT('',(-2.8,-2.42487113060595,130.));
#3941=CARTESIAN_POINT('',(-2.6,-1.61658075373095,130.));
#3942=CARTESIAN_POINT('',(-2.54868334574778,-0.787005597621185,130.));
#3943=CARTESIAN_POINT('',(-2.6,-0.808290376855951,130.));
#3944=CARTESIAN_POINT('Origin',(2.8,-6.84974226123095,127.8));
#3945=CARTESIAN_POINT('',(2.8,-4.84974226123095,128.2));
#3946=CARTESIAN_POINT('',(2.8,-4.84974226123095,127.8));
#3947=CARTESIAN_POINT('',(2.8,-6.84974226123095,128.2));
#3948=CARTESIAN_POINT('',(2.80000000000001,-2.26230669592321,128.2));
#3949=CARTESIAN_POINT('',(2.8,-6.84974226123095,127.8));
#3950=CARTESIAN_POINT('Origin',(2.8,-4.84974226123095,127.8));
#3951=CARTESIAN_POINT('',(2.6,-1.61658075373095,128.2));
#3952=CARTESIAN_POINT('',(2.6,-1.61658075373095,127.8));
#3953=CARTESIAN_POINT('',(2.57359418208176,-1.18970938339432,128.2));
#3954=CARTESIAN_POINT('Origin',(2.6,1.61658075376905,127.8));
#3955=CARTESIAN_POINT('',(2.6,1.61658075376905,128.2));
#3956=CARTESIAN_POINT('',(2.6,1.61658075376905,127.8));
#3957=CARTESIAN_POINT('',(2.6,1.97085481157679,128.2));
#3958=CARTESIAN_POINT('Origin',(-4.30000000000001,-6.84974226123095,127.8));
#3959=CARTESIAN_POINT('',(-4.30000000000001,-4.80339138777298,128.2));
#3960=CARTESIAN_POINT('',(-4.30000000000001,-4.80339138777298,127.8));
#3961=CARTESIAN_POINT('',(-4.30000000000001,-6.84974226123095,128.2));
#3962=CARTESIAN_POINT('',(-4.30000000000001,-2.26230669592321,128.2));
#3963=CARTESIAN_POINT('',(-4.30000000000001,-6.84974226123095,127.8));
#3964=CARTESIAN_POINT('Origin',(-2.8,-1.61658075373095,130.4));
#3965=CARTESIAN_POINT('',(-2.8,6.84974226126905,130.4));
#3966=CARTESIAN_POINT('',(-2.8,6.84974226126905,130.4));
#3967=CARTESIAN_POINT('',(-2.8,4.84974226126905,128.2));
#3968=CARTESIAN_POINT('',(-2.8,4.84974226126899,129.1));
#3969=CARTESIAN_POINT('',(-2.8,6.84974226126905,128.2));
#3970=CARTESIAN_POINT('',(-2.8,0.354274057826788,128.2));
#3971=CARTESIAN_POINT('',(-2.8,6.84974226126905,127.8));
#3972=CARTESIAN_POINT('',(-2.8,6.84974226126905,129.1));
#3973=CARTESIAN_POINT('',(-2.8,11.1539230766578,127.8));
#3974=CARTESIAN_POINT('',(-2.8,0.,127.8));
#3975=CARTESIAN_POINT('',(-2.79999999999999,11.1823643025482,127.77241259435));
#3976=CARTESIAN_POINT('Ctrl Pts',(-2.8,11.1823643025482,127.77241259435));
#3977=CARTESIAN_POINT('Ctrl Pts',(-2.8,11.1681266530889,127.786223860963));
#3978=CARTESIAN_POINT('Ctrl Pts',(-2.8,11.1539230766578,127.8));
#3979=CARTESIAN_POINT('',(-2.79999999999999,11.1823643025482,130.42758740565));
#3980=CARTESIAN_POINT('',(-2.79999999999999,11.1823643025482,93.));
#3981=CARTESIAN_POINT('',(-2.8,11.1539230766578,130.4));
#3982=CARTESIAN_POINT('Ctrl Pts',(-2.79999999999999,11.1539230766578,130.4));
#3983=CARTESIAN_POINT('Ctrl Pts',(-2.79999999999999,11.1681266530889,130.413776139037));
#3984=CARTESIAN_POINT('Ctrl Pts',(-2.79999999999999,11.1823643025482,130.42758740565));
#3985=CARTESIAN_POINT('',(-2.8,0.,130.4));
#3986=CARTESIAN_POINT('Origin',(-2.6,1.61658075376905,127.8));
#3987=CARTESIAN_POINT('',(-2.6,1.61658075376905,128.2));
#3988=CARTESIAN_POINT('',(-2.6,1.61658075376905,127.8));
#3989=CARTESIAN_POINT('',(-2.61687595768975,1.88939423779258,128.2));
#3990=CARTESIAN_POINT('Origin',(-2.6,-1.61658075373095,127.8));
#3991=CARTESIAN_POINT('',(-2.6,-1.61658075373095,128.2));
#3992=CARTESIAN_POINT('',(-2.6,-1.61658075373095,127.8));
#3993=CARTESIAN_POINT('',(-2.6,0.354274057826787,128.2));
#3994=CARTESIAN_POINT('Origin',(2.22044604925031E-15,2.32512886938453,128.2));
#3995=CARTESIAN_POINT('',(-2.8,-4.84974226123095,128.2));
#3996=CARTESIAN_POINT('',(-2.47704245794379,0.371127206433896,128.2));
#3997=CARTESIAN_POINT('',(-2.8,-6.84974226123095,128.2));
#3998=CARTESIAN_POINT('',(-2.8,-1.26230669592321,128.2));
#3999=CARTESIAN_POINT('',(-2.8,-6.84974226123095,128.2));
#4000=CARTESIAN_POINT('',(-4.10286715942589,-1.61658075373095,128.2));
#4001=CARTESIAN_POINT('',(-4.07216329945216,-1.12022820696369,128.2));
#4002=CARTESIAN_POINT('',(-4.10286715942589,1.61658075376905,128.2));
#4003=CARTESIAN_POINT('',(-4.10286715942589,0.354274057826788,128.2));
#4004=CARTESIAN_POINT('',(-4.3,4.80339138780263,128.2));
#4005=CARTESIAN_POINT('',(-4.11687869608946,1.84308849295939,128.2));
#4006=CARTESIAN_POINT('',(-4.3,6.84974226126905,128.2));
#4007=CARTESIAN_POINT('',(-4.3,3.56426012859358,128.2));
#4008=CARTESIAN_POINT('',(-4.3,6.84974226126905,128.2));
#4009=CARTESIAN_POINT('Origin',(-4.3,4.80339138780263,127.8));
#4010=CARTESIAN_POINT('',(-4.3,6.84974226126905,127.8));
#4011=CARTESIAN_POINT('',(-4.3,4.80339138780263,127.8));
#4012=CARTESIAN_POINT('Origin',(-4.10286715942589,1.61658075376905,127.8));
#4013=CARTESIAN_POINT('',(-4.10286715942589,1.61658075376905,127.8));
#4014=CARTESIAN_POINT('Origin',(-4.10286715942589,-1.61658075373095,127.8));
#4015=CARTESIAN_POINT('',(-4.10286715942589,-1.61658075373095,127.8));
#4016=CARTESIAN_POINT('Origin',(-4.30000000000001,-4.80339138777298,127.8));
#4017=CARTESIAN_POINT('Origin',(-4.3,6.84974226126905,127.8));
#4018=CARTESIAN_POINT('',(-5.3,6.84974226126905,130.4));
#4019=CARTESIAN_POINT('',(-2.15,6.84974226126905,130.4));
#4020=CARTESIAN_POINT('',(-5.3,6.84974226126905,127.8));
#4021=CARTESIAN_POINT('',(-5.3,6.84974226126905,127.8));
#4022=CARTESIAN_POINT('',(-5.3,6.84974226126905,127.8));
#4023=CARTESIAN_POINT('Origin',(2.22044604925031E-15,2.32512886938453,128.2));
#4024=CARTESIAN_POINT('',(2.80000000000001,4.84974226126905,128.2));
#4025=CARTESIAN_POINT('',(2.71687595768976,3.50597499154258,128.2));
#4026=CARTESIAN_POINT('',(2.80000000000001,6.84974226126905,128.2));
#4027=CARTESIAN_POINT('',(2.8,1.97085481155774,128.2));
#4028=CARTESIAN_POINT('',(4.30000000000001,6.84974226126905,128.2));
#4029=CARTESIAN_POINT('',(4.30000000000001,6.84974226126905,128.2));
#4030=CARTESIAN_POINT('',(4.30000000000001,4.80339138780263,128.2));
#4031=CARTESIAN_POINT('',(4.30000000000001,4.58743556532679,128.2));
#4032=CARTESIAN_POINT('',(4.10286715942589,1.61658075376905,128.2));
#4033=CARTESIAN_POINT('',(4.21544511637652,3.43649380997618,128.2));
#4034=CARTESIAN_POINT('',(4.10286715942589,-1.61658075373095,128.2));
#4035=CARTESIAN_POINT('',(4.10286715942589,1.97085481157679,128.2));
#4036=CARTESIAN_POINT('',(4.30000000000001,-4.80339138777298,128.2));
#4037=CARTESIAN_POINT('',(3.9735968791651,0.47317711005732,128.2));
#4038=CARTESIAN_POINT('',(4.30000000000001,-6.84974226123095,128.2));
#4039=CARTESIAN_POINT('',(4.30000000000001,-1.23913125919423,128.2));
#4040=CARTESIAN_POINT('',(2.8,-6.84974226123095,128.2));
#4041=CARTESIAN_POINT('Origin',(4.30000000000001,6.84974226126905,127.8));
#4042=CARTESIAN_POINT('',(4.30000000000001,4.80339138780263,127.8));
#4043=CARTESIAN_POINT('',(4.30000000000001,6.84974226126905,127.8));
#4044=CARTESIAN_POINT('Origin',(5.30000000000001,6.84974226126905,127.8));
#4045=CARTESIAN_POINT('',(5.30000000000001,6.84974226126905,130.4));
#4046=CARTESIAN_POINT('',(2.80000000000001,6.84974226126905,130.4));
#4047=CARTESIAN_POINT('',(2.65,6.84974226126905,130.4));
#4048=CARTESIAN_POINT('',(2.8,6.84974226126905,130.4));
#4049=CARTESIAN_POINT('',(2.80000000000001,6.84974226126905,127.8));
#4050=CARTESIAN_POINT('',(2.8,6.84974226126905,129.1));
#4051=CARTESIAN_POINT('',(5.30000000000001,6.84974226126905,127.8));
#4052=CARTESIAN_POINT('',(5.30000000000001,6.84974226126905,127.8));
#4053=CARTESIAN_POINT('',(5.30000000000001,6.84974226126905,127.8));
#4054=CARTESIAN_POINT('Origin',(4.30000000000001,-4.80339138777298,127.8));
#4055=CARTESIAN_POINT('',(4.30000000000001,-6.84974226123095,127.8));
#4056=CARTESIAN_POINT('',(4.30000000000001,-4.80339138777298,127.8));
#4057=CARTESIAN_POINT('Origin',(4.10286715942589,-1.61658075373095,127.8));
#4058=CARTESIAN_POINT('',(4.10286715942589,-1.61658075373095,127.8));
#4059=CARTESIAN_POINT('Origin',(4.10286715942589,1.61658075376905,127.8));
#4060=CARTESIAN_POINT('',(4.10286715942589,1.61658075376905,127.8));
#4061=CARTESIAN_POINT('Origin',(4.30000000000001,4.80339138780263,127.8));
#4062=CARTESIAN_POINT('Origin',(1.66533453693773E-15,1.90486515450061E-11,
130.4));
#4063=CARTESIAN_POINT('',(2.39999994635582,-6.84974226123095,130.4));
#4064=CARTESIAN_POINT('',(5.30000000000001,-6.84974226123095,130.4));
#4065=CARTESIAN_POINT('',(2.15,-6.84974226123095,130.4));
#4066=CARTESIAN_POINT('',(2.39999994635582,-4.86210043695888,130.4));
#4067=CARTESIAN_POINT('',(2.39999994635581,-2.43105021846991,130.4));
#4068=CARTESIAN_POINT('',(2.2199514498216,-1.95147194031951,130.4));
#4069=CARTESIAN_POINT('',(2.15559233616197,-0.911055197930639,130.4));
#4070=CARTESIAN_POINT('',(-2.56739074444567E-15,-3.2331615074619,130.4));
#4071=CARTESIAN_POINT('',(-2.56739074444567E-15,-3.2331615074619,130.4));
#4072=CARTESIAN_POINT('',(-2.21995144982159,-1.95147194031951,130.4));
#4073=CARTESIAN_POINT('',(-2.8,-1.61658075373095,130.4));
#4074=CARTESIAN_POINT('',(-2.39999994635582,-4.86210043695888,130.4));
#4075=CARTESIAN_POINT('',(-2.24561658442908,-2.36636944625032,130.4));
#4076=CARTESIAN_POINT('',(-2.39999994635582,-6.84974226123095,130.4));
#4077=CARTESIAN_POINT('',(-2.39999994635581,-3.42487113060595,130.4));
#4078=CARTESIAN_POINT('',(-5.3,-6.84974226123095,130.4));
#4079=CARTESIAN_POINT('',(-2.65,-6.84974226123095,130.4));
#4080=CARTESIAN_POINT('',(-5.3,3.42487113064405,130.4));
#4081=CARTESIAN_POINT('',(2.80000000000001,11.1539230766578,130.4));
#4082=CARTESIAN_POINT('Origin',(0.,0.,130.4));
#4083=CARTESIAN_POINT('',(2.8,-1.61658075373096,130.4));
#4084=CARTESIAN_POINT('',(5.30000000000001,-3.42487113060595,130.4));
#4085=CARTESIAN_POINT('Origin',(-2.8,-4.84974226123095,127.8));
#4086=CARTESIAN_POINT('',(-2.8,-6.84974226123095,127.8));
#4087=CARTESIAN_POINT('',(-2.8,-4.84974226123095,127.8));
#4088=CARTESIAN_POINT('Origin',(-2.60689655172406,-1.72806908157451,127.8));
#4089=CARTESIAN_POINT('Origin',(2.8,1.61658075373095,130.4));
#4090=CARTESIAN_POINT('',(2.80000000000001,11.1823643025482,130.42758740565));
#4091=CARTESIAN_POINT('Ctrl Pts',(2.80000000000001,11.18236430255,130.427587405652));
#4092=CARTESIAN_POINT('Ctrl Pts',(2.80000000000001,11.168126653088,130.413776139036));
#4093=CARTESIAN_POINT('Ctrl Pts',(2.80000000000001,11.1539230766543,130.399999999997));
#4094=CARTESIAN_POINT('',(2.80000000000001,11.1823643025482,127.77241259435));
#4095=CARTESIAN_POINT('',(2.80000000000001,11.1823643025482,93.));
#4096=CARTESIAN_POINT('',(2.80000000000001,11.1539230766578,127.8));
#4097=CARTESIAN_POINT('Ctrl Pts',(2.80000000000001,11.1539230766648,127.799999999993));
#4098=CARTESIAN_POINT('Ctrl Pts',(2.80000000000001,11.1681266530952,127.786223860957));
#4099=CARTESIAN_POINT('Ctrl Pts',(2.80000000000001,11.1823643025538,127.772412594344));
#4100=CARTESIAN_POINT('',(2.8,-1.61658075373096,127.8));
#4101=CARTESIAN_POINT('',(2.8,4.84974226126899,129.1));
#4102=CARTESIAN_POINT('Origin',(2.80000000000001,4.84974226126905,127.8));
#4103=CARTESIAN_POINT('Origin',(-5.55111512312578E-16,0.,127.8));
#4104=CARTESIAN_POINT('',(-5.3,1.6,127.8));
#4105=CARTESIAN_POINT('',(5.3,1.6,127.8));
#4106=CARTESIAN_POINT('',(3.96508223080414E-17,1.6,127.8));
#4107=CARTESIAN_POINT('',(5.30000000000001,-6.84974226123095,127.8));
#4108=CARTESIAN_POINT('Origin',(0.,0.,127.8));
#4109=CARTESIAN_POINT('',(-5.3,-6.84974226123095,127.8));
#4110=CARTESIAN_POINT('Origin',(5.3,1.61658075373095,130.4));
#4111=CARTESIAN_POINT('',(5.3,1.6,127.6));
#4112=CARTESIAN_POINT('',(5.3,1.6,129.1));
#4113=CARTESIAN_POINT('',(5.3,-1.6,127.6));
#4114=CARTESIAN_POINT('',(5.3,0.808290376865474,127.6));
#4115=CARTESIAN_POINT('',(5.3,-1.6,129.1));
#4116=CARTESIAN_POINT('',(5.30000000000001,-6.84974226123095,127.8));
#4117=CARTESIAN_POINT('Origin',(-5.3,-1.61658075373095,130.4));
#4118=CARTESIAN_POINT('',(-5.3,-1.6,127.6));
#4119=CARTESIAN_POINT('',(-5.3,-1.6,129.1));
#4120=CARTESIAN_POINT('',(-5.3,1.6,127.6));
#4121=CARTESIAN_POINT('',(-5.3,-0.808290376865474,127.6));
#4122=CARTESIAN_POINT('',(-5.3,1.6,129.1));
#4123=CARTESIAN_POINT('',(-5.3,-6.84974226123095,127.8));
#4124=CARTESIAN_POINT('Origin',(2.39999994635582,-6.84974226123095,127.8));
#4125=CARTESIAN_POINT('',(2.39999994635582,-6.84974226123095,127.8));
#4126=CARTESIAN_POINT('Origin',(2.39999994635582,-4.86210043695888,127.8));
#4127=CARTESIAN_POINT('',(2.39999994635582,-4.86210043695888,127.8));
#4128=CARTESIAN_POINT('Origin',(2.2199514498216,-1.95147194031951,127.8));
#4129=CARTESIAN_POINT('',(2.2199514498216,-1.95147194031951,129.1));
#4130=CARTESIAN_POINT('Origin',(-2.39999994635582,-4.86210043695888,127.8));
#4131=CARTESIAN_POINT('',(-2.21995144982159,-1.95147194031951,129.1));
#4132=CARTESIAN_POINT('',(-2.39999994635582,-4.86210043695888,127.8));
#4133=CARTESIAN_POINT('Origin',(-2.39999994635582,-6.84974226123095,127.8));
#4134=CARTESIAN_POINT('',(-2.39999994635582,-6.84974226123095,127.8));
#4135=CARTESIAN_POINT('Origin',(-2.8,-6.84974226123095,127.8));
#4136=CARTESIAN_POINT('Origin',(-2.77555756156289E-15,-3.2331615074619,
130.4));
#4137=CARTESIAN_POINT('',(-2.56739074444567E-15,-3.2331615074619,130.4));
#4138=CARTESIAN_POINT('Origin',(0.666647060384507,-9.72718261866614,43.));
#4139=CARTESIAN_POINT('',(0.333068839624779,-10.3425894520981,93.));
#4140=CARTESIAN_POINT('',(0.714508900617241,-10.4255444476986,93.));
#4141=CARTESIAN_POINT('Origin',(0.666647060384507,-9.72718261866614,93.));
#4142=CARTESIAN_POINT('',(0.333068839624771,-10.3425894520981,44.7959021476794));
#4143=CARTESIAN_POINT('',(0.333068839624776,-10.3425894520981,43.));
#4144=CARTESIAN_POINT('',(0.714508900617241,-10.4255444476986,45.));
#4145=CARTESIAN_POINT('Ctrl Pts',(0.333068839624764,-10.3425894520981,44.7959021476794));
#4146=CARTESIAN_POINT('Ctrl Pts',(0.373372396055202,-10.3644357948977,44.8421666906156));
#4147=CARTESIAN_POINT('Ctrl Pts',(0.418435708277783,-10.3836471962353,44.8839301293004));
#4148=CARTESIAN_POINT('Ctrl Pts',(0.50096595859084,-10.408222167683,44.9404344163924));
#4149=CARTESIAN_POINT('Ctrl Pts',(0.541177769418802,-10.4171907490719,44.9623046224247));
#4150=CARTESIAN_POINT('Ctrl Pts',(0.626685301853357,-10.4273660462345,44.9921898492364));
#4151=CARTESIAN_POINT('Ctrl Pts',(0.672066667839108,-10.4284532025587,45.));
#4152=CARTESIAN_POINT('Ctrl Pts',(0.714508900617241,-10.4255444476986,45.));
#4153=CARTESIAN_POINT('',(0.71450890061724,-10.4255444476986,43.));
#4154=CARTESIAN_POINT('Origin',(0.,0.,43.));
#4155=CARTESIAN_POINT('',(-10.45,1.27975590510898E-15,45.));
#4156=CARTESIAN_POINT('Origin',(0.,0.,45.));
#4157=CARTESIAN_POINT('',(-0.715478157878322,-10.4254779749227,45.));
#4158=CARTESIAN_POINT('Origin',(0.,0.,45.));
#4159=CARTESIAN_POINT('',(-0.715478157878322,-10.4254779749227,93.));
#4160=CARTESIAN_POINT('',(-0.715478157878322,-10.4254779749227,43.));
#4161=CARTESIAN_POINT('Origin',(0.,0.,93.));
#4162=CARTESIAN_POINT('Origin',(0.,0.,44.));
#4163=CARTESIAN_POINT('',(-9.95,1.21852356515162E-15,44.));
#4164=CARTESIAN_POINT('',(-0.334030386231306,-10.3425584420727,44.795902147686));
#4165=CARTESIAN_POINT('Ctrl Pts',(-0.334030386233169,-10.3425584420737,
44.7959021476849));
#4166=CARTESIAN_POINT('Ctrl Pts',(-0.303001257651543,-10.3257429890399,
44.7602855360056));
#4167=CARTESIAN_POINT('Ctrl Pts',(-0.268287128242571,-10.3099600521549,
44.7267582129662));
#4168=CARTESIAN_POINT('Ctrl Pts',(-0.19653610541413,-10.2850801968912,44.6738104456847));
#4169=CARTESIAN_POINT('Ctrl Pts',(-0.160314756944972,-10.2753643016786,
44.653086387706));
#4170=CARTESIAN_POINT('Ctrl Pts',(-0.083451108632695,-10.2618339246217,
44.6242033369872));
#4171=CARTESIAN_POINT('Ctrl Pts',(-0.0428326901655878,-10.2579943173799,
44.6159925947387));
#4172=CARTESIAN_POINT('Ctrl Pts',(0.0418790067266658,-10.2579982551929,
44.6159925947387));
#4173=CARTESIAN_POINT('Ctrl Pts',(0.0824970680508744,-10.2618416387027,
44.6242033369872));
#4174=CARTESIAN_POINT('Ctrl Pts',(0.159359458115082,-10.2753791616959,44.653086387706));
#4175=CARTESIAN_POINT('Ctrl Pts',(0.195579903143269,-10.2850984243566,44.6738104456847));
#4176=CARTESIAN_POINT('Ctrl Pts',(0.267328612585536,-10.3099849501872,44.7267582129647));
#4177=CARTESIAN_POINT('Ctrl Pts',(0.302041274507053,-10.3257711143674,44.7602855360021));
#4178=CARTESIAN_POINT('Ctrl Pts',(0.333068839624764,-10.3425894520981,44.7959021476794));
#4179=CARTESIAN_POINT('Ctrl Pts',(-0.715478157878321,-10.4254779749227,
45.));
#4180=CARTESIAN_POINT('Ctrl Pts',(-0.673036195709848,-10.4283906756145,
45.));
#4181=CARTESIAN_POINT('Ctrl Pts',(-0.627654728847561,-10.4273077383895,
44.9921898492364));
#4182=CARTESIAN_POINT('Ctrl Pts',(-0.542146250787627,-10.4171403908855,
44.9623046224247));
#4183=CARTESIAN_POINT('Ctrl Pts',(-0.5019336063266,-10.4081755480177,44.9404344163924));
#4184=CARTESIAN_POINT('Ctrl Pts',(-0.419404966557702,-10.3836094088859,
44.883932795879));
#4185=CARTESIAN_POINT('Ctrl Pts',(-0.374334883655303,-10.3644004471318,
44.8421654396039));
#4186=CARTESIAN_POINT('Ctrl Pts',(-0.334030386232768,-10.3425584420735,
44.7959021476844));
#4187=CARTESIAN_POINT('Origin',(-0.000509381134951858,-10.9579962855301,
43.));
#4188=CARTESIAN_POINT('',(-0.334030386228416,-10.3425584420711,93.));
#4189=CARTESIAN_POINT('Origin',(-0.000509381134951858,-10.9579962855301,
93.));
#4190=CARTESIAN_POINT('',(-0.334030386228416,-10.3425584420711,43.));
#4191=CARTESIAN_POINT('Origin',(-0.667551391321879,-9.72712059861212,43.));
#4192=CARTESIAN_POINT('Origin',(-0.667551391321879,-9.72712059861212,93.));
#4193=CARTESIAN_POINT('Origin',(0.,0.,93.45));
#4194=CARTESIAN_POINT('',(-11.6,-1.42059028701093E-15,93.));
#4195=CARTESIAN_POINT('Origin',(0.,0.,93.));
#4196=CARTESIAN_POINT('',(-12.5,1.53080849893419E-15,93.9));
#4197=CARTESIAN_POINT('',(-12.05,1.47569939297256E-15,93.45));
#4198=CARTESIAN_POINT('Origin',(0.,0.,93.9));
#4199=CARTESIAN_POINT('Origin',(0.,0.,93.9));
#4200=CARTESIAN_POINT('Origin',(0.,0.,93.));
#4201=CARTESIAN_POINT('',(3.76484916077022,11.9195600085174,131.4));
#4202=CARTESIAN_POINT('',(3.76484916077022,11.9195600085174,126.8));
#4203=CARTESIAN_POINT('',(3.76484916077022,11.9195600085174,93.));
#4204=CARTESIAN_POINT('',(-3.76484916077022,11.9195600085174,131.4));
#4205=CARTESIAN_POINT('Origin',(0.,0.,131.4));
#4206=CARTESIAN_POINT('',(-3.76484916077022,11.9195600085174,126.8));
#4207=CARTESIAN_POINT('',(-3.76484916077022,11.9195600085174,93.));
#4208=CARTESIAN_POINT('Origin',(0.,0.,126.8));
#4209=CARTESIAN_POINT('Origin',(0.,0.,93.));
#4210=CARTESIAN_POINT('Origin',(-2.8,1.6,127.8));
#4211=CARTESIAN_POINT('',(0.,1.6,127.6));
#4212=CARTESIAN_POINT('',(-2.8,1.6,127.6));
#4213=CARTESIAN_POINT('',(-2.8,1.6,127.6));
#4214=CARTESIAN_POINT('Origin',(-1.4,8.32667268468867E-16,127.6));
#4215=CARTESIAN_POINT('',(0.,-1.6,127.6));
#4216=CARTESIAN_POINT('',(-2.8,-1.6,127.6));
#4217=CARTESIAN_POINT('Origin',(0.,0.,127.6));
#4218=CARTESIAN_POINT('Origin',(2.8,-1.6,127.8));
#4219=CARTESIAN_POINT('',(-2.8,-1.6,127.6));
#4220=CARTESIAN_POINT('Origin',(1.4,-2.77555756156289E-16,127.6));
#4221=CARTESIAN_POINT('',(1.6,-1.95943487863577E-16,127.6));
#4222=CARTESIAN_POINT('Origin',(0.,0.,127.6));
#4223=CARTESIAN_POINT('Origin',(0.,0.,127.6));
#4224=CARTESIAN_POINT('Origin',(3.28242458038511,11.5509621555328,93.));
#4225=CARTESIAN_POINT('Ctrl Pts',(2.8,11.1823643025482,130.42758740565));
#4226=CARTESIAN_POINT('Ctrl Pts',(3.12386057394577,11.4298108819233,130.746287865144));
#4227=CARTESIAN_POINT('Ctrl Pts',(3.44678855480622,11.6765449109373,131.072473340478));
#4228=CARTESIAN_POINT('Ctrl Pts',(3.76484916077023,11.9195600085174,131.4));
#4229=CARTESIAN_POINT('Ctrl Pts',(3.76484916077022,11.9195600085174,126.8));
#4230=CARTESIAN_POINT('Ctrl Pts',(3.4467885548054,11.6765449109367,127.127526659522));
#4231=CARTESIAN_POINT('Ctrl Pts',(3.12386057394546,11.4298108819231,127.453712134856));
#4232=CARTESIAN_POINT('Ctrl Pts',(2.80000000000001,11.1823643025482,127.77241259435));
#4233=CARTESIAN_POINT('Origin',(0.,0.,130.9));
#4234=CARTESIAN_POINT('Ctrl Pts',(-2.8,11.1823643025482,130.42758740565));
#4235=CARTESIAN_POINT('Ctrl Pts',(-3.12386057394568,11.4298108819232,130.746287865144));
#4236=CARTESIAN_POINT('Ctrl Pts',(-3.44678855480599,11.6765449109372,131.072473340478));
#4237=CARTESIAN_POINT('Ctrl Pts',(-3.76484916077023,11.9195600085174,131.4));
#4238=CARTESIAN_POINT('Origin',(-3.28242458038511,11.5509621555328,93.));
#4239=CARTESIAN_POINT('Ctrl Pts',(-2.8,11.1823643025482,127.77241259435));
#4240=CARTESIAN_POINT('Ctrl Pts',(-3.12386057394539,11.429810881923,127.453712134856));
#4241=CARTESIAN_POINT('Ctrl Pts',(-3.44678855480524,11.6765449109366,127.127526659523));
#4242=CARTESIAN_POINT('Ctrl Pts',(-3.76484916077022,11.9195600085174,126.8));
#4243=CARTESIAN_POINT('Origin',(0.,0.,127.3));
#4244=CARTESIAN_POINT('Origin',(2.8,-1.61658075373096,130.4));
#4245=CARTESIAN_POINT('Origin',(0.,0.,136.));
#4246=CARTESIAN_POINT('',(1.6,1.95943487863577E-16,101.));
#4247=CARTESIAN_POINT('',(1.6,-1.95943487863577E-16,136.));
#4248=CARTESIAN_POINT('Origin',(0.,0.,101.));
#4249=CARTESIAN_POINT('Origin',(0.,0.,101.));
#4250=CARTESIAN_POINT('',(0.,0.,0.));
#4251=CARTESIAN_POINT('Origin',(0.673231307773179,11.7807792444402,0.));
#4252=CARTESIAN_POINT('',(0.713168758234299,12.4796390301274,2.));
#4253=CARTESIAN_POINT('',(0.336450500630084,12.3944393196774,1.79800999988011));
#4254=CARTESIAN_POINT('Ctrl Pts',(0.713168758234299,12.4796390301274,2.));
#4255=CARTESIAN_POINT('Ctrl Pts',(0.671048027684796,12.482046086055,2.));
#4256=CARTESIAN_POINT('Ctrl Pts',(0.626062954646506,12.4804914493717,1.99222717802877));
#4257=CARTESIAN_POINT('Ctrl Pts',(0.541393477638923,12.4695758750422,1.96250489067804));
#4258=CARTESIAN_POINT('Ctrl Pts',(0.501621760883197,12.4603322813119,1.94076159470902));
#4259=CARTESIAN_POINT('Ctrl Pts',(0.420322353794983,12.4353910237037,1.88480738472847));
#4260=CARTESIAN_POINT('Ctrl Pts',(0.376063578387754,12.4161792451491,1.84362366435055));
#4261=CARTESIAN_POINT('Ctrl Pts',(0.336450500630069,12.3944393196774,1.79800999988012));
#4262=CARTESIAN_POINT('',(0.33645050063004,12.3944393196773,92.20099500006));
#4263=CARTESIAN_POINT('',(0.336450500630084,12.3944393196774,0.));
#4264=CARTESIAN_POINT('',(0.713168758234299,12.4796390301274,92.1));
#4265=CARTESIAN_POINT('Ctrl Pts',(0.336450500630022,12.3944393196773,92.20099500006));
#4266=CARTESIAN_POINT('Ctrl Pts',(0.363017823092372,12.4090196462515,92.1856991305988));
#4267=CARTESIAN_POINT('Ctrl Pts',(0.391107285912332,12.4221773085326,92.1717008245224));
#4268=CARTESIAN_POINT('Ctrl Pts',(0.465563527467475,12.4510195332031,92.1403591305443));
#4269=CARTESIAN_POINT('Ctrl Pts',(0.513698874618515,12.4641944274027,92.125320851793));
#4270=CARTESIAN_POINT('Ctrl Pts',(0.612514157143982,12.4799305614617,92.1051431648282));
#4271=CARTESIAN_POINT('Ctrl Pts',(0.663192818461905,12.4824949844401,92.1));
#4272=CARTESIAN_POINT('Ctrl Pts',(0.713168758234299,12.4796390301274,92.1));
#4273=CARTESIAN_POINT('',(0.713168758234299,12.4796390301274,0.));
#4274=CARTESIAN_POINT('Origin',(0.,0.,92.55));
#4275=CARTESIAN_POINT('',(-11.6,1.42059028701093E-15,93.));
#4276=CARTESIAN_POINT('Origin',(0.,0.,93.));
#4277=CARTESIAN_POINT('',(-12.5,-1.53080849893419E-15,92.1));
#4278=CARTESIAN_POINT('',(-12.05,-1.47569939297256E-15,92.55));
#4279=CARTESIAN_POINT('Origin',(0.,0.,92.1));
#4280=CARTESIAN_POINT('',(-0.337079948650683,12.3944222171409,92.2009950000599));
#4281=CARTESIAN_POINT('Ctrl Pts',(-0.337079948650731,12.3944222171409,92.2009950000599));
#4282=CARTESIAN_POINT('Ctrl Pts',(-0.308912806372521,12.3789657598605,92.217211497786));
#4283=CARTESIAN_POINT('Ctrl Pts',(-0.278817174414505,12.3649984193696,92.231897978893));
#4284=CARTESIAN_POINT('Ctrl Pts',(-0.170184018631475,12.3240350223355,92.2750275822202));
#4285=CARTESIAN_POINT('Ctrl Pts',(-0.083940050949497,12.308097271639,92.2919006008919));
#4286=CARTESIAN_POINT('Ctrl Pts',(0.0833149872457949,12.3081015186413,92.2919006008919));
#4287=CARTESIAN_POINT('Ctrl Pts',(0.169558145421947,12.3240436491953,92.2750275822202));
#4288=CARTESIAN_POINT('Ctrl Pts',(0.278189220749124,12.3650125630838,92.2318979788931));
#4289=CARTESIAN_POINT('Ctrl Pts',(0.30828414334043,12.3789814319557,92.2172114977861));
#4290=CARTESIAN_POINT('Ctrl Pts',(0.33645050063003,12.3944393196773,92.20099500006));
#4291=CARTESIAN_POINT('',(-0.71380253261477,12.47960279594,92.1));
#4292=CARTESIAN_POINT('Ctrl Pts',(-0.71380253261477,12.47960279594,92.1));
#4293=CARTESIAN_POINT('Ctrl Pts',(-0.663826737945737,12.4824612882644,92.1));
#4294=CARTESIAN_POINT('Ctrl Pts',(-0.61314794645959,12.4798994389923,92.1051431648282));
#4295=CARTESIAN_POINT('Ctrl Pts',(-0.514331864905977,12.4641683232627,92.125320851793));
#4296=CARTESIAN_POINT('Ctrl Pts',(-0.466195848733361,12.4509958736214,92.1403591305443));
#4297=CARTESIAN_POINT('Ctrl Pts',(-0.391739321466928,12.4221578868474,92.1717003282688));
#4298=CARTESIAN_POINT('Ctrl Pts',(-0.363648156281438,12.4090012739088,92.1856990472659));
#4299=CARTESIAN_POINT('Ctrl Pts',(-0.337079948650683,12.3944222171409,92.2009950000599));
#4300=CARTESIAN_POINT('Origin',(0.,0.,92.1));
#4301=CARTESIAN_POINT('Origin',(-0.00033030651300614,13.0080993949145,0.));
#4302=CARTESIAN_POINT('',(-0.337079948651822,12.3944222171415,1.79800999988277));
#4303=CARTESIAN_POINT('Ctrl Pts',(0.33645050063007,12.3944393196774,1.7980099998801));
#4304=CARTESIAN_POINT('Ctrl Pts',(0.305021513822502,12.3771908787703,1.76182015198049));
#4305=CARTESIAN_POINT('Ctrl Pts',(0.269794024546314,12.3609929218696,1.72775090846753));
#4306=CARTESIAN_POINT('Ctrl Pts',(0.197189171195203,12.3356059692373,1.67427480804528));
#4307=CARTESIAN_POINT('Ctrl Pts',(0.160700780930928,12.325738281937,1.65345034783248));
#4308=CARTESIAN_POINT('Ctrl Pts',(0.0832669540434189,12.3119986938322,1.62443936106835));
#4309=CARTESIAN_POINT('Ctrl Pts',(0.0423464452550172,12.3081004783528,1.61619879821627));
#4310=CARTESIAN_POINT('Ctrl Pts',(-0.0429715089587193,12.3080983119275,
1.61619879821627));
#4311=CARTESIAN_POINT('Ctrl Pts',(-0.0838922156642342,12.3119944492642,
1.62443936106835));
#4312=CARTESIAN_POINT('Ctrl Pts',(-0.161326740213383,12.325730104894,1.65345034783248));
#4313=CARTESIAN_POINT('Ctrl Pts',(-0.197815631558599,12.335595939128,1.67427480804528));
#4314=CARTESIAN_POINT('Ctrl Pts',(-0.270421925417504,12.3609792574143,1.72775101992666));
#4315=CARTESIAN_POINT('Ctrl Pts',(-0.305649968482751,12.3771753079232,1.76182001675051));
#4316=CARTESIAN_POINT('Ctrl Pts',(-0.33707994865284,12.3944222171421,1.79800999988262));
#4317=CARTESIAN_POINT('',(-0.337079948650674,12.3944222171409,0.));
#4318=CARTESIAN_POINT('Origin',(-0.673829590788343,11.7807450393673,0.));
#4319=CARTESIAN_POINT('',(-0.71380253261477,12.47960279594,2.));
#4320=CARTESIAN_POINT('Ctrl Pts',(-0.337079948652406,12.3944222171419,1.79800999988212));
#4321=CARTESIAN_POINT('Ctrl Pts',(-0.376693254662948,12.4161596502842,1.84362265596876));
#4322=CARTESIAN_POINT('Ctrl Pts',(-0.420956946631013,12.4353706018844,1.88480949431664));
#4323=CARTESIAN_POINT('Ctrl Pts',(-0.50225455504813,12.4603067905099,1.94076159470902));
#4324=CARTESIAN_POINT('Ctrl Pts',(-0.542026741186132,12.4695483644318,1.96250489067804));
#4325=CARTESIAN_POINT('Ctrl Pts',(-0.626696772429202,12.4804596388294,1.99222717802877));
#4326=CARTESIAN_POINT('Ctrl Pts',(-0.671681924361308,12.4820119909551,2.));
#4327=CARTESIAN_POINT('Ctrl Pts',(-0.71380253261477,12.47960279594,2.));
#4328=CARTESIAN_POINT('',(-0.71380253261477,12.47960279594,0.));
#4329=CARTESIAN_POINT('Origin',(0.,0.,0.));
#4330=CARTESIAN_POINT('',(-12.5,-1.53080849893419E-15,2.));
#4331=CARTESIAN_POINT('Origin',(0.,0.,2.));
#4332=CARTESIAN_POINT('Origin',(0.,0.,2.));
#4333=CARTESIAN_POINT('Origin',(0.,0.,1.));
#4334=CARTESIAN_POINT('',(-11.5,-1.40834381901946E-15,0.));
#4335=CARTESIAN_POINT('',(-12.,-1.46957615897682E-15,1.));
#4336=CARTESIAN_POINT('Origin',(0.,0.,0.));
#4337=CARTESIAN_POINT('Origin',(-3.17542648054294,-3.2,42.75));
#4338=CARTESIAN_POINT('',(-5.31162247654456,7.21644966006352E-15,43.));
#4339=CARTESIAN_POINT('',(-2.65581123827228,-4.6,43.));
#4340=CARTESIAN_POINT('',(-3.39193283148905,-3.325,43.));
#4341=CARTESIAN_POINT('',(-2.36713610367747,-4.1,42.5));
#4342=CARTESIAN_POINT('',(-2.65581123827228,-4.6,43.));
#4343=CARTESIAN_POINT('',(-4.73427220735493,3.16587034365767E-15,42.5));
#4344=CARTESIAN_POINT('',(-2.95892012959683,-3.075,42.5));
#4345=CARTESIAN_POINT('',(-5.31162247654456,7.21644966006352E-15,43.));
#4346=CARTESIAN_POINT('Origin',(4.35899453238167,-1.15,42.75));
#4347=CARTESIAN_POINT('',(2.65581123827228,-4.6,43.));
#4348=CARTESIAN_POINT('',(5.31162247654456,-2.22044604925031E-15,43.));
#4349=CARTESIAN_POINT('',(4.57550088332778,-1.275,43.));
#4350=CARTESIAN_POINT('',(4.73427220735493,-1.31838984174237E-15,42.5));
#4351=CARTESIAN_POINT('',(5.31162247654456,-2.22044604925031E-15,43.));
#4352=CARTESIAN_POINT('',(2.36713610367747,-4.1,42.5));
#4353=CARTESIAN_POINT('',(4.14248818143557,-1.025,42.5));
#4354=CARTESIAN_POINT('',(2.36713610367747,-4.1,42.5));
#4355=CARTESIAN_POINT('Origin',(3.17542648054294,3.2,42.75));
#4356=CARTESIAN_POINT('',(2.65581123827228,4.6,43.));
#4357=CARTESIAN_POINT('',(3.39193283148905,3.325,43.));
#4358=CARTESIAN_POINT('',(2.36713610367747,4.1,42.5));
#4359=CARTESIAN_POINT('',(2.65581123827228,4.6,43.));
#4360=CARTESIAN_POINT('',(2.95892012959683,3.075,42.5));
#4361=CARTESIAN_POINT('Origin',(-1.18356805183873,4.35,42.75));
#4362=CARTESIAN_POINT('',(-2.36713610367746,4.1,42.5));
#4363=CARTESIAN_POINT('',(-1.18356805183873,4.1,42.5));
#4364=CARTESIAN_POINT('',(-2.65581123827228,4.6,43.));
#4365=CARTESIAN_POINT('',(-1.18356805183873,4.6,43.));
#4366=CARTESIAN_POINT('',(-2.65581123827228,4.6,43.));
#4367=CARTESIAN_POINT('Origin',(-4.35899453238168,1.15,42.75));
#4368=CARTESIAN_POINT('',(-4.14248818143557,1.025,42.5));
#4369=CARTESIAN_POINT('',(-4.57550088332779,1.275,43.));
#4370=CARTESIAN_POINT('Origin',(1.18356805183873,-4.35,42.75));
#4371=CARTESIAN_POINT('',(1.18356805183873,-4.6,43.));
#4372=CARTESIAN_POINT('',(1.18356805183873,-4.1,42.5));
#4373=CARTESIAN_POINT('Origin',(-2.36713610367747,-4.1,43.));
#4374=CARTESIAN_POINT('',(-2.36713610367747,-4.1,38.5));
#4375=CARTESIAN_POINT('',(-2.36713610367747,-4.1,43.));
#4376=CARTESIAN_POINT('',(-4.73427220735493,3.16587034365767E-15,38.5));
#4377=CARTESIAN_POINT('',(-4.73427220735493,3.16587034365767E-15,38.5));
#4378=CARTESIAN_POINT('',(-4.73427220735493,3.16587034365767E-15,43.));
#4379=CARTESIAN_POINT('Origin',(2.36713610367747,-4.1,43.));
#4380=CARTESIAN_POINT('',(2.36713610367747,-4.1,38.5));
#4381=CARTESIAN_POINT('',(2.36713610367747,-4.1,43.));
#4382=CARTESIAN_POINT('',(-2.36713610367747,-4.1,38.5));
#4383=CARTESIAN_POINT('Origin',(4.73427220735493,-1.11022302462516E-15,
43.));
#4384=CARTESIAN_POINT('',(4.73427220735493,-1.31838984174237E-15,38.5));
#4385=CARTESIAN_POINT('',(4.73427220735493,-1.31838984174237E-15,43.));
#4386=CARTESIAN_POINT('',(2.36713610367747,-4.1,38.5));
#4387=CARTESIAN_POINT('Origin',(0.,0.,43.));
#4388=CARTESIAN_POINT('',(-0.349999999999999,-10.5979271710903,43.));
#4389=CARTESIAN_POINT('',(0.349999999999999,-10.5979271710903,43.));
#4390=CARTESIAN_POINT('Origin',(2.18575157973078E-15,-9.99170938844124,
43.));
#4391=CARTESIAN_POINT('',(0.400817842703177,-10.568587475926,43.));
#4392=CARTESIAN_POINT('',(0.306024491031507,-10.6233164430311,43.));
#4393=CARTESIAN_POINT('',(0.703891727534226,-10.4763799299142,43.));
#4394=CARTESIAN_POINT('Origin',(0.750817842703175,-11.1748052585751,43.));
#4395=CARTESIAN_POINT('',(-0.703891727534218,-10.4763799299142,43.));
#4396=CARTESIAN_POINT('Origin',(0.,0.,43.));
#4397=CARTESIAN_POINT('',(-0.400817842703165,-10.568587475926,43.));
#4398=CARTESIAN_POINT('Origin',(-0.750817842703166,-11.1748052585751,43.));
#4399=CARTESIAN_POINT('',(-0.0340027212257199,-10.7803682850539,43.));
#4400=CARTESIAN_POINT('Origin',(2.18575157973078E-15,-9.99170938844124,
93.));
#4401=CARTESIAN_POINT('',(-0.349999999999999,-10.5979271710903,93.));
#4402=CARTESIAN_POINT('',(-0.349999999999999,-10.5979271710903,93.));
#4403=CARTESIAN_POINT('',(0.349999999999999,-10.5979271710903,93.));
#4404=CARTESIAN_POINT('Origin',(2.18575157973078E-15,-9.99170938844124,
93.));
#4405=CARTESIAN_POINT('',(0.349999999999999,-10.5979271710903,93.));
#4406=CARTESIAN_POINT('Origin',(0.544043539611564,-10.4858960812611,93.));
#4407=CARTESIAN_POINT('',(0.400817842703177,-10.568587475926,93.));
#4408=CARTESIAN_POINT('',(2.61029030921117,-9.29294795262059,93.));
#4409=CARTESIAN_POINT('',(0.400817842703178,-10.568587475926,0.));
#4410=CARTESIAN_POINT('Origin',(0.750817842703175,-11.1748052585751,0.));
#4411=CARTESIAN_POINT('',(0.703891727534226,-10.4763799299142,93.));
#4412=CARTESIAN_POINT('Origin',(0.750817842703175,-11.1748052585751,93.));
#4413=CARTESIAN_POINT('',(0.703891727534226,-10.4763799299142,0.));
#4414=CARTESIAN_POINT('Origin',(-0.750817842703166,-11.1748052585751,0.));
#4415=CARTESIAN_POINT('',(-0.703891727534218,-10.4763799299142,93.));
#4416=CARTESIAN_POINT('',(-0.400817842703164,-10.568587475926,93.));
#4417=CARTESIAN_POINT('Origin',(-0.750817842703166,-11.1748052585751,93.));
#4418=CARTESIAN_POINT('',(-0.400817842703164,-10.568587475926,0.));
#4419=CARTESIAN_POINT('',(-0.703891727534218,-10.4763799299142,0.));
#4420=CARTESIAN_POINT('Origin',(0.,0.,0.));
#4421=CARTESIAN_POINT('Origin',(0.,0.,93.));
#4422=CARTESIAN_POINT('Origin',(0.,-10.7999997653067,93.));
#4423=CARTESIAN_POINT('',(-2.33826853940541,-9.44999979464336,93.));
#4424=CARTESIAN_POINT('Origin',(0.,0.,0.));
#4425=CARTESIAN_POINT('',(-4.5,5.51091059616309E-16,0.));
#4426=CARTESIAN_POINT('Origin',(0.,0.,0.));
#4427=CARTESIAN_POINT('Origin',(0.,0.,93.));
#4428=CARTESIAN_POINT('Origin',(3.74165738677394,2.5,29.));
#4429=CARTESIAN_POINT('',(3.74165738677394,2.5,29.));
#4430=CARTESIAN_POINT('',(-3.74165738677394,2.5,29.));
#4431=CARTESIAN_POINT('',(0.,2.5,29.));
#4432=CARTESIAN_POINT('',(3.74165738677394,2.5,29.2));
#4433=CARTESIAN_POINT('',(3.74165738677394,2.5,29.));
#4434=CARTESIAN_POINT('',(0.,2.5,29.2));
#4435=CARTESIAN_POINT('',(3.74165738677394,2.5,29.2));
#4436=CARTESIAN_POINT('',(-3.74165738677394,2.5,29.2));
#4437=CARTESIAN_POINT('',(3.74165738677394,2.5,29.2));
#4438=CARTESIAN_POINT('',(-3.74165738677394,2.5,29.));
#4439=CARTESIAN_POINT('Origin',(2.25,0.,29.2));
#4440=CARTESIAN_POINT('',(3.74165738677394,-2.5,29.2));
#4441=CARTESIAN_POINT('Origin',(0.,0.,29.2));
#4442=CARTESIAN_POINT('',(0.,-2.5,29.2));
#4443=CARTESIAN_POINT('',(3.74165738677394,-2.5,29.2));
#4444=CARTESIAN_POINT('Origin',(0.,0.,29.2));
#4445=CARTESIAN_POINT('Origin',(-3.74165738677394,-2.5,29.));
#4446=CARTESIAN_POINT('',(-3.74165738677394,-2.5,29.));
#4447=CARTESIAN_POINT('',(3.74165738677394,-2.5,29.));
#4448=CARTESIAN_POINT('',(-1.87082869338697,-2.5,29.));
#4449=CARTESIAN_POINT('',(-3.74165738677394,-2.5,29.2));
#4450=CARTESIAN_POINT('',(-3.74165738677394,-2.5,29.));
#4451=CARTESIAN_POINT('',(3.74165738677394,-2.5,29.2));
#4452=CARTESIAN_POINT('',(3.74165738677394,-2.5,29.));
#4453=CARTESIAN_POINT('Origin',(-2.25,0.,29.2));
#4454=CARTESIAN_POINT('',(-4.5,-5.51091059616309E-16,29.2));
#4455=CARTESIAN_POINT('Origin',(0.,0.,29.2));
#4456=CARTESIAN_POINT('Origin',(0.,0.,29.2));
#4457=CARTESIAN_POINT('',(-2.5,-3.06161699786838E-16,29.2));
#4458=CARTESIAN_POINT('Origin',(0.,0.,29.2));
#4459=CARTESIAN_POINT('Origin',(0.,0.,29.2));
#4460=CARTESIAN_POINT('Origin',(0.,0.,29.));
#4461=CARTESIAN_POINT('Origin',(0.,0.,29.));
#4462=CARTESIAN_POINT('Origin',(2.36713610367747,4.1,43.));
#4463=CARTESIAN_POINT('',(2.36713610367747,4.1,38.5));
#4464=CARTESIAN_POINT('',(2.36713610367747,4.1,43.));
#4465=CARTESIAN_POINT('',(4.73427220735493,-1.31838984174237E-15,38.5));
#4466=CARTESIAN_POINT('Origin',(-2.36713610367746,4.1,43.));
#4467=CARTESIAN_POINT('',(-2.36713610367746,4.1,38.5));
#4468=CARTESIAN_POINT('',(-2.36713610367746,4.1,43.));
#4469=CARTESIAN_POINT('',(2.36713610367747,4.1,38.5));
#4470=CARTESIAN_POINT('Origin',(-4.73427220735493,3.33066907387547E-15,
43.));
#4471=CARTESIAN_POINT('',(-2.36713610367746,4.1,38.5));
#4472=CARTESIAN_POINT('Origin',(5.55111512312578E-16,5.55111512312578E-16,
38.5));
#4473=CARTESIAN_POINT('',(-2.5,-3.06161699786838E-16,38.5));
#4474=CARTESIAN_POINT('Origin',(0.,0.,38.5));
#4475=CARTESIAN_POINT('Origin',(0.,0.,0.));
#4476=CARTESIAN_POINT('',(-4.5,-5.51091059616309E-16,0.));
#4477=CARTESIAN_POINT('Origin',(0.,0.,29.));
#4478=CARTESIAN_POINT('Origin',(0.,0.,29.));
#4479=CARTESIAN_POINT('Origin',(0.,0.,0.));
#4480=CARTESIAN_POINT('',(-2.5,-3.06161699786838E-16,0.));
#4481=CARTESIAN_POINT('',(0.,0.,0.));
#4482=CARTESIAN_POINT('Origin',(0.,0.,-49.75));
#4483=CARTESIAN_POINT('',(2.45050000000008,3.00099698131059E-16,-49.5995000000187));
#4484=CARTESIAN_POINT('Origin',(7.63947482520283E-14,0.,-49.5995000000187));
#4485=CARTESIAN_POINT('',(2.05000000001828,-2.51052593827446E-16,-50.));
#4486=CARTESIAN_POINT('',(2.30000000001855,-2.81668763806163E-16,-49.75));
#4487=CARTESIAN_POINT('Origin',(0.,0.,-50.));
#4488=CARTESIAN_POINT('Origin',(-2.54583833239332E-14,0.,4.49999999999957));
#4489=CARTESIAN_POINT('',(4.24999999999996,-5.20474889637623E-16,4.49999999999958));
#4490=CARTESIAN_POINT('Origin',(-2.54583833239332E-14,0.,4.49999999999957));
#4491=CARTESIAN_POINT('',(3.74999999999996,-4.59242549680256E-16,4.99999999999957));
#4492=CARTESIAN_POINT('Origin',(3.74999999999996,-4.59242549680256E-16,
4.49999999999957));
#4493=CARTESIAN_POINT('Origin',(-2.63997333509753E-14,0.,4.99999999999957));
#4494=CARTESIAN_POINT('Origin',(-4.25000000000001,0.,4.99999999999956));
#4495=CARTESIAN_POINT('',(-2.,-1.15470053837925,5.));
#4496=CARTESIAN_POINT('',(-2.,1.15470053837925,5.));
#4497=CARTESIAN_POINT('',(-2.,-0.577350269189625,4.99999999999956));
#4498=CARTESIAN_POINT('',(1.66656766153242E-15,2.3094010767585,5.));
#4499=CARTESIAN_POINT('',(-3.09375,0.523223681453098,4.99999999999956));
#4500=CARTESIAN_POINT('',(2.,1.15470053837925,5.));
#4501=CARTESIAN_POINT('',(-1.09375,2.94087793368466,4.99999999999957));
#4502=CARTESIAN_POINT('',(2.,-1.15470053837925,5.));
#4503=CARTESIAN_POINT('',(2.,0.577350269189625,4.99999999999957));
#4504=CARTESIAN_POINT('',(-4.81385764583564E-16,-2.3094010767585,5.));
#4505=CARTESIAN_POINT('',(-0.093750000000004,-2.36352766449503,4.99999999999957));
#4506=CARTESIAN_POINT('',(-2.09375,-1.10057395064272,4.99999999999956));
#4507=CARTESIAN_POINT('Origin',(-2.16929832157642E-14,0.,2.4999999999992));
#4508=CARTESIAN_POINT('',(4.24999999999997,-5.20474889637623E-16,-1.16101572800176E-12));
#4509=CARTESIAN_POINT('Origin',(-1.6986233080553E-14,0.,-1.16559996315473E-12));
#4510=CARTESIAN_POINT('',(4.24999999999996,-5.20474889637623E-16,2.49999999999921));
#4511=CARTESIAN_POINT('Origin',(-2.,1.15470053837925,2.5));
#4512=CARTESIAN_POINT('',(-2.,1.15470053837925,2.5));
#4513=CARTESIAN_POINT('',(-5.55111512312578E-16,8.32667268468867E-16,2.32502267294815));
#4514=CARTESIAN_POINT('',(-1.50285396607991,0.867673141868933,2.45650535791512));
#4515=CARTESIAN_POINT('',(-2.,-1.15470053837925,2.5));
#4516=CARTESIAN_POINT('',(-2.,1.15470053837925,2.5));
#4517=CARTESIAN_POINT('',(-1.50285396607991,-0.867673141868931,2.45650535791512));
#4518=CARTESIAN_POINT('Origin',(-2.,-1.15470053837925,2.5));
#4519=CARTESIAN_POINT('',(-4.81385764583564E-16,-2.3094010767585,2.5));
#4520=CARTESIAN_POINT('',(-2.,-1.15470053837925,2.5));
#4521=CARTESIAN_POINT('',(-5.55111512312578E-16,-1.73534628373786,2.45650535791512));
#4522=CARTESIAN_POINT('Origin',(-4.81385764583564E-16,-2.3094010767585,
2.5));
#4523=CARTESIAN_POINT('',(2.,-1.15470053837925,2.5));
#4524=CARTESIAN_POINT('',(-4.81385764583564E-16,-2.3094010767585,2.5));
#4525=CARTESIAN_POINT('',(1.50285396607991,-0.867673141868933,2.45650535791512));
#4526=CARTESIAN_POINT('Origin',(2.,-1.15470053837925,2.5));
#4527=CARTESIAN_POINT('',(2.,1.15470053837925,2.5));
#4528=CARTESIAN_POINT('',(2.,-1.15470053837925,2.5));
#4529=CARTESIAN_POINT('',(1.50285396607991,0.867673141868932,2.45650535791512));
#4530=CARTESIAN_POINT('Origin',(2.,1.15470053837925,2.5));
#4531=CARTESIAN_POINT('',(1.66656766153242E-15,2.3094010767585,2.5));
#4532=CARTESIAN_POINT('',(2.,1.15470053837925,2.5));
#4533=CARTESIAN_POINT('',(9.71445146547012E-16,1.73534628373786,2.45650535791512));
#4534=CARTESIAN_POINT('Origin',(1.66656766153242E-15,2.3094010767585,2.5));
#4535=CARTESIAN_POINT('',(1.66656766153242E-15,2.3094010767585,2.5));
#4536=CARTESIAN_POINT('Origin',(-2.,-1.15470053837925,5.));
#4537=CARTESIAN_POINT('',(-2.,-1.15470053837925,5.));
#4538=CARTESIAN_POINT('',(-2.,1.15470053837925,5.));
#4539=CARTESIAN_POINT('Origin',(-5.55111512312578E-16,-2.3094010767585,
5.));
#4540=CARTESIAN_POINT('',(-4.81385764583564E-16,-2.3094010767585,5.));
#4541=CARTESIAN_POINT('Origin',(2.,-1.15470053837925,5.));
#4542=CARTESIAN_POINT('',(2.,-1.15470053837925,5.));
#4543=CARTESIAN_POINT('Origin',(2.,1.15470053837925,5.));
#4544=CARTESIAN_POINT('',(2.,1.15470053837925,5.));
#4545=CARTESIAN_POINT('Origin',(1.66533453693773E-15,2.3094010767585,5.));
#4546=CARTESIAN_POINT('',(1.66656766153242E-15,2.3094010767585,5.));
#4547=CARTESIAN_POINT('Origin',(-2.,1.15470053837925,5.));
#4548=CARTESIAN_POINT('Origin',(3.00812682715499E-14,0.,-25.0000000000003));
#4549=CARTESIAN_POINT('',(2.45049999999998,3.00099698131059E-16,-6.80559324443026E-13));
#4550=CARTESIAN_POINT('',(2.45050000000003,-3.00099698131059E-16,-25.0000000000003));
#4551=CARTESIAN_POINT('Origin',(-1.69862330805539E-14,0.,-6.83897383169096E-13));
#4552=CARTESIAN_POINT('Origin',(7.71605002114484E-14,0.,-50.));
#4553=CARTESIAN_POINT('Origin',(-2.5,0.,-6.9035378728505E-13));
#4554=CARTESIAN_POINT('',(0.,0.,0.));
#4555=CARTESIAN_POINT('Origin',(0.00207392470908924,4.61999953450607,2.5));
#4556=CARTESIAN_POINT('',(7.07953645592158E-15,4.618802153517,0.403453611443332));
#4557=CARTESIAN_POINT('',(6.41793940437826E-15,4.618802153517,2.09654638855667));
#4558=CARTESIAN_POINT('',(6.93889390390723E-15,4.618802153517,2.5));
#4559=CARTESIAN_POINT('',(-4.,2.30940107675851,0.403453611443333));
#4560=CARTESIAN_POINT('Ctrl Pts',(-4.,2.30940107675851,0.403453611443333));
#4561=CARTESIAN_POINT('Ctrl Pts',(-1.99999999999999,3.46410161513776,-0.263213055223337));
#4562=CARTESIAN_POINT('Ctrl Pts',(7.07953645592158E-15,4.618802153517,0.403453611443332));
#4563=CARTESIAN_POINT('',(-4.,2.30940107675851,2.09654638855667));
#4564=CARTESIAN_POINT('',(-4.,2.30940107675851,2.5));
#4565=CARTESIAN_POINT('Ctrl Pts',(6.41793940437826E-15,4.618802153517,2.09654638855667));
#4566=CARTESIAN_POINT('Ctrl Pts',(-2.,3.46410161513776,2.76321305522333));
#4567=CARTESIAN_POINT('Ctrl Pts',(-4.,2.30940107675851,2.09654638855667));
#4568=CARTESIAN_POINT('Origin',(-4.,2.31179583873664,2.5));
#4569=CARTESIAN_POINT('',(-4.,-2.3094010767585,0.403453611443333));
#4570=CARTESIAN_POINT('Ctrl Pts',(-4.,-2.3094010767585,0.403453611443333));
#4571=CARTESIAN_POINT('Ctrl Pts',(-4.,4.71844785465692E-15,-0.263213055223335));
#4572=CARTESIAN_POINT('Ctrl Pts',(-4.,2.30940107675851,0.403453611443333));
#4573=CARTESIAN_POINT('',(-4.,-2.3094010767585,2.09654638855667));
#4574=CARTESIAN_POINT('',(-4.,-2.3094010767585,2.5));
#4575=CARTESIAN_POINT('Ctrl Pts',(-4.,2.30940107675851,2.09654638855667));
#4576=CARTESIAN_POINT('Ctrl Pts',(-4.,3.33066907387547E-15,2.76321305522333));
#4577=CARTESIAN_POINT('Ctrl Pts',(-4.,-2.3094010767585,2.09654638855667));
#4578=CARTESIAN_POINT('Origin',(0.,0.,0.202072594216369));
#4579=CARTESIAN_POINT('',(3.92,-4.80061545265762E-16,-7.28583859910259E-16));
#4580=CARTESIAN_POINT('Origin',(0.,0.,-5.55111512312578E-16));
#4581=CARTESIAN_POINT('',(4.,-5.02521708930435E-16,0.0461880215351685));
#4582=CARTESIAN_POINT('',(4.27,-5.2292418323592E-16,0.202072594216369));
#4583=CARTESIAN_POINT('',(4.,-2.30940107675851,0.403453611443333));
#4584=CARTESIAN_POINT('Ctrl Pts',(4.,-5.15184698201928E-16,0.0461880215351685));
#4585=CARTESIAN_POINT('Ctrl Pts',(4.,-1.07179676972449,0.0461880215351681));
#4586=CARTESIAN_POINT('Ctrl Pts',(4.,-2.30940107675851,0.403453611443333));
#4587=CARTESIAN_POINT('',(-5.31644643544339E-15,-4.61880215351701,0.403453611443333));
#4588=CARTESIAN_POINT('Ctrl Pts',(4.,-2.30940107675851,0.403453611443333));
#4589=CARTESIAN_POINT('Ctrl Pts',(1.99999999999999,-3.46410161513776,-0.263213055223334));
#4590=CARTESIAN_POINT('Ctrl Pts',(-5.31644643544339E-15,-4.61880215351701,
0.403453611443333));
#4591=CARTESIAN_POINT('Ctrl Pts',(-5.16753804331609E-15,-4.61880215351701,
0.403453611443333));
#4592=CARTESIAN_POINT('Ctrl Pts',(-2.,-3.46410161513775,-0.263213055223335));
#4593=CARTESIAN_POINT('Ctrl Pts',(-4.,-2.3094010767585,0.403453611443333));
#4594=CARTESIAN_POINT('',(4.,2.3094010767585,0.403453611443333));
#4595=CARTESIAN_POINT('Ctrl Pts',(7.06110501898932E-15,4.618802153517,0.403453611443332));
#4596=CARTESIAN_POINT('Ctrl Pts',(2.,3.46410161513775,-0.263213055223335));
#4597=CARTESIAN_POINT('Ctrl Pts',(4.,2.3094010767585,0.403453611443333));
#4598=CARTESIAN_POINT('Ctrl Pts',(4.,2.3094010767585,0.403453611443333));
#4599=CARTESIAN_POINT('Ctrl Pts',(4.,1.07179676972449,0.0461880215351689));
#4600=CARTESIAN_POINT('Ctrl Pts',(4.,-5.15184698201928E-16,0.0461880215351685));
#4601=CARTESIAN_POINT('Origin',(4.00207392470908,2.30820369576943,2.5));
#4602=CARTESIAN_POINT('',(4.,2.3094010767585,2.09654638855667));
#4603=CARTESIAN_POINT('Ctrl Pts',(4.,2.3094010767585,2.09654638855667));
#4604=CARTESIAN_POINT('Ctrl Pts',(2.,3.46410161513775,2.76321305522333));
#4605=CARTESIAN_POINT('Ctrl Pts',(6.30497909053243E-15,4.618802153517,2.09654638855667));
#4606=CARTESIAN_POINT('',(4.,2.3094010767585,2.5));
#4607=CARTESIAN_POINT('Origin',(4.,-2.31179583873664,2.5));
#4608=CARTESIAN_POINT('',(4.,-4.38123621655194E-16,2.45381197846483));
#4609=CARTESIAN_POINT('Ctrl Pts',(4.,-3.86388523651446E-16,2.45381197846483));
#4610=CARTESIAN_POINT('Ctrl Pts',(4.,1.07179676972449,2.45381197846483));
#4611=CARTESIAN_POINT('Ctrl Pts',(4.,2.3094010767585,2.09654638855667));
#4612=CARTESIAN_POINT('',(4.,-2.30940107675851,2.09654638855667));
#4613=CARTESIAN_POINT('Ctrl Pts',(4.,-2.30940107675851,2.09654638855667));
#4614=CARTESIAN_POINT('Ctrl Pts',(4.,-1.07179676972449,2.45381197846483));
#4615=CARTESIAN_POINT('Ctrl Pts',(4.,-3.86388523651446E-16,2.45381197846483));
#4616=CARTESIAN_POINT('',(4.,-2.30940107675851,2.5));
#4617=CARTESIAN_POINT('Origin',(-0.00207392470908646,-4.61999953450607,
2.5));
#4618=CARTESIAN_POINT('',(-5.00993695388131E-15,-4.61880215351701,2.09654638855667));
#4619=CARTESIAN_POINT('Ctrl Pts',(-5.00993695388131E-15,-4.61880215351701,
2.09654638855667));
#4620=CARTESIAN_POINT('Ctrl Pts',(2.,-3.46410161513776,2.76321305522333));
#4621=CARTESIAN_POINT('Ctrl Pts',(4.,-2.30940107675851,2.09654638855667));
#4622=CARTESIAN_POINT('',(-6.10622663543836E-15,-4.618802153517,2.5));
#4623=CARTESIAN_POINT('Origin',(-4.00207392470908,-2.30820369576943,2.5));
#4624=CARTESIAN_POINT('Ctrl Pts',(-4.,-2.3094010767585,2.09654638855667));
#4625=CARTESIAN_POINT('Ctrl Pts',(-2.,-3.46410161513775,2.76321305522333));
#4626=CARTESIAN_POINT('Ctrl Pts',(-4.81725389903991E-15,-4.61880215351701,
2.09654638855667));
#4627=CARTESIAN_POINT('Origin',(-3.92,0.,2.5));
#4628=CARTESIAN_POINT('',(3.92,-4.80061545265762E-16,2.5));
#4629=CARTESIAN_POINT('Origin',(0.,0.,2.5));
#4630=CARTESIAN_POINT('',(2.117,2.59257727379495E-16,2.5));
#4631=CARTESIAN_POINT('Origin',(0.,0.,2.5));
#4632=CARTESIAN_POINT('Origin',(0.,0.,2.29792740578363));
#4633=CARTESIAN_POINT('',(4.27,-5.2292418323592E-16,2.29792740578363));
#4634=CARTESIAN_POINT('Origin',(-2.5,0.,-2.7390370673318E-16));
#4635=CARTESIAN_POINT('',(2.117,-2.59257727379495E-16,-2.77555756156289E-16));
#4636=CARTESIAN_POINT('Origin',(0.,0.,-2.77555756156289E-16));
#4637=CARTESIAN_POINT('Origin',(0.,0.,1.25));
#4638=CARTESIAN_POINT('',(2.117,-2.59257727379495E-16,1.25));
#4639=CARTESIAN_POINT('',(0.,0.,0.));
#4640=CARTESIAN_POINT('',(0.,0.,0.));
#4641=CARTESIAN_POINT('',(-1.83708358629623E-13,0.,28.922060451619));
#4642=CARTESIAN_POINT('',(-1.70486521954359E-16,6.64265174014175E-17,39.));
#4643=UNCERTAINTY_MEASURE_WITH_UNIT(LENGTH_MEASURE(0.01),#4655,
'DISTANCE_ACCURACY_VALUE',
'Maximum model space distance between geometric entities at asserted c
onnectivities');
#4644=UNCERTAINTY_MEASURE_WITH_UNIT(LENGTH_MEASURE(0.01),#4655,
'DISTANCE_ACCURACY_VALUE',
'Maximum model space distance between geometric entities at asserted c
onnectivities');
#4645=UNCERTAINTY_MEASURE_WITH_UNIT(LENGTH_MEASURE(0.01),#4655,
'DISTANCE_ACCURACY_VALUE',
'Maximum model space distance between geometric entities at asserted c
onnectivities');
#4646=UNCERTAINTY_MEASURE_WITH_UNIT(LENGTH_MEASURE(0.01),#4655,
'DISTANCE_ACCURACY_VALUE',
'Maximum model space distance between geometric entities at asserted c
onnectivities');
#4647=UNCERTAINTY_MEASURE_WITH_UNIT(LENGTH_MEASURE(0.01),#4655,
'DISTANCE_ACCURACY_VALUE',
'Maximum model space distance between geometric entities at asserted c
onnectivities');
#4648=UNCERTAINTY_MEASURE_WITH_UNIT(LENGTH_MEASURE(0.01),#4655,
'DISTANCE_ACCURACY_VALUE',
'Maximum model space distance between geometric entities at asserted c
onnectivities');
#4649=(
GEOMETRIC_REPRESENTATION_CONTEXT(3)
GLOBAL_UNCERTAINTY_ASSIGNED_CONTEXT((#4643))
GLOBAL_UNIT_ASSIGNED_CONTEXT((#4655,#4657,#4658))
REPRESENTATION_CONTEXT('','3D')
);
#4650=(
GEOMETRIC_REPRESENTATION_CONTEXT(3)
GLOBAL_UNCERTAINTY_ASSIGNED_CONTEXT((#4644))
GLOBAL_UNIT_ASSIGNED_CONTEXT((#4655,#4657,#4658))
REPRESENTATION_CONTEXT('','3D')
);
#4651=(
GEOMETRIC_REPRESENTATION_CONTEXT(3)
GLOBAL_UNCERTAINTY_ASSIGNED_CONTEXT((#4645))
GLOBAL_UNIT_ASSIGNED_CONTEXT((#4655,#4657,#4658))
REPRESENTATION_CONTEXT('','3D')
);
#4652=(
GEOMETRIC_REPRESENTATION_CONTEXT(3)
GLOBAL_UNCERTAINTY_ASSIGNED_CONTEXT((#4646))
GLOBAL_UNIT_ASSIGNED_CONTEXT((#4655,#4657,#4658))
REPRESENTATION_CONTEXT('','3D')
);
#4653=(
GEOMETRIC_REPRESENTATION_CONTEXT(3)
GLOBAL_UNCERTAINTY_ASSIGNED_CONTEXT((#4647))
GLOBAL_UNIT_ASSIGNED_CONTEXT((#4655,#4657,#4658))
REPRESENTATION_CONTEXT('','3D')
);
#4654=(
GEOMETRIC_REPRESENTATION_CONTEXT(3)
GLOBAL_UNCERTAINTY_ASSIGNED_CONTEXT((#4648))
GLOBAL_UNIT_ASSIGNED_CONTEXT((#4655,#4657,#4658))
REPRESENTATION_CONTEXT('','3D')
);
#4655=(
LENGTH_UNIT()
NAMED_UNIT(*)
SI_UNIT(.MILLI.,.METRE.)
);
#4656=(
LENGTH_UNIT()
NAMED_UNIT(*)
SI_UNIT($,.METRE.)
);
#4657=(
NAMED_UNIT(*)
PLANE_ANGLE_UNIT()
SI_UNIT($,.RADIAN.)
);
#4658=(
NAMED_UNIT(*)
SI_UNIT($,.STERADIAN.)
SOLID_ANGLE_UNIT()
);
#4659=SHAPE_DEFINITION_REPRESENTATION(#4664,#4673);
#4660=SHAPE_DEFINITION_REPRESENTATION(#4665,#4674);
#4661=SHAPE_DEFINITION_REPRESENTATION(#4666,#4675);
#4662=SHAPE_DEFINITION_REPRESENTATION(#4667,#4676);
#4663=SHAPE_DEFINITION_REPRESENTATION(#4668,#4677);
#4664=PRODUCT_DEFINITION_SHAPE('',$,#4679);
#4665=PRODUCT_DEFINITION_SHAPE('',$,#4680);
#4666=PRODUCT_DEFINITION_SHAPE('',$,#4681);
#4667=PRODUCT_DEFINITION_SHAPE('',$,#4682);
#4668=PRODUCT_DEFINITION_SHAPE('',$,#4683);
#4669=PRODUCT_DEFINITION_SHAPE($,$,#23);
#4670=PRODUCT_DEFINITION_SHAPE($,$,#24);
#4671=PRODUCT_DEFINITION_SHAPE($,$,#25);
#4672=PRODUCT_DEFINITION_SHAPE($,$,#26);
#4673=SHAPE_REPRESENTATION('',(#2734,#2961,#2962,#2963,#2964),#4649);
#4674=SHAPE_REPRESENTATION('',(#2735),#4650);
#4675=SHAPE_REPRESENTATION('',(#2857),#4651);
#4676=SHAPE_REPRESENTATION('',(#2918),#4652);
#4677=SHAPE_REPRESENTATION('',(#2945),#4653);
#4678=PRODUCT_DEFINITION_CONTEXT('part definition',#4695,'design');
#4679=PRODUCT_DEFINITION('LumenPnp-Adj-Plate-Leg',
'LumenPnp-Adj-Plate-Leg',#4684,#4678);
#4680=PRODUCT_DEFINITION('Top','Top',#4685,#4678);
#4681=PRODUCT_DEFINITION('Bottom','Bottom',#4686,#4678);
#4682=PRODUCT_DEFINITION('DIN EN ISO 4762 - M5 x 50 Steel 4.6 Plain',
'Hexagon Socket Head Cap Screw DIN EN ISO 4762 - M5 x 50 Steel 4.6 Pla
in',#4687,#4678);
#4683=PRODUCT_DEFINITION('HN BS 4183 - M5 Steel 6 Plain',
'Hexagon Nut BS 4183 - M5 Steel 6 Plain',#4688,#4678);
#4684=PRODUCT_DEFINITION_FORMATION('',$,#4697);
#4685=PRODUCT_DEFINITION_FORMATION('',$,#4698);
#4686=PRODUCT_DEFINITION_FORMATION('',$,#4699);
#4687=PRODUCT_DEFINITION_FORMATION('',$,#4700);
#4688=PRODUCT_DEFINITION_FORMATION('',$,#4701);
#4689=PRODUCT_RELATED_PRODUCT_CATEGORY('LumenPnp-Adj-Plate-Leg',
'LumenPnp-Adj-Plate-Leg',(#4697));
#4690=PRODUCT_RELATED_PRODUCT_CATEGORY('Top','Top',(#4698));
#4691=PRODUCT_RELATED_PRODUCT_CATEGORY('Bottom','Bottom',(#4699));
#4692=PRODUCT_RELATED_PRODUCT_CATEGORY(
'Hexagon Socket Head Cap Screw DIN EN ISO 4762 - M5 x 50 Steel 4.6 Pla
in',
'Hexagon Socket Head Cap Screw DIN EN ISO 4762 - M5 x 50 Steel 4.6 Pla
in',(#4700));
#4693=PRODUCT_RELATED_PRODUCT_CATEGORY(
'Hexagon Nut BS 4183 - M5 Steel 6 Plain',
'Hexagon Nut BS 4183 - M5 Steel 6 Plain',(#4701));
#4694=APPLICATION_PROTOCOL_DEFINITION('international standard',
'automotive_design',2009,#4695);
#4695=APPLICATION_CONTEXT(
'Core Data for Automotive Mechanical Design Process');
#4696=PRODUCT_CONTEXT('part definition',#4695,'mechanical');
#4697=PRODUCT('LumenPnp-Adj-Plate-Leg','LumenPnp-Adj-Plate-Leg',$,(#4696));
#4698=PRODUCT('Top','Top',$,(#4696));
#4699=PRODUCT('Bottom','Bottom',$,(#4696));
#4700=PRODUCT('DIN EN ISO 4762 - M5 x 50 Steel 4.6 Plain',
'Hexagon Socket Head Cap Screw DIN EN ISO 4762 - M5 x 50 Steel 4.6 Pla
in','Hexagon Socket Head Cap Screw DIN EN ISO 4762 - M5 x 50',(#4696));
#4701=PRODUCT('HN BS 4183 - M5 Steel 6 Plain',
'Hexagon Nut BS 4183 - M5 Steel 6 Plain','Hexagon Nut BS 4183 - M5',(#4696));
#4702=PRESENTATION_STYLE_ASSIGNMENT((#4704));
#4703=PRESENTATION_STYLE_ASSIGNMENT((#4705));
#4704=SURFACE_STYLE_USAGE(.BOTH.,#4706);
#4705=SURFACE_STYLE_USAGE(.BOTH.,#4707);
#4706=SURFACE_SIDE_STYLE('',(#4708));
#4707=SURFACE_SIDE_STYLE('',(#4709));
#4708=SURFACE_STYLE_FILL_AREA(#4710);
#4709=SURFACE_STYLE_FILL_AREA(#4711);
#4710=FILL_AREA_STYLE('Steel - Satin',(#4712));
#4711=FILL_AREA_STYLE('Stainless Steel - Satin',(#4713));
#4712=FILL_AREA_STYLE_COLOUR('Steel - Satin',#4714);
#4713=FILL_AREA_STYLE_COLOUR('Stainless Steel - Satin',#4715);
#4714=COLOUR_RGB('Steel - Satin',0.627450980392157,0.627450980392157,0.627450980392157);
#4715=COLOUR_RGB('Stainless Steel - Satin',0.796078431372549,0.796078431372549,
0.796078431372549);
ENDSEC;
END-ISO-10303-21;
